investimento_marketing,preco_medicamento,mes,demanda
16795,844,11,353
1860,172,5,60
39158,331,12,55
45732,313,1,61
12284,617,2,269
7265,132,10,29
17850,720,3,323
38194,131,4,22
22962,194,9,16
48191,841,1,351
45131,321,3,63
17023,983,3,456
42090,535,6,162
2685,753,5,357
1769,981,3,467
3433,240,4,95
6311,190,11,52
38819,337,7,80
40188,232,3,23
18568,272,9,75
20769,143,8,8
29693,659,2,276
7396,232,5,85
28480,643,4,258
42434,104,12,65
26658,535,5,235
19942,84,3,7
19431,337,10,109
3747,365,11,137
1189,651,1,319
20118,262,8,81
36773,917,9,359
2899,156,8,46
2267,266,4,96
32551,460,12,123
12394,64,2,14
4556,677,4,298
4890,899,9,415
42606,707,10,241
31740,573,9,177
15502,828,5,374
22777,990,5,436
11627,108,10,17
9792,749,3,346
44323,973,6,381
44021,247,7,18
9433,829,12,358
44001,310,10,45
12016,441,12,146
24897,86,9,34
3612,270,7,114
24483,60,3,14
49555,118,12,77
18159,325,7,96
45974,891,1,347
41994,873,2,327
15541,475,4,174
36920,610,7,223
27531,320,9,93
2585,218,5,97
4943,678,8,298
24939,507,7,179
20457,125,5,4
2021,420,3,207
12653,724,3,345
44573,496,6,147
14417,141,10,6
41757,96,11,70
10692,331,4,120
46758,131,3,30
7873,880,4,402
6675,828,3,398
1161,701,12,304
38065,537,10,155
27557,216,11,4
34763,117,11,31
33606,478,12,122
12534,860,6,382
30127,249,7,43
41397,187,4,0
26851,828,3,352
2016,796,3,385
25253,27,11,54
25276,191,3,34
24247,973,9,409
25300,379,11,112
9529,214,11,55
18262,288,12,60
10268,38,3,4
22271,373,3,144
13185,883,8,398
22243,68,4,2
40099,483,7,122
9571,375,3,168
40976,869,8,316
39044,993,3,422
49984,177,5,20
41774,85,1,45
3568,992,12,446
3027,878,5,419
3695,590,6,285
49190,840,7,301
6258,327,2,132
23002,356,2,123
40504,690,9,215
34159,802,10,301
14986,140,1,27
13666,785,2,354
39660,423,2,133
4561,792,10,357
27854,666,7,245
39952,805,6,308
23662,587,9,215
9392,862,11,385
31535,115,7,36
14067,133,3,29
49033,888,3,328
24599,448,1,159
36222,559,8,176
12837,837,1,392
15039,21,11,51
31818,231,2,67
20115,599,11,222
11965,659,12,259
25538,352,7,116
43530,43,1,67
6056,784,12,346
33482,387,4,110
48716,761,9,255
9110,525,8,229
14773,195,11,19
28266,448,8,160
18412,906,12,386
34270,752,3,312
7910,461,5,196
46453,567,4,174
26446,533,11,182
1206,914,12,431
22518,380,8,130
23361,293,11,58
24419,196,7,29
49702,283,7,26
42523,205,10,6
46151,546,10,152
23403,932,7,393
19141,298,1,110
15820,725,7,306
41342,217,4,29
7374,368,12,122
2678,942,3,457
34827,440,12,124
17198,324,5,108
10914,83,2,12
28890,309,8,84
23299,37,12,63
44585,83,12,78
44689,893,9,343
43557,349,5,77
45020,889,3,356
3693,782,10,366
30467,959,7,393
30723,36,1,50
47699,462,10,108
4627,160,3,84
26939,327,9,83
49925,463,2,118
43941,515,11,125
22834,445,9,140
19047,494,11,188
27105,851,1,376
11230,264,4,99
16707,469,12,166
22976,821,10,334
45262,370,6,65
24776,618,7,236
31080,730,3,282
2306,889,9,421
7776,979,4,466
28251,180,5,23
10474,159,8,35
41294,512,12,151
22959,607,3,229
6530,550,8,237
30320,412,11,124
4748,861,1,429
32968,420,8,119
33562,69,11,72
14545,763,11,310
1663,314,12,117
35766,444,10,114
8994,925,8,417
29021,31,6,59
31303,354,5,103
4304,34,9,19
47576,47,6,88
40353,407,1,120
18675,311,12,78
45417,906,6,328
24938,852,1,383
24664,269,6,66
2636,524,3,244
21080,117,6,2
28728,834,6,331
27736,356,1,124
29673,58,9,64
38505,57,8,85
48323,319,2,53
47645,198,2,1
1854,628,5,290
25548,911,10,378
39623,488,2,166
8392,301,11,97
47717,769,1,279
22556,183,2,39
39559,472,5,136
27309,116,11,53
22919,788,10,306
5931,328,7,137
33970,281,5,56
45215,312,1,60
13688,789,7,355
26342,268,6,57
38157,264,7,42
3327,270,2,116
41772,142,5,47
41545,344,8,66
1197,700,12,307
24509,966,7,410
35698,520,6,180
45542,706,6,251
16087,800,12,328
23671,735,1,316
26184,856,1,374
28848,85,7,46
43107,846,3,323
21666,855,6,344
45357,78,12,78
16708,750,5,331
27370,517,3,180
3811,392,6,153
48011,285,3,46
7546,672,8,301
35754,255,7,37
31206,917,9,355
42106,237,5,21
12411,546,12,214
3911,833,1,408
2734,460,11,190
19227,669,10,263
9680,425,11,141
20360,763,8,302
19343,620,2,276
6759,994,6,467
24078,608,1,253
36153,667,6,248
12111,936,4,422
38504,488,5,139
2802,937,10,438
9155,129,7,25
9120,372,6,141
40384,832,1,322
48025,110,9,63
48254,955,6,358
22918,901,6,394
21445,937,9,388
31306,433,12,125
17646,721,10,294
47843,92,5,60
32065,704,11,265
26199,566,6,218
42976,741,6,270
17371,317,7,90
12835,664,9,284
46936,302,5,41
3049,524,5,248
32616,217,4,22
39191,977,10,370
48357,51,4,91
21932,667,12,257
30855,779,8,310
8158,890,2,432
44016,360,10,54
8400,677,8,302
43642,353,2,75
16151,162,1,54
2154,765,10,350
5499,429,9,181
7295,968,11,444
13183,63,8,1
30299,51,6,40
13874,762,4,330
33711,47,2,42
6539,442,8,177
43405,510,3,159
49354,179,10,36
3557,864,4,417
39360,226,5,20
17482,37,4,35
3200,122,11,34
47940,601,8,181
3961,650,9,286
47975,670,1,229
22357,691,2,285
12969,251,12,65
3869,679,4,334
47760,884,1,339
29643,443,11,130
25736,923,6,380
39467,774,12,270
24328,566,5,207
26876,856,7,359
22295,913,12,364
4987,886,6,413
23399,258,3,69
47214,353,5,84
34986,168,3,6
21880,642,9,252
5735,427,2,191
45064,36,6,87
5555,933,9,417
42914,245,10,4
41818,671,7,229
46525,675,5,211
20830,279,2,117
18429,748,2,335
7893,693,4,320
15373,623,10,259
48333,193,12,39
4436,862,2,430
9754,224,12,69
11677,434,8,165
6895,527,10,229
20738,172,7,18
31746,122,7,18
49404,733,3,267
33352,811,7,328
40790,84,8,54
42919,136,5,29
6600,684,1,334
30124,175,1,26
28643,695,12,273
41764,101,11,58
10007,537,4,224
46714,853,2,340
38410,86,7,48
45080,257,3,17
41447,603,12,183
9208,626,4,300
19589,835,9,345
44484,998,2,392
18453,345,12,100
37212,609,8,212
44525,86,1,32
48202,195,3,3
33635,852,4,359
34828,703,6,264
19711,497,1,198
4420,274,8,114
32216,82,2,36
1301,833,5,416
46236,422,6,103
1699,777,8,381
1190,211,3,92
11492,998,12,429
36743,348,9,78
7102,90,12,7
20778,897,5,397
27641,760,8,297
35584,965,4,391
33745,82,12,62
24093,316,9,88
1569,264,8,102
39210,538,5,157
35663,412,3,123
37631,791,1,330
46681,620,5,183
8455,196,5,74
5014,223,4,97
12093,665,10,268
19070,613,10,243
36777,552,8,173
17538,930,3,417
11729,147,12,10
35177,214,10,8
46017,213,9,10
1784,203,3,89
28751,266,4,73
41864,892,6,337
41328,891,9,334
13533,343,10,102
41111,179,2,2
40974,725,2,257
6801,641,2,302
20190,944,5,414
39754,85,6,56
30592,949,3,411
11647,273,3,124
9716,302,2,123
24355,79,11,26
23009,137,6,0
25376,442,1,156
46091,575,9,169
5780,741,11,322
3368,55,10,13
13039,550,4,227
7655,110,2,35
41941,320,12,52
5495,743,6,360
11893,936,5,433
26547,938,3,423
23386,753,3,320
14403,236,5,72
33097,754,4,304
14121,942,5,420
11966,117,2,27
34621,475,11,142
29312,550,1,218
23677,828,5,338
32289,557,11,198
32024,47,1,41
43675,595,3,199
5777,343,8,142
30749,242,11,34
16338,99,8,18
3491,582,9,237
28236,477,1,182
49096,633,4,206
15599,195,6,42
20508,541,7,219
4051,768,5,360
49747,476,7,102
22606,442,11,119
22699,119,10,3
1876,909,8,436
33093,759,10,288
5142,422,6,186
16202,595,11,221
40734,399,4,106
8079,550,1,246
8987,351,11,122
40567,337,5,74
29940,672,10,242
38233,556,10,194
18019,759,10,317
47185,108,4,49
19077,623,5,272
27258,530,4,185
22136,61,9,38
9311,904,3,421
18214,826,3,359
15098,945,10,421
29251,408,7,122
38945,100,2,18
48030,421,9,82
26945,126,8,9
26316,130,12,21
33217,296,6,52
9308,233,9,53
6949,762,11,341
2150,837,3,414
24944,525,4,194
35699,140,7,29
10204,153,1,65
2081,837,1,412
30305,739,1,306
17896,981,12,419
47175,390,8,70
8805,276,6,87
6237,716,3,339
21056,817,10,318
46543,973,7,374
46952,894,6,319
4343,199,5,72
14500,952,3,427
30375,67,4,49
10662,618,11,263
17964,916,11,385
48893,38,1,73
9130,65,9,12
20531,470,5,190
2679,917,2,449
4506,75,12,8
14284,760,11,327
8253,676,9,295
20128,111,12,29
28932,101,7,19
10435,756,8,324
45078,98,3,59
14296,681,7,300
31445,892,11,376
14245,302,1,109
30124,330,6,89
30899,179,10,2
44919,335,6,39
44225,896,11,322
36247,998,10,392
30222,687,12,247
27211,175,6,17
38220,907,3,369
27646,733,6,295
39649,487,3,172
24049,940,10,402
15069,872,9,379
33580,481,7,132
32843,873,4,373
3849,136,3,56
41158,685,6,247
24289,383,9,109
45690,862,3,330
36257,650,8,235
10823,730,6,314
42975,932,4,378
10540,485,5,211
17364,794,3,364
5611,203,2,74
28663,979,9,406
39646,679,3,258
31977,185,6,6
30168,94,5,44
26471,767,10,323
23687,845,11,336
1851,291,8,100
19071,710,5,286
7833,522,11,215
12938,814,8,356
36195,582,11,184
27144,606,5,236
5000,675,11,285
6052,362,10,155
36506,719,6,263
29074,654,5,255
39155,863,2,337
41770,270,10,10
33320,827,10,316
39304,854,6,337
47247,149,7,51
4913,783,3,385
18450,377,3,153
25107,963,12,396
21764,711,7,296
44404,427,11,94
21491,880,10,370
39494,514,4,166
4373,641,2,291
13161,501,9,209
32996,869,9,346
28122,97,6,34
35850,997,2,420
28350,533,3,211
28472,340,5,99
29761,807,11,326
26351,309,11,58
24132,316,5,94
16305,700,9,268
10817,771,10,345
12261,990,3,468
1417,494,2,236
42576,42,10,107
21358,825,8,351
4267,191,7,73
18209,854,12,354
25052,337,9,98
39513,927,3,371
27092,817,6,336
12338,874,5,390
1412,212,5,79
8543,700,10,299
41355,935,8,349
34496,137,1,0
24548,25,1,25
28384,862,3,376
45425,502,11,128
39756,151,2,14
19888,112,2,4
36735,782,2,318
48295,541,4,153
49816,582,1,212
18506,880,10,378
21463,313,9,82
18955,660,5,268
38841,411,5,105
6104,268,9,85
35911,633,5,228
24190,868,11,354
8357,614,8,285
33479,722,11,263
45811,436,1,135
37208,162,1,3
21150,256,4,87
6644,306,8,117
44286,296,3,62
48320,406,1,103
3914,401,11,161
22352,469,12,171
47352,310,9,30
45912,188,9,22
15397,462,9,173
42555,675,9,230
47959,203,2,7
1728,64,11,12
1698,774,11,340
40954,846,11,298
48280,965,4,388
14923,287,2,94
17779,495,7,185
8400,272,11,74
25466,415,3,135
37939,308,9,48
5360,231,7,92
36270,708,8,265
18101,40,9,36
33307,335,8,79
6486,583,7,267
9335,457,9,200
22364,442,11,160
38259,252,1,47
24576,964,11,403
32667,142,4,11
12130,893,4,412
22972,979,5,417
41419,631,8,215
2167,233,10,79
28192,941,1,406
2062,858,6,406
19540,666,9,257
25244,987,10,408
22545,849,8,347
22689,749,2,330
12174,619,7,266
23925,811,5,365
38497,59,2,53
10348,771,11,346
24714,351,1,100
39102,962,2,394
9924,667,11,285
38098,201,10,13
25394,284,6,87
7801,790,11,351
38614,713,12,247
7731,552,8,230
49136,882,3,344
24625,451,5,168
18337,962,11,410
36307,215,2,23
8056,743,12,317
12516,528,8,224
45261,466,4,129
2542,547,11,242
22677,221,10,45
47732,894,12,311
40081,749,6,271
28569,624,3,246
24322,152,11,11
20065,158,8,7
18924,688,8,307
23556,512,3,196
27962,866,12,326
29295,89,9,38
14807,835,10,343
43348,34,5,88
27432,766,10,297
18749,231,9,48
42459,821,7,320
27256,79,10,62
41262,271,3,49
38080,465,6,150
2324,21,10,19
26731,767,2,324
36909,355,6,74
24803,38,12,66
20870,580,5,236
35578,97,3,29
7588,491,7,223
39069,47,11,82
27790,579,4,228
26289,627,11,225
29178,184,6,33
29710,477,9,156
16485,964,12,400
45482,896,6,335
21652,195,4,33
5748,604,10,264
22233,887,2,376
10435,48,9,32
4709,975,4,465
31355,688,4,263
14116,845,2,401
26470,835,5,362
43344,298,6,36
43918,302,10,22
40298,498,6,160
43956,538,3,164
15683,324,12,89
1504,713,9,334
34982,128,7,17
35299,343,3,99
29016,225,4,47
24960,253,7,60
34591,957,11,392
18312,477,8,183
38797,206,6,4
47196,959,4,366
3105,501,12,214
37395,941,2,375
46740,426,10,89
23700,860,8,333
35620,528,1,197
38678,888,9,336
21559,539,8,203
28509,72,3,23
28860,417,10,112
12003,218,4,65
22732,410,10,132
26826,668,4,265
31354,790,2,324
14843,865,12,369
45472,932,11,350
49529,517,10,129
7190,191,5,68
18640,105,12,10
39413,577,3,194
43356,877,12,315
45597,205,11,20
41821,175,1,16
4330,512,2,238
20087,929,11,406
42430,540,12,148
25504,646,7,242
8114,685,1,307
14323,149,12,9
35121,862,2,337
11975,100,10,11
12023,403,7,152
22447,821,1,351
25933,678,7,253
24959,314,8,75
1667,997,11,464
30703,288,2,82
10337,664,4,312
47427,581,7,173
37487,554,1,187
20129,397,6,150
41251,395,5,111
32921,107,11,63
34307,944,6,388
28355,643,8,258
38732,130,11,31
5835,603,11,252
21159,173,1,46
39810,482,3,148
48605,588,11,166
41080,788,9,283
39088,175,12,44
14216,644,8,271
36547,337,4,72
32471,578,11,190
18308,257,10,73
28532,353,9,73
35349,125,7,50
46445,501,2,153
6713,718,1,341
5804,690,1,318
11136,729,3,335
1009,401,10,159
20255,708,2,316
24793,280,4,60
30548,818,8,320
38892,312,5,56
2015,354,5,144
28712,674,6,253
35961,839,12,312
9415,728,5,313
47318,495,5,130
48280,244,7,6
24833,926,6,410
5158,574,10,247
21309,473,11,166
7970,682,2,319
7938,315,1,145
22168,594,1,246
47540,661,4,228
21384,786,2,330
19017,482,6,179
11344,874,12,383
41034,233,12,2
9702,604,9,251
1384,962,10,463
1404,635,11,277
41943,177,10,8
48926,291,8,8
30189,846,4,354
13763,257,12,54
19384,322,2,128
33606,903,1,376
10860,689,7,314
39757,640,10,213
16106,540,3,219
24574,340,6,97
24524,78,5,31
4636,377,5,168
11916,723,12,312
5809,667,2,308
33201,270,9,51
14456,910,11,399
49212,455,4,103
39765,165,10,33
35816,878,1,378
46106,997,2,400
18100,371,9,124
22949,589,7,231
5544,708,10,316
38744,819,2,313
46543,264,7,2
43783,579,4,190
27657,320,10,73
37187,457,2,162
48198,887,12,294
8239,119,4,38
15489,744,5,330
44125,833,4,308
29538,499,3,179
33049,434,6,127
38131,184,1,6
43944,931,8,354
9427,961,12,417
42348,657,5,246
25285,321,8,70
38626,993,10,391
43808,140,4,38
23928,107,4,11
20198,236,5,83
20758,592,5,237
16254,833,11,372
45238,198,6,14
2252,721,5,339
40764,182,5,7
13173,612,8,254
38441,189,6,4
27698,320,2,100
16781,393,4,177
14051,727,4,336
40649,222,5,23
7949,66,6,10
43289,482,11,127
9017,689,5,318
7941,427,11,162
26934,213,6,62
24386,446,8,130
11209,949,4,446
18715,810,11,338
29920,336,3,93
32703,498,9,139
43318,440,3,130
5637,288,11,93
5854,500,8,221
44088,730,10,237
38660,755,12,257
40811,282,5,55
20856,445,9,148
22833,185,3,52
20963,711,10,291
37932,447,10,131
28169,723,8,281
8941,416,7,159
15388,235,12,63
6569,815,7,369
5300,883,11,400
40037,126,10,37
37586,997,9,401
13015,117,12,9
46002,899,8,324
7254,501,3,224
18144,518,6,205
25214,249,11,41
41118,276,6,45
16183,62,5,17
7238,261,3,122
7090,573,9,247
12637,114,7,6
23415,965,4,428
25071,785,6,313
46415,207,5,11
43679,404,1,97
42240,838,2,360
19271,419,1,166
37034,525,9,156
34434,186,9,11
5188,802,5,364
11161,144,8,19
29732,692,10,254
12314,106,4,26
24954,840,1,386
22508,508,4,184
22969,245,7,62
46659,676,11,215
38545,364,2,90
37668,779,2,308
24061,893,6,392
14716,537,9,229
40749,50,3,62
40144,728,7,262
17907,763,10,308
19777,315,9,92
28693,433,11,126
43928,856,9,326
27329,991,11,397
47892,154,4,61
17282,544,2,218
24624,23,1,53
24321,197,6,28
11488,765,5,355
23574,278,6,82
6240,671,7,295
44221,84,9,82
11478,814,10,363
46162,382,10,64
20262,837,11,344
5432,736,6,334
30721,36,6,65
14568,219,3,67
15178,563,8,247
23195,231,9,24
1302,454,1,207
18022,292,6,92
1055,309,7,143
46781,822,11,279
9717,502,8,222
29699,253,12,14
9150,427,10,167
3125,713,11,323
45247,165,8,38
49513,581,7,175
17748,449,8,168
40577,451,11,119
5621,634,9,273
16034,564,10,217
47391,516,7,132
6126,108,3,49
6122,430,9,188
19030,916,1,422
18302,872,8,364
20181,846,6,379
39638,260,11,26
2531,797,3,370
41940,242,9,5
41441,767,6,272
24333,684,7,273
40650,487,11,112
35674,588,2,231
36854,341,1,96
47271,394,1,102
9152,131,3,41
39518,546,11,174
46540,431,3,108
11267,288,8,110
26289,645,7,262
2062,271,10,127
30926,393,8,118
7229,673,1,318
48915,645,4,210
5632,469,8,201
40056,821,10,307
4596,888,2,433
45243,556,7,173
7168,387,8,135
43563,841,9,319
8561,274,7,107
9258,482,12,186
17616,287,9,92
27734,145,2,11
7371,412,11,175
27069,781,1,332
15369,818,1,380
13910,353,11,123
8943,584,12,241
13199,387,4,161
16728,574,1,255
24275,697,7,271
7738,573,8,229
16913,911,3,440
36240,475,1,164
20123,707,3,317
49447,86,2,58
35529,85,6,51
11167,931,11,386
11554,614,7,266
18260,881,9,376
48045,636,5,216
4812,419,4,198
29024,306,1,102
28285,905,11,370
27900,205,6,33
2605,303,11,99
6622,535,8,234
7767,669,4,301
28139,710,1,293
12613,256,5,78
11589,37,10,16
14918,834,5,369
21119,947,2,423
28446,433,6,143
14046,951,10,407
25818,28,9,63
36358,439,6,120
5324,48,8,12
11787,675,10,281
10111,367,3,151
39110,680,10,234
17389,595,2,241
42427,898,4,341
15043,469,12,169
29746,399,9,111
23350,718,9,280
42605,385,3,90
1117,246,12,69
47685,137,1,39
19935,431,1,174
48077,970,4,385
14234,375,4,137
39328,273,11,22
1846,562,12,251
11954,692,10,284
14703,746,6,310
49153,463,5,118
47514,700,6,221
23700,100,10,35
33043,65,7,43
7469,68,7,6
31105,468,10,160
43101,829,10,295
27386,426,9,141
46587,899,6,336
37976,302,8,44
40051,492,2,166
3048,435,8,170
40001,998,9,401
13941,619,4,291
46375,140,5,37
43533,22,5,105
2828,335,2,156
2917,479,5,225
21618,246,9,69
33254,98,4,24
40756,676,10,238
48362,773,3,278
21128,563,7,215
46745,794,8,289
1009,742,10,342
17644,90,6,23
23422,915,6,397
10865,216,5,76
3219,77,11,3
40809,443,6,136
6287,488,9,195
35387,643,2,249
9512,67,10,4
2342,454,11,184
44336,204,3,9
20216,898,1,414
28534,858,4,359
15231,184,2,45
33293,746,6,293
27614,350,1,126
37258,349,8,98
29253,140,10,4
43078,232,6,17
41752,842,9,324
18988,526,12,196
32037,572,6,185
13219,884,10,373
1235,935,7,452
43929,820,5,306
2908,187,8,74
9567,565,8,224
37298,849,10,319
6256,806,9,353
20019,446,12,155
9162,728,6,312
6415,722,1,350
37159,240,9,36
44925,29,3,83
6951,139,9,35
22852,654,7,250
9007,266,12,85
42832,379,3,89
31523,928,9,381
24325,240,7,59
22204,792,7,331
16524,525,7,203
20282,77,2,8
24930,846,11,331
1077,479,4,216
41345,147,10,36
21611,718,8,294
17984,736,12,323
15060,105,2,2
18449,123,4,16
19520,162,10,1
44303,224,8,5
10510,660,12,273
30287,777,3,314
29173,57,12,61
40711,382,6,107
12954,640,12,259
8804,328,2,155
7565,71,8,5
6984,20,8,22
22526,30,12,67
38438,845,1,349
19574,766,3,347
10184,659,2,301
20096,955,7,410
3192,233,7,103
35016,975,4,405
12246,774,12,319
46558,575,12,157
19381,537,8,218
37455,687,3,257
27727,434,9,135
5018,27,5,13
12302,24,2,19
2970,381,9,178
42157,713,1,271
28202,131,11,33
32110,292,8,43
18586,441,6,155
25519,284,12,55
32273,477,1,164
22951,231,4,52
16374,97,3,9
6788,801,7,354
6408,685,7,315
26053,240,6,51
10446,388,10,134
1922,977,10,464
34187,366,12,92
11789,44,8,16
33184,995,7,406
2120,439,4,181
45028,373,7,63
33154,739,1,292
18334,436,3,157
3336,534,2,251
39141,234,7,24
3243,926,9,430
20029,131,5,13
33265,973,9,403
38380,723,12,251
47714,933,8,363
44872,578,1,199
47197,447,11,97
24710,752,2,322
30486,718,6,263
7371,581,5,259
7359,728,11,299
41631,235,7,27
36996,432,9,106
21103,752,4,320
15382,399,8,146
19755,621,4,272
36659,251,3,40
4756,854,12,359
21609,277,2,85
49538,684,8,219
17478,275,11,68
36442,422,8,108
40666,443,11,92
11147,789,12,340
34561,998,3,419
35884,84,1,33
6779,209,6,77
13298,622,5,267
15153,969,8,415
44879,192,6,5
11789,778,4,350
45165,787,10,269
13999,647,10,266
1814,580,12,246
11541,246,12,60
25938,600,11,224
3443,953,2,464
11457,407,8,157
11380,420,5,183
8783,657,12,274
45241,968,8,370
18368,232,5,44
16328,72,6,6
27215,643,10,227
34595,690,5,256
28306,771,11,286
20915,681,3,298
40915,158,10,14
38219,437,8,119
16343,644,3,273
47403,162,4,23
39727,901,6,355
1126,528,2,236
28632,669,7,264
42563,505,5,143
45409,456,12,111
21530,835,10,333
40964,562,5,185
45327,312,5,45
4368,639,2,311
4797,303,11,108
48882,690,12,210
14718,857,10,383
35560,33,9,77
12053,653,3,291
23116,746,12,298
37244,291,7,48
37185,44,5,66
2645,954,10,436
48523,341,10,45
20256,825,5,333
36840,700,4,284
35622,122,10,32
38430,885,6,341
40282,902,7,348
3708,59,7,3
12694,254,11,101
10524,851,12,370
32880,108,8,36
40224,119,5,42
37980,163,7,19
33409,101,12,52
14224,608,4,265
41738,590,9,197
26150,248,5,53
35393,622,3,232
44082,885,5,344
8973,414,9,162
9577,532,11,217
9070,800,8,372
9666,817,1,380
37368,216,5,0
7783,293,6,110
46994,609,10,178
42914,672,11,202
5971,819,2,373
14490,602,6,256
46719,987,9,380
46080,581,4,182
2990,986,3,476
6299,391,9,146
46765,900,2,350
20956,99,12,29
23359,254,9,63
47240,306,11,15
38148,838,10,319
29734,686,11,262
5757,591,11,278
20097,564,2,237
11395,456,11,179
17241,146,10,11
39356,752,3,293
28696,731,7,291
5944,436,2,208
47163,657,1,239
20816,60,9,29
38011,806,6,311
25917,488,9,177
32195,316,12,45
22566,616,3,254
10916,620,3,295
21806,61,10,45
10984,651,12,277
2759,298,3,124
42949,478,2,153
27838,52,11,77
3482,295,6,113
25442,684,3,246
34719,109,5,31
28965,635,11,220
3079,967,5,462
3717,543,10,233
28952,179,3,10
21908,948,3,413
43460,477,1,150
25861,727,6,281
8311,418,3,173
29071,838,1,342
24570,793,10,305
19449,110,9,7
34536,728,11,267
39258,600,1,223
49302,485,5,121
29865,239,5,31
7645,438,2,187
39000,398,1,132
27737,745,6,306
12485,949,7,422
39565,466,11,109
26522,983,11,402
13342,165,9,14
41806,252,8,37
49770,390,10,68
14087,941,3,419
38641,253,9,19
35249,745,1,307
11093,386,6,145
48190,500,10,122
17438,592,2,260
41411,382,10,94
27399,609,9,216
20846,530,9,207
16708,114,8,22
45039,861,11,325
46368,235,7,3
11998,744,6,322
48063,835,2,326
31678,731,4,297
11682,883,10,380
9519,562,7,250
32480,821,6,308
20694,874,9,368
4300,154,5,58
7722,102,12,17
40986,410,12,98
25160,66,6,53
21059,411,10,143
36822,737,6,264
14575,404,8,130
8970,400,8,159
35911,96,6,41
22591,278,8,73
32821,968,7,405
10503,623,1,287
48917,953,5,355
19922,966,11,404
13175,418,10,148
42124,119,10,47
22389,520,10,196
48838,402,5,71
1822,726,10,343
18327,211,9,43
48057,599,7,175
7150,920,7,409
5425,773,10,345
17032,621,2,268
3198,364,8,156
21079,29,3,54
37220,283,9,26
42874,287,6,50
14859,851,9,362
32419,649,9,234
9705,781,7,347
43880,590,10,185
24236,214,12,42
23419,581,8,231
20978,426,2,171
38609,315,5,70
16358,909,3,436
35177,116,1,18
30378,481,6,176
38334,658,12,217
12382,777,9,349
15596,106,2,34
34572,96,9,48
14221,908,8,404
2279,735,11,329
46960,502,9,114
8083,165,5,44
44861,680,2,225
18771,130,10,1
30975,660,10,245
46648,784,6,276
49285,697,7,210
20063,316,3,120
3106,445,6,184
25557,668,6,260
49854,810,8,286
21607,353,1,115
38599,542,4,194
29529,602,1,232
36954,690,8,249
28856,747,2,299
3573,557,8,244
13808,817,3,361
36367,181,8,7
37801,449,6,135
42196,633,1,230
35072,88,7,49
24752,152,7,2
18685,208,6,42
42401,742,1,283
12372,774,5,340
9996,697,1,303
17458,943,1,441
32889,941,6,377
27665,592,8,223
39243,893,1,374
32653,298,2,63
27657,449,5,163
40952,644,8,216
23180,561,11,209
32896,854,4,325
13875,180,5,48
2622,765,10,358
49756,918,5,353
41809,472,3,122
17725,908,6,403
41760,870,5,337
16646,189,2,40
18029,849,10,346
30402,717,4,294
5263,76,11,2
31987,259,4,59
47828,788,7,281
48924,377,7,61
9646,220,9,65
28529,463,10,148
12664,856,12,367
36737,846,2,349
36796,321,6,53
25027,125,2,13
30373,821,9,322
37397,120,2,27
21609,116,6,10
36835,684,8,248
39709,957,6,370
20250,48,12,74
22172,525,3,191
12555,684,5,327
22874,457,4,172
14081,398,1,174
25063,92,5,25
7819,273,10,80
26712,982,12,413
25762,930,5,390
12046,535,7,223
32463,768,12,286
29769,569,7,199
24150,39,2,33
3711,644,4,291
5853,554,1,266
30077,440,5,132
24863,465,5,168
22792,898,4,415
41483,155,10,27
9942,524,12,207
49275,952,12,338
49594,779,7,270
2762,320,6,143
32987,628,10,200
16850,52,3,31
13112,666,2,313
25058,786,4,339
46420,297,9,25
39890,152,10,32
1481,769,5,394
48304,546,1,181
33921,808,11,296
41385,145,3,20
2524,364,9,159
35888,36,7,69
16048,843,3,383
36111,581,1,190
38904,666,4,243
35008,649,9,235
1060,397,12,142
10130,837,7,371
19023,79,5,5
46080,656,11,203
14350,486,6,198
25354,647,1,264
46186,410,7,104
29145,955,12,395
35020,704,5,270
21587,206,7,48
42131,517,5,149
10650,619,5,283
20933,734,3,292
21581,380,5,133
24393,842,8,347
24051,851,8,350
27212,468,2,174
5090,713,11,302
7960,883,1,421
36772,699,2,275
22520,200,11,36
37408,831,7,316
29470,978,3,412
21491,149,8,20
2341,994,4,484
45623,168,10,47
25791,491,10,172
1338,837,8,400
6895,740,2,352
13254,642,5,266
12344,967,6,432
2750,519,1,238
3421,668,1,334
40887,374,9,85
6319,935,5,442
16896,230,4,72
12918,677,1,317
26064,615,3,242
47617,49,4,66
28935,596,11,206
38641,43,11,105
30711,962,5,404
5806,742,10,338
42360,241,12,13
13182,621,5,266
23297,637,10,225
20541,703,8,284
29921,761,3,315
17774,944,7,423
45813,608,6,209
38198,599,10,190
9820,896,11,411
25070,420,10,121
5232,884,10,395
12122,920,11,405
16023,623,6,255
9007,531,10,216
18905,107,9,18
42786,484,7,126
30398,69,11,57
35268,122,7,18
7737,387,11,122
37062,955,1,403
26510,511,1,204
20426,577,9,216
38265,710,9,253
18850,798,12,338
1614,287,11,119
22776,416,10,141
25077,339,3,107
10374,539,11,223
36435,468,11,119
31907,796,8,312
14409,495,9,192
17514,917,1,420
30866,609,12,217
3983,928,3,434
32705,259,6,43
21662,277,4,85
24510,727,8,296
13651,991,9,447
41998,963,7,388
29535,861,11,352
7640,662,1,326
45547,983,2,384
16317,409,1,177
8564,362,9,148
28345,792,4,314
49288,773,10,257
29687,406,8,131
14737,413,5,156
10323,702,5,301
16229,678,5,285
45481,289,11,19
9502,168,5,45
1545,399,3,175
38114,830,6,303
30430,47,1,31
10996,168,8,38
28788,439,4,144
30969,299,6,68
49543,201,2,10
14919,185,2,35
4810,36,8,13
31586,169,1,32
40974,358,8,55
42773,64,10,101
17371,521,10,190
46084,861,1,340
30629,208,9,7
9436,670,1,313
13984,80,4,3
34039,313,9,68
20895,853,1,382
19155,52,9,45
11616,318,8,110
38129,434,5,117
40837,643,6,224
25574,822,5,349
4430,568,4,259
13676,450,12,161
11816,514,10,189
33733,119,12,41
21144,42,4,28
3050,439,10,185
45460,443,8,111
34933,506,8,165
25951,749,9,312
33413,108,3,10
35801,228,10,14
33913,290,8,66
48037,952,3,365
41600,768,2,291
26280,919,2,408
25557,425,9,135
48054,740,4,264
36400,297,5,79
5494,996,2,477
16152,225,9,59
24895,609,7,243
10155,932,3,430
32883,347,6,87
44194,629,7,196
44001,877,12,316
2828,896,6,422
46028,881,10,310
42898,355,11,42
33123,625,10,219
38573,611,6,208
1806,57,8,5
41970,939,8,356
30757,247,5,52
35636,502,4,169
15561,153,11,7
49280,727,5,248
25262,997,9,402
15899,409,12,140
49988,813,10,285
16934,632,6,259
39197,444,3,144
42844,606,3,213
37332,825,1,334
35157,529,5,180
12593,739,6,327
41042,614,8,207
18320,446,11,150
28376,968,9,379
44513,674,7,219
15199,493,1,232
16876,587,7,243
9245,380,10,136
8214,971,9,457
1726,818,4,418
47600,230,11,6
12362,972,12,433
19297,198,7,23
31448,939,9,376
27172,77,1,17
43874,92,12,75
8657,234,10,65
19850,919,9,391
26425,797,4,329
27685,978,12,394
48319,92,8,85
25578,486,3,183
29831,290,2,72
8906,518,12,202
8287,373,8,144
34660,253,8,37
11222,338,3,138
38443,38,8,81
35701,644,11,207
18764,594,11,224
45641,391,6,95
18674,203,10,50
19024,296,9,94
47007,693,10,229
24874,774,6,315
44642,164,8,25
33284,677,2,254
18602,100,1,22
38784,341,10,56
24265,454,10,167
26931,852,2,377
29841,62,12,55
30192,332,4,104
47542,925,10,344
43520,312,9,34
16585,707,7,292
26559,907,9,383
41059,88,9,63
34742,75,9,64
5133,650,8,293
15663,223,6,46
22754,439,11,137
4972,946,10,442
6295,586,7,267
47681,569,2,193
42873,262,11,19
30125,220,1,47
41996,767,5,287
10903,493,8,205
4020,546,3,250
42755,675,7,228
21420,96,5,6
22452,497,12,180
46648,840,10,307
39001,459,8,136
10516,282,6,108
48327,204,6,9
3396,74,7,6
19546,327,7,115
20129,535,4,223
2591,318,10,140
12303,571,12,234
31561,249,10,33
7183,396,10,163
27572,305,8,84
35080,157,6,5
21695,497,11,170
8314,634,8,286
20623,26,7,59
3139,695,1,347
48456,438,4,114
32290,491,7,148
19088,954,9,406
40692,439,2,134
34130,896,5,361
33088,295,9,67
27292,580,9,190
47249,627,6,213
21670,590,7,229
4738,762,9,333
3469,708,10,314
23534,109,8,16
49874,301,10,9
10017,567,6,239
3808,190,6,74
48638,657,7,195
13713,830,7,374
41329,374,2,82
3719,223,9,71
23890,308,4,98
12700,887,10,398
37509,481,9,137
43534,628,12,197
37766,769,11,275
27705,192,10,3
19787,320,3,103
49845,619,5,181
27588,930,5,405
27123,882,7,363
34062,548,12,184
11177,159,4,45
22727,785,11,330
31220,297,12,29
10882,682,4,294
2136,530,1,273
35832,365,6,99
32966,865,4,347
8009,159,11,28
13987,133,10,8
38311,599,10,190
32575,526,5,174
2007,385,11,135
6445,710,9,326
11706,656,4,295
48517,416,1,126
45486,844,11,299
30257,842,9,317
22736,869,5,369
43207,894,10,323
14281,943,12,405
2435,889,11,414
34339,764,7,308
36150,959,3,384
26821,678,4,278
27660,961,12,391
6084,130,10,42
17661,894,9,391
14507,377,10,128
8059,257,1,106
19271,22,12,80
46539,742,11,247
8491,423,5,181
48295,44,8,114
15859,862,10,358
9073,528,7,239
10077,715,4,311
21953,484,7,193
12383,80,1,8
3353,527,6,231
24821,142,9,8
38567,516,3,176
25860,74,4,22
22195,182,8,47
12939,993,12,433
26338,718,5,291
22730,58,5,47
22427,716,1,313
36196,102,6,34
28083,726,2,306
22510,565,1,243
45064,132,6,38
8813,444,5,200
32598,937,5,382
48182,249,9,3
28570,302,12,72
28082,936,10,381
30241,956,10,376
31678,306,3,70
45569,174,1,3
12745,184,8,29
27029,981,12,406
14025,201,5,57
37124,258,11,25
15288,668,5,300
24650,358,8,113
7540,957,8,427
33232,531,11,153
17422,951,2,428
4342,285,3,127
42846,206,10,31
36612,59,10,84
11396,841,1,396
18482,512,3,230
24411,698,12,256
47766,410,4,85
14261,279,11,74
4093,674,7,327
12722,735,9,313
23042,195,12,6
45413,793,5,292
48851,783,12,238
29087,348,1,106
33347,950,2,402
34756,219,10,4
40214,730,2,285
17335,215,9,58
29602,845,10,345
49901,608,7,181
35450,550,2,194
33196,81,1,22
6626,346,5,133
8424,925,12,409
13857,300,1,111
45923,959,9,367
20982,781,3,341
12425,246,2,110
2980,658,6,308
49290,77,3,71
27431,940,5,406
20440,496,10,178
42752,395,8,86
18175,735,10,306
49651,262,2,28
27385,386,12,110
39158,955,5,394
24019,863,11,338
19639,519,8,211
20994,857,1,375
35375,271,10,48
22563,925,10,372
40341,341,11,51
6776,395,12,152
37444,428,12,94
4380,730,4,333
9711,507,5,213
9782,362,10,127
18434,259,12,54
47765,158,11,64
21017,141,3,20
31707,439,12,119
40110,580,2,195
18343,323,12,92
39827,134,3,33
42652,362,11,54
6655,270,5,78
45859,26,7,98
16251,750,2,331
1526,608,7,275
4224,198,6,64
48837,164,7,36
12536,435,7,167
29541,685,9,255
14547,140,7,11
35531,143,12,16
9712,169,6,49
39565,416,10,78
10208,400,8,140
6109,799,7,363
36201,858,6,333
17967,20,4,43
30759,692,7,257
21172,263,12,62
37935,906,8,360
27589,417,8,136
31015,270,12,41
30009,898,12,337
18773,595,4,260
42125,318,10,25
27143,779,9,304
7154,973,3,475
22804,316,9,91
42688,996,3,399
21581,983,7,440
31087,519,4,189
33981,134,5,5
4762,826,3,388
47167,20,2,79
10768,572,12,244
44408,704,8,225
40499,619,7,211
39559,501,7,154
49590,629,8,187
9783,619,1,287
47389,782,12,268
30781,529,8,185
31811,354,10,76
49787,484,12,116
36488,160,5,8
9905,602,8,241
10127,156,9,34
23431,978,2,424
7368,630,3,301
28424,682,6,264
47824,969,9,349
46004,706,10,237
19333,186,10,5
24116,362,8,109
48219,429,6,112
44201,788,5,281
16525,929,3,407
24398,755,12,305
33857,899,4,365
11361,861,7,394
17369,84,7,4
4041,600,3,292
1105,86,4,27
10078,452,3,184
26003,69,2,23
7090,333,6,130
39850,328,7,69
2925,622,4,294
19440,134,5,22
40685,905,8,365
27015,588,9,218
34320,361,7,80
26291,549,10,217
37679,803,1,312
27289,661,11,240
4389,514,3,241
26683,288,11,63
14629,960,5,431
25826,99,3,25
36198,475,1,160
27630,318,2,100
34226,987,8,374
47163,841,7,304
33975,221,10,29
1899,522,3,245
12653,756,4,347
28961,690,3,282
17405,735,4,308
9601,668,8,282
34662,504,9,173
34282,604,7,230
22288,579,9,217
30545,37,9,79
37877,497,7,174
47026,507,7,129
16313,798,8,318
16349,465,12,152
8179,359,10,141
11326,550,12,210
45555,631,12,186
2560,135,3,36
14612,877,8,374
18650,93,1,15
27745,811,6,326
32890,288,2,80
21022,656,7,255
5780,135,3,49
19311,705,11,281
29380,712,10,266
45662,757,5,278
3356,688,10,306
5790,183,2,69
27911,602,1,245
25363,241,5,53
21049,145,9,11
11181,676,9,301
40825,195,7,5
17082,992,9,425
1661,683,4,316
38412,713,3,261
49479,394,11,55
3920,878,4,417
26658,517,7,190
49770,104,8,69
15025,895,2,413
9946,402,5,173
29706,652,5,246
46500,660,9,216
40004,482,3,170
17309,470,12,154
47286,537,6,151
34120,865,10,352
31027,714,12,265
8005,569,5,254
47804,948,2,372
1956,135,2,37
35839,633,4,242
9595,27,12,31
48908,237,4,4
13803,738,7,322
26963,609,12,203
37221,899,1,375
40443,423,11,85
34723,586,6,208
40063,323,11,50
49689,486,9,127
16282,971,2,430
5703,759,12,340
7563,107,5,36
26849,29,10,85
32860,327,11,58
32585,453,10,115
23015,821,4,360
13003,183,4,47
44585,258,8,2
27958,336,6,106
27017,675,7,259
12171,354,11,124
46350,37,12,106
13201,90,9,0
30426,194,3,23
18778,873,11,368
46241,819,2,320
43229,830,3,305
22116,358,8,110
49364,955,9,367
34297,267,10,42
20342,212,5,65
28490,438,8,144
20975,344,11,94
27723,325,7,80
24279,799,12,306
13765,223,12,54
47678,872,9,317
12561,142,4,29
42899,589,10,170
1525,870,3,424
23861,466,9,152
34142,732,8,279
27916,510,7,200
45965,452,1,122
5648,643,2,299
36133,147,9,25
31523,567,5,204
30052,765,1,308
35414,841,9,323
33781,66,1,9
5599,524,8,247
36046,134,5,33
48064,435,11,82
36923,786,12,272
42089,242,6,4
4814,655,1,301
46893,968,2,398
36984,522,7,168
27616,691,2,293
3113,977,5,466
44006,952,11,369
14760,115,9,1
22927,126,5,19
21939,651,12,249
33419,632,3,226
13588,634,11,264
37142,697,6,263
40198,945,7,370
45738,717,10,235
34397,51,11,79
17653,512,10,199
11831,85,11,8
6724,198,8,61
12083,798,3,356
46917,462,11,111
20816,935,4,416
43240,568,10,187
7276,220,4,88
49403,889,2,338
39663,68,7,75
14994,806,12,345
24499,970,4,422
24040,699,4,287
44320,282,12,34
17959,152,8,29
7099,829,6,377
43267,363,6,76
20576,195,11,22
36946,410,9,113
7116,30,4,3
16563,220,9,45
27788,964,1,422
27928,945,11,403
37336,828,9,313
10847,22,1,32
27155,233,7,35
15135,827,6,374
18774,326,7,103
2742,563,9,251
19309,579,10,204
1619,346,4,169
18658,783,12,305
35707,218,9,23
21337,935,3,412
17001,620,10,240
1968,128,11,16
48614,310,11,17
26892,127,9,2
26619,427,1,157
1281,571,5,263
28420,992,10,398
16360,71,5,1
40030,131,1,8
2058,314,1,165
21677,599,3,247
11724,208,9,51
29404,863,7,348
38946,740,6,277
40748,84,9,65
30856,593,4,224
10200,484,4,212
34997,277,3,78
26611,665,5,274
42235,653,5,222
36057,350,12,71
2239,520,10,231
39138,702,7,239
49938,229,7,17
1125,827,6,401
46272,108,4,65
24857,698,7,280
16398,47,2,23
7638,257,12,78
7570,355,9,142
4249,82,7,3
10110,979,2,472
41363,786,10,282
14605,927,2,428
13115,572,6,246
40062,519,11,160
23911,560,7,206
39525,810,9,290
33556,488,4,163
13595,611,8,262
2969,70,10,23
44753,131,2,28
18275,892,6,394
5470,320,4,166
11225,109,8,20
43324,248,9,1
42974,169,2,40
43759,774,7,266
24196,157,7,20
41287,154,8,34
14669,476,5,198
38380,620,11,204
46141,513,3,168
49320,546,1,166
48414,352,4,80
39006,381,3,126
16577,193,2,61
23473,621,6,271
29625,232,7,44
16504,362,10,112
25089,80,7,42
37487,895,12,330
1302,751,8,351
32463,80,2,25
45912,838,11,303
30259,697,12,237
43823,543,10,166
38208,235,6,22
31659,608,6,217
36840,763,10,298
32890,643,12,244
14598,597,1,260
48055,713,2,269
47733,442,9,95
20508,735,8,311
43287,442,12,96
14380,390,4,150
27984,225,6,28
45633,305,2,51
9125,124,12,6
37059,773,5,280
5033,766,2,377
38873,707,5,260
18087,742,7,305
41901,562,7,203
6704,766,9,327
8848,261,3,105
22592,510,12,170
46743,684,4,241
7924,727,9,316
28208,517,8,175
20614,454,12,161
1488,800,7,380
40882,503,8,141
26923,466,9,137
49508,403,12,70
36941,529,4,192
30165,189,5,16
2667,969,9,455
27213,888,7,361
5114,342,4,156
37321,867,6,354
8761,493,11,180
32116,251,1,63
34768,715,1,294
49406,378,9,70
26426,294,8,56
18772,961,1,417
39218,930,11,361
4712,51,2,12
2367,196,4,78
41957,936,1,400
42781,84,2,44
27200,729,5,276
4726,46,8,7
24616,682,6,261
28723,834,6,342
38574,498,4,181
35958,287,2,56
10108,616,3,282
13178,85,6,16
36643,152,6,17
32324,924,5,382
39360,935,6,366
18824,385,11,118
46360,101,6,43
9927,912,1,423
29144,850,6,349
32010,347,5,94
23443,117,8,17
15437,604,9,235
45298,346,6,54
40778,561,12,156
12207,144,12,29
26537,229,10,32
36757,803,4,325
13040,744,3,335
42986,152,10,38
23612,522,12,157
29441,176,1,40
7471,578,7,253
36631,888,5,355
44461,894,4,351
27523,401,9,119
32348,41,7,87
2177,993,10,459
5760,972,8,435
33779,614,4,232
22636,438,10,136
17353,491,12,183
12556,253,10,80
28598,591,8,232
12563,473,4,210
47819,719,1,260
44790,589,11,156
9234,790,8,354
26519,181,1,32
27966,320,12,57
17173,325,3,122
27987,21,7,57
14178,290,3,116
40338,440,8,104
25596,162,5,13
34174,719,3,281
42974,883,5,349
5431,872,5,397
28764,979,8,389
22627,996,12,415
40310,755,9,261
9906,898,6,418
37914,711,10,237
45814,554,3,171
46379,886,2,357
14076,56,11,38
38650,126,3,28
47881,316,9,33
47413,760,7,259
7012,844,11,375
8151,116,11,11
29211,300,9,62
28117,129,6,6
37378,568,8,192
43652,571,10,157
7894,616,11,265
14467,833,9,362
32010,207,3,35
43641,771,7,286
13289,889,9,376
45976,507,2,170
44596,373,12,57
24171,38,7,49
35905,878,5,347
21829,412,8,140
35054,856,4,341
49478,280,1,35
45139,429,11,85
49713,422,10,64
30734,689,8,278
8052,503,6,217
4654,323,8,138
24486,643,3,271
19743,675,8,284
49368,787,8,274
25489,986,12,395
9636,37,1,0
7441,203,4,71
25611,424,7,131
43435,818,11,298
13149,916,1,437
35566,150,3,5
43368,498,3,171
22675,812,6,323
6495,776,5,360
43668,27,12,115
14673,724,11,302
12130,337,7,117
23668,410,3,150
16222,538,11,198
24669,155,1,12
35068,550,11,194
24253,932,3,402
10435,670,8,295
29552,386,5,130
38384,508,3,183
17393,708,8,294
11617,30,6,29
39520,572,3,204
10852,465,5,208
32401,133,1,2
7295,711,6,322
36993,725,12,247
35084,215,9,3
46105,879,12,300
40575,756,7,269
37451,862,11,339
8227,342,8,131
32910,955,6,384
37041,792,11,280
24384,531,5,177
1145,647,12,276
38778,681,6,258
17035,649,7,285
4040,184,9,56
43422,271,8,23
27160,798,5,335
18633,63,7,34
30344,489,8,185
18014,508,1,220
15996,200,8,67
42621,96,11,63
12695,393,7,154
3852,647,11,272
17014,976,12,430
28042,86,12,48
34755,544,2,202
41390,111,2,32
24711,777,12,307
27122,798,6,329
10160,670,3,312
28213,872,1,373
40420,263,8,16
8421,360,7,142
22400,922,4,384
34537,804,1,329
18727,323,2,110
47882,417,9,93
5358,722,4,339
29482,467,3,169
33117,116,8,20
24164,350,4,122
32910,224,7,22
33496,468,5,139
45311,437,5,107
30371,668,11,237
39467,96,6,40
18625,915,12,379
34893,568,4,209
11793,817,2,391
32007,444,6,149
26766,448,5,157
40532,504,3,167
13323,834,4,375
46799,154,3,22
47820,673,3,229
46408,273,4,35
8843,579,2,266
15210,274,4,104
17456,665,10,253
32367,821,11,329
11106,739,2,316
38957,518,10,146
3472,632,8,301
7704,503,10,205
4713,65,5,6
6051,462,7,183
11756,601,11,257
3475,667,4,328
37378,811,10,297
5255,598,6,269
15484,23,12,70
35503,755,10,286
9258,20,4,10
41747,309,6,34
36196,128,1,11
46113,796,6,295
41194,594,6,190
9533,479,2,235
33581,285,12,36
6249,157,10,42
20201,453,10,161
10686,63,9,30
47877,905,6,334
33007,529,12,174
1661,963,11,445
45843,281,7,27
31137,747,2,308
48556,652,2,232
43828,171,2,10
49604,232,10,20
11526,253,11,66
4374,882,9,412
26592,642,3,260
29982,973,4,437
1207,380,1,169
36433,339,1,100
24197,241,4,65
34400,971,2,424
4083,757,8,338
30328,229,4,32
47479,415,3,109
43891,950,3,390
21103,602,6,241
40891,508,12,140
11754,891,6,397
35447,620,6,222
16901,793,6,347
34004,980,8,391
8446,897,8,423
38211,483,9,141
49231,719,1,256
30301,643,10,235
27116,471,8,154
42323,432,5,114
19752,953,3,419
33376,770,11,288
17669,495,10,202
33916,275,3,76
14395,169,6,33
21421,146,8,4
27342,411,10,123
5895,850,2,409
12023,499,12,196
11699,416,9,164
10715,942,5,440
20169,421,5,158
17163,293,1,108
6782,864,6,401
23641,977,11,411
19792,929,11,385
36585,158,5,18
31682,122,7,37
48864,261,7,14
19880,136,4,21
39067,233,5,24
43685,503,10,140
19073,548,8,212
37035,710,2,271
38174,243,1,41
25837,289,6,76
18826,844,11,345
25981,880,4,359
11382,153,10,31
5437,133,3,43
6435,460,7,198
25819,663,8,264
37875,670,11,233
32982,384,12,94
34328,251,4,29
13329,477,12,166
26169,394,12,118
22932,623,10,230
35594,798,12,302
12421,630,11,263
46033,226,11,25
8629,539,6,214
9325,487,11,211
29495,901,11,358
32750,462,2,155
30619,936,8,386
41461,340,6,68
9264,112,11,9
13686,427,9,153
47484,177,11,36
25226,891,6,371
7721,118,6,16
21609,244,12,34
8373,871,2,415
39675,460,5,158
49895,739,9,238
29937,604,1,254
6656,420,4,180
9984,590,10,241
30984,818,10,319
9286,83,3,13
6901,787,1,362
32552,579,1,208
26709,298,1,96
32055,729,1,316
38685,689,2,245
9429,842,11,385
15716,538,5,222
49563,267,2,29
12138,387,4,153
36298,763,9,269
24429,637,3,260
6772,990,2,481
49244,117,4,55
49519,287,9,31
36732,79,4,39
40905,519,12,144
18347,327,5,106
17920,512,4,194
32822,430,8,115
47659,159,4,37
41108,928,2,365
24563,347,12,82
8967,483,4,211
46183,721,2,272
12871,656,9,275
29763,944,11,396
12916,182,8,46
9734,79,9,8
34613,944,4,390
29179,50,1,30
36262,352,3,112
13677,95,7,5
19268,774,1,348
13330,336,11,106
21733,789,8,320
38947,436,9,116
28286,987,8,417
7610,209,5,81
7430,508,12,204
40922,908,11,330
14828,334,12,112
43913,315,9,62
32497,520,4,181
40256,196,9,21
37618,819,1,328
47332,825,12,292
27526,879,11,353
31158,738,3,297
26032,234,4,46
38846,875,11,335
45936,672,10,198
30794,616,1,248
6448,713,12,314
29861,351,6,95
29141,147,4,17
10074,288,4,91
7406,570,1,263
32823,554,5,199
24291,773,9,321
42568,385,6,91
33003,638,8,219
47851,367,11,59
35406,161,4,5
24312,164,9,1
44108,811,7,307
2382,264,7,104
35171,461,8,132
42779,722,2,266
4292,309,12,106
42779,710,6,261
34187,131,7,22
13411,233,3,83
38285,669,8,233
16422,905,1,435
43468,219,1,34
33371,424,10,94
6693,440,3,190
34535,26,6,72
15818,877,7,385
32238,544,2,181
31874,611,6,242
27715,305,12,60
28605,690,5,276
35317,408,6,103
32174,435,1,144
10956,803,10,328
39908,732,7,257
11837,169,8,41
4716,979,7,461
5481,447,9,179
25282,827,1,345
7548,312,10,118
38605,353,9,70
8758,291,11,115
44668,62,11,88
24177,487,3,169
25022,338,2,98
41761,511,6,146
6542,546,11,209
26476,779,5,324
31784,191,4,21
23740,749,4,318
25817,668,8,252
48596,340,10,14
17052,758,3,332
36153,63,1,32
48076,551,5,175
1671,650,8,306
1163,473,3,233
42424,765,2,301
45002,989,1,399
5795,899,4,440
11634,910,11,394
5798,948,2,447
23420,867,8,369
30300,887,11,346
25345,793,10,309
11749,102,12,17
39595,562,9,174
26121,341,10,98
38487,805,1,321
29411,253,2,63
34361,559,6,191
22223,271,10,71
8394,855,12,390
15056,784,7,361
29380,468,2,187
27035,258,8,69
31620,509,10,151
20877,901,9,379
44404,483,8,128
31911,960,9,393
33784,333,6,100
4191,194,11,52
34160,725,7,271
26000,199,6,29
40040,951,7,382
4631,404,3,191
7172,314,4,125
43080,234,9,12
24561,734,3,298
25817,781,2,317
21281,893,12,357
29671,788,11,301
26364,94,7,26
42674,363,6,77
28425,733,3,294
29602,161,6,11
24253,737,7,293
24472,218,6,59
9080,938,1,457
8099,190,12,44
26431,425,1,147
32186,847,9,309
48684,247,6,7
31111,430,12,110
40851,971,2,413
23614,917,11,385
27724,954,1,415
42991,710,11,257
5940,897,12,398
29758,806,2,341
37224,81,8,58
8788,346,5,148
29082,735,7,283
25034,982,7,409
36479,978,2,403
12280,898,4,405
19052,152,2,26
17531,603,7,246
23804,609,5,246
29903,208,1,32
45857,375,2,99
11142,90,6,0
49355,282,4,26
10866,325,7,130
5531,577,2,281
46454,243,12,13
39098,347,2,87
39278,781,12,272
29138,607,6,229
28065,93,8,49
30956,530,1,194
42732,161,5,33
40261,604,1,221
11759,121,11,6
6439,625,6,285
48241,600,7,186
43533,84,6,51
29270,212,9,16
14279,972,3,459
40279,81,8,58
45251,551,3,190
24888,260,11,66
18630,734,12,295
36144,429,7,128
32182,319,5,77
26538,214,12,18
12824,473,1,197
33125,593,11,178
7979,638,12,256
27189,656,4,261
43600,320,11,33
13504,798,9,332
21669,475,8,175
7910,221,3,77
47857,693,2,232
35964,875,11,332
21131,321,9,87
26227,643,1,246
6978,356,9,143
22991,51,12,54
18153,990,7,432
34548,117,12,38
43676,778,2,296
40071,792,11,295
48454,210,5,12
4983,560,2,262
10503,67,5,11
30921,269,7,61
17905,245,5,61
46838,291,2,44
24953,684,11,259
27806,504,5,185
46000,347,12,30
23168,816,12,303
5583,199,10,52
39714,833,6,345
40896,684,5,246
12889,765,2,361
28413,42,6,49
13275,949,6,425
3461,982,12,447
15291,625,2,290
47804,389,4,94
12435,264,7,75
28935,821,1,334
34453,179,1,4
19544,392,11,137
13258,304,12,93
31841,540,11,181
49758,469,6,110
11736,716,7,316
38643,826,12,310
44950,666,5,213
35964,641,12,218
29044,600,10,202
40933,155,8,22
16997,115,11,17
15215,138,4,30
34069,393,3,130
24911,293,7,64
18030,889,4,404
30334,897,1,384
15571,869,11,383
43719,196,8,0
29927,892,5,356
21714,768,8,315
44541,803,8,289
24387,296,12,67
29444,157,5,12
49908,893,8,317
20921,151,7,2
14057,63,3,14
46268,142,4,40
25858,155,11,4
49689,386,12,51
45638,392,7,64
27062,145,4,9
37850,458,6,132
47486,806,12,258
21567,595,2,229
30739,827,12,315
44285,763,2,278
4754,70,3,19
28044,156,10,11
2724,177,7,64
2376,75,3,12
9706,612,12,234
9894,763,3,365
19037,447,4,174
19450,462,10,168
17406,930,6,415
30725,983,1,429
6926,345,6,149
40019,659,8,223
10496,657,12,283
37068,848,8,317
30806,99,6,33
23663,493,6,192
42321,396,3,115
37495,888,2,355
23656,938,7,408
26860,352,8,83
17832,194,10,53
39787,676,6,251
49231,460,5,120
22727,145,4,15
43815,713,1,259
30545,238,9,33
45522,967,11,363
3520,297,10,118
4081,504,4,240
35196,614,2,238
37735,954,4,390
40213,160,11,15
15566,865,5,381
15042,626,2,276
26498,896,7,375
12329,725,3,317
32656,129,8,31
3159,71,4,16
38900,634,12,197
20363,632,11,249
48701,673,5,218
44241,732,3,260
20033,989,11,446
11805,338,5,113
36851,218,9,5
27832,815,11,313
14944,748,2,327
20873,65,7,29
41372,524,10,153
24928,559,8,203
16379,533,3,197
37751,914,11,350
35546,36,4,59
25286,334,11,70
6110,455,10,206
13087,407,2,172
24762,96,10,25
18081,997,9,429
35947,918,3,377
10596,390,9,158
39019,184,7,14
43003,628,6,218
19313,636,11,247
48639,43,12,108
2013,731,11,320
24705,54,3,27
2828,533,11,259
8909,820,7,382
39356,863,11,319
14109,873,3,406
3023,480,11,189
15537,157,6,40
27661,868,8,349
39659,593,5,194
34848,830,11,311
38804,728,11,249
16379,908,3,414
28766,590,6,217
44590,284,8,34
3563,352,10,137
37060,207,3,23
30197,82,12,53
4586,839,11,384
17087,298,11,84
49868,561,5,151
24225,190,9,22
30750,522,10,160
7643,983,10,441
28523,552,3,207
37727,318,12,45
12005,220,11,53
44543,154,2,12
1161,291,11,93
17029,554,8,208
15226,461,7,179
29731,106,12,43
44922,50,9,98
45848,140,4,23
4390,88,3,34
6997,665,10,307
13693,902,5,411
43092,980,11,359
1541,846,1,420
22817,515,5,175
38861,943,3,389
14428,165,1,49
44934,352,3,80
49831,500,5,158
11258,925,5,428
17044,282,10,85
30411,312,12,57
6469,448,8,174
29854,105,11,37
7256,35,1,4
11720,747,7,331
34937,647,5,230
34598,137,3,33
2651,289,4,112
20194,414,3,164
26051,998,8,409
28386,874,4,365
10518,181,3,48
47026,719,2,270
17184,123,3,19
34787,672,7,244
22621,186,6,30
11028,319,10,105
13448,47,12,38
46253,443,5,118
35051,803,8,312
31447,581,11,203
19394,902,1,406
35501,175,3,9
31254,343,2,108
19509,367,2,153
49998,140,12,71
15472,975,11,417
46657,671,12,216
4471,547,1,261
42796,840,5,325
31268,969,5,400
9329,580,3,267
35865,183,12,11
47850,81,12,93
47698,359,9,61
29272,685,12,253
43845,331,6,66
7397,395,10,157
33373,365,6,102
36525,169,10,19
25570,907,6,386
19284,604,2,252
19994,600,11,239
24284,996,10,399
18833,196,10,30
26122,373,8,101
6017,533,6,232
17370,328,3,119
30252,138,10,26
8999,538,9,221
23436,786,2,342
43963,992,7,363
3096,935,3,441
49201,497,12,130
26279,433,6,135
44363,606,5,199
49709,370,6,51
27201,525,8,187
20715,214,3,80
30309,206,2,40
16078,469,8,194
6105,515,1,249
30312,534,2,206
3839,715,10,316
4384,866,1,419
44619,292,5,35
43821,899,8,332
14493,71,2,19
18069,282,4,93
47907,387,4,81
8531,152,11,17
38051,244,11,19
8736,329,7,139
8710,592,1,272
2619,896,9,420
14975,35,3,29
46603,760,6,261
24252,214,10,19
16261,782,5,351
2431,462,4,220
10067,322,9,113
38481,67,11,75
28037,766,12,286
10557,140,9,8
10435,518,1,236
38766,851,7,341
1162,581,10,278
35742,488,9,158
20675,60,5,13
9461,475,1,209
18015,553,8,217
33591,390,5,112
29047,201,6,17
35782,536,7,162
10833,676,10,288
8896,888,7,398
33972,609,12,197
42800,250,7,34
31508,828,1,363
6347,367,7,153
31314,498,11,151
3643,228,3,93
41785,694,5,250
19681,699,10,297
39328,297,5,59
16892,768,8,345
48299,707,7,238
18073,72,7,27
37768,880,6,342
31682,29,7,65
33262,677,7,247
32358,758,5,310
15289,767,5,344
8927,483,4,228
49330,773,4,281
2171,836,5,406
12918,602,10,249
42903,177,9,22
40110,38,11,97
12929,74,12,5
3539,975,6,471
37727,746,8,264
46951,987,9,363
23669,740,12,286
6432,40,4,6
21644,301,12,82
19745,780,7,333
29228,559,5,198
35521,954,4,406
32703,436,12,115
27928,827,7,331
19322,742,3,323
23360,304,1,104
30055,551,7,196
43891,551,9,156
17376,530,2,222
7588,861,7,389
26000,415,10,129
7304,139,2,52
8345,116,3,27
30300,139,10,12
25259,556,12,203
26470,172,10,20
24017,264,3,71
16352,791,12,329
34365,535,4,194
20446,412,6,156
3336,162,3,66
10879,523,9,214
33316,813,2,329
34340,866,7,356
8521,877,6,416
7171,239,2,97
24481,858,11,343
19474,179,3,33
47760,95,6,83
45629,630,10,196
46232,711,4,244
22008,658,1,292
2633,51,1,43
13485,796,3,372
44617,353,8,68
4648,544,11,208
48945,459,4,136
14140,911,11,387
18921,959,1,445
15357,371,8,126
47136,358,10,54
4137,945,6,455
1097,419,1,194
12407,415,12,142
31575,221,10,17
13722,981,10,430
13924,549,6,233
4750,928,1,471
28733,112,10,33
9535,811,10,334
25487,377,3,120
31651,415,2,135
5666,847,4,396
49777,79,2,66
17994,496,11,201
2727,745,5,363
35622,631,4,233
11800,20,6,41
38823,574,7,170
44039,330,12,52
19708,187,2,42
13819,211,2,94
10369,53,8,15
10283,53,9,21
31573,707,5,259
14171,436,7,177
31933,727,12,267
6774,177,9,38
7519,776,1,377
11983,519,8,217
31932,385,10,113
31798,359,10,80
19133,877,9,388
15939,354,9,108
1781,602,10,280
28624,346,7,102
7823,133,12,27
19489,816,12,336
40961,938,12,340
30118,437,12,129
35881,487,10,152
17280,162,3,38
23263,628,5,253
14565,328,2,122
21354,420,11,147
43951,339,10,49
26643,231,3,41
24648,336,10,99
42971,204,7,7
19658,224,1,80
22253,383,3,127
49563,235,5,14
27390,265,11,57
24128,258,4,66
14489,824,3,370
39314,410,6,107
33658,539,12,168
7852,609,6,277
30450,855,4,370
3551,296,9,116
7411,976,11,432
34243,221,6,13
22800,233,9,42
11403,625,11,267
8239,497,10,215
7710,527,10,224
22384,995,2,466
22038,94,6,10
41846,688,4,262
23447,684,2,286
3285,973,5,481
38991,161,3,10
14521,609,6,266
48657,341,11,28
7971,713,8,323
30139,480,4,172
20909,726,12,293
12531,689,4,315
15721,165,5,35
20206,73,6,25
38711,375,11,78
7530,296,7,125
12116,840,6,374
1258,614,7,296
1282,419,9,191
14937,687,4,307
2898,535,10,224
5135,518,1,257
7629,330,9,119
44936,290,7,60
20584,595,4,239
24551,468,10,144
34380,131,8,33
47971,258,12,2
18071,163,7,31
21074,393,12,128
26188,39,2,30
3307,595,1,294
40901,308,9,36
12205,612,7,262
6906,216,10,56
3591,401,1,160
16149,600,4,239
45918,717,5,252
40951,698,5,258
26150,736,5,292
32852,511,11,148
43870,183,3,11
2283,625,5,278
34691,268,4,62
2125,87,5,21
2529,874,7,411
27170,40,5,56
9438,850,8,387
21095,531,8,196
17154,616,3,283
9004,409,5,172
10752,555,12,203
44360,130,4,31
27819,968,5,414
37632,882,8,331
27515,614,4,235
25217,889,5,396
24172,479,7,172
33994,97,3,32
16036,453,6,163
12739,399,9,135
33220,671,11,237
10587,459,4,190
45517,907,4,351
31129,802,6,326
1645,358,6,147
31930,443,3,138
17299,188,1,54
31090,728,3,299
22953,984,8,422
47443,281,8,21
27475,746,6,291
19888,598,7,241
44732,248,2,28
17087,180,9,27
47305,446,3,122
47037,141,2,32
10346,168,5,47
1587,871,1,437
13763,724,5,325
42945,762,10,279
5079,130,4,50
37116,676,12,214
21215,240,6,53
26817,923,12,380
25765,83,5,23
31112,657,9,248
26556,749,5,299
19099,815,8,343
44553,373,12,55
46096,493,2,151
7450,928,3,430
14230,767,3,358
30009,504,3,189
6433,32,6,11
34866,953,7,378
40864,172,7,11
19710,258,12,63
12439,209,7,59
42855,682,12,195
17021,105,3,19
7416,40,1,10
7980,713,6,323
19058,338,3,122
12101,177,3,61
41718,990,3,396
33602,983,9,387
10122,500,12,179
13576,898,4,407
28516,95,5,18
23433,348,3,100
2089,435,10,188
38346,222,12,6
10127,248,1,98
11487,171,12,36
1155,794,4,388
2958,91,1,30
11693,244,11,37
40112,492,11,127
39547,916,7,346
29795,662,7,255
22447,379,4,130
37598,559,5,208
42814,830,10,313
26215,628,7,239
10794,65,6,11
34209,20,4,79
23424,697,4,292
48246,264,2,14
38396,238,10,7
7370,633,2,314
10528,310,12,116
29276,477,4,167
45333,223,5,8
9179,221,4,78
49781,585,3,187
17843,501,11,188
24952,811,2,357
34160,530,4,185
45898,943,11,338
30516,297,5,83
11449,35,1,7
22125,544,1,211
8418,375,6,170
23746,375,5,119
3454,849,11,387
18761,958,4,437
16223,618,1,279
7701,97,12,13
3597,947,7,447
1141,86,4,39
3659,878,3,431
21980,742,7,311
10031,233,2,82
16037,716,10,301
47738,468,1,136
39429,984,11,387
7142,452,4,204
13109,564,8,233
23010,134,6,12
9787,806,9,364
43864,439,1,134
9472,518,1,222
24383,729,11,282
5249,399,5,183
48717,162,6,43
35518,759,8,275
19351,651,3,287
5088,884,6,398
16282,43,3,24
20330,558,8,210
43409,964,12,356
22778,94,11,35
25264,772,11,304
6075,554,4,246
11412,692,2,320
49454,60,12,121
29365,769,9,319
8230,770,10,348
49200,587,8,168
12002,432,6,175
14947,434,3,183
14686,468,2,197
30304,629,4,254
14074,677,4,309
5493,997,1,486
35228,793,9,295
15140,455,10,174
32655,571,8,214
44472,724,7,250
7816,258,6,91
12639,61,3,7
48192,753,4,272
47733,727,2,253
30492,819,7,339
12240,29,2,16
33698,766,10,292
27957,856,1,347
33808,284,6,69
6827,600,4,293
33762,464,8,134
9259,158,1,61
15849,886,9,395
17232,750,6,327
41572,215,2,3
25173,93,8,28
6374,634,5,275
22174,244,5,75
24567,654,5,252
36292,121,7,23
10277,283,7,88
32600,964,10,375
10885,939,11,425
1778,180,7,61
30165,252,12,28
2492,510,10,211
31462,806,2,345
14615,789,8,345
45900,330,1,70
43946,670,2,226
8851,246,11,72
17288,292,7,100
8156,957,4,447
3044,336,11,139
8368,918,10,429
20900,105,10,18
31600,310,9,62
47403,488,11,114
26634,748,9,293
10168,890,3,398
21961,597,3,230
45096,788,9,285
47087,666,10,199
24852,423,12,103
34110,446,8,113
33174,394,1,118
35215,921,6,373
27955,586,7,229
7581,887,11,405
45619,774,8,266
7317,271,12,82
43856,552,12,152
46714,326,2,54
27649,449,1,155
24132,694,4,275
17789,887,1,398
15567,283,2,99
15868,87,3,8
25370,126,4,1
43533,419,12,83
31483,598,12,201
13466,218,6,80
29803,211,8,19
19230,533,9,202
18862,788,4,346
44355,461,1,133
32259,20,5,75
34539,377,5,92
22909,134,9,12
31795,922,6,383
9770,619,5,262
12093,216,10,39
47571,623,10,187
1193,293,5,117
35775,875,8,340
18569,179,11,8
12190,192,1,55
43752,564,5,186
33327,477,1,155
43070,604,7,194
21389,452,7,158
41197,948,10,350
3261,500,8,222
29369,474,7,147
27512,215,11,18
7716,815,9,370
22259,618,8,234
29933,328,8,68
42689,755,3,282
5378,575,10,257
41583,867,4,342
47546,513,4,156
20835,458,1,162
30033,669,6,265
25000,801,2,367
46496,378,9,73
11332,55,1,0
43604,53,1,64
3800,107,11,11
30538,677,10,260
31119,35,11,78
9333,764,6,355
6410,440,1,195
18839,572,12,224
31519,786,3,322
6808,812,10,370
7796,145,2,41
22180,27,11,59
44056,491,9,141
18709,487,5,181
18543,899,6,414
38418,881,2,351
30075,871,8,348
38755,529,6,144
48968,421,11,73
38465,855,12,310
31502,195,8,19
17724,759,8,322
4828,985,1,477
18087,854,7,356
13605,933,2,441
32337,386,11,114
6482,507,8,216
28005,37,12,58
23760,75,2,24
6463,938,4,429
47628,54,2,85
5912,921,7,433
5648,649,5,282
34623,813,11,312
36634,785,11,296
45602,744,9,240
4112,592,5,276
23054,619,11,229
5492,802,8,356
23207,366,2,142
16114,51,3,10
35285,927,6,381
17018,152,11,11
22386,595,7,239
18740,218,10,38
45199,275,8,20
9210,361,3,153
45363,686,7,229
46639,994,8,386
13743,250,10,67
43092,320,6,73
45299,566,4,171
7588,45,6,5
4311,554,9,247
23432,672,3,289
34755,493,2,170
4321,406,5,185
16812,304,7,91
38383,469,3,159
49280,339,5,55
14146,175,4,43
14654,490,11,175
36820,439,7,118
1726,132,2,66
4760,921,12,414
23190,670,11,257
2875,441,7,204
24377,905,12,368
47737,949,2,387
5033,740,3,349
39211,854,5,322
18373,895,7,380
4744,961,6,449
25995,617,12,218
17977,304,7,96
33402,591,11,174
35542,73,6,50
11651,624,12,266
34703,344,1,92
14395,989,5,446
30808,477,12,152
37576,904,1,378
17715,284,7,84
45409,401,4,103
25306,232,5,41
20086,352,1,141
15376,29,8,38
6889,377,4,167
38822,222,3,20
37636,727,1,279
21584,77,4,21
35610,513,3,195
11058,529,8,217
10101,787,9,342
13497,242,12,52
5658,388,5,169
12381,711,9,304
41312,437,1,139
41486,893,7,330
47619,566,11,168
18154,890,7,383
20539,122,6,12
12777,180,4,57
35396,219,11,6
31373,179,9,20
34154,714,3,294
7031,884,11,411
28997,155,11,18
7439,961,1,452
23785,417,2,171
14392,757,3,342
29669,411,2,137
29939,774,6,306
3282,125,7,15
35624,602,5,213
49438,608,5,199
25364,73,7,43
2998,296,6,108
32705,130,12,23
39244,243,8,14
10428,94,9,1
38437,525,2,189
13336,33,12,40
10342,990,2,452
40832,789,1,302
8446,501,7,208
39392,208,11,7
8461,383,4,156
35587,258,9,20
11516,420,6,183
14749,865,12,367
18514,323,7,93
36426,110,7,48
37268,411,8,101
25950,203,4,37
35888,36,3,74
37788,984,3,406
11213,31,10,42
37027,185,8,9
29011,165,12,1
43849,301,3,63
35591,568,8,203
18858,601,2,261
19626,188,5,32
14467,866,5,386
40758,189,7,8
4134,784,5,355
17743,365,9,123
16434,518,3,212
48775,479,9,118
11233,316,1,148
2141,962,3,475
19019,161,4,38
21384,916,6,411
43903,804,10,286
46734,756,8,268
37129,714,7,247
23967,752,8,306
41603,72,6,57
12172,137,6,37
17390,384,6,150
4267,690,3,319
40332,977,10,368
27167,155,4,31
22312,433,11,117
28840,96,6,28
19990,867,7,362
45179,981,3,399
6906,576,4,272
49796,37,6,97
41379,886,1,353
18297,960,11,408
3011,422,7,172
45014,224,11,7
47558,518,1,152
12738,343,11,108
29797,614,12,208
48498,581,12,171
12120,300,10,104
9767,185,11,34
23852,262,11,75
14703,908,9,417
1929,498,10,211
12951,183,9,33
27039,343,11,92
49613,587,9,175
30504,570,4,202
18438,850,2,373
49515,659,7,213
6744,922,4,448
19284,653,5,258
43417,778,1,312
40748,717,11,237
8069,227,12,49
43359,334,10,50
20799,323,6,108
34210,920,12,372
29226,258,7,49
5652,746,3,367
25323,823,10,328
43138,243,2,49
8597,107,12,17
48093,556,12,144
38226,448,10,109
7591,239,7,86
26833,294,1,80
12826,666,2,307
27417,973,3,401
19693,764,4,344
15138,996,5,460
3169,85,4,11
19556,611,10,239
23052,442,3,156
7313,274,1,133
9315,144,7,42
9036,165,12,22
32778,634,10,236
28734,404,6,139
24173,466,2,180
31403,406,2,121
1785,402,3,185
7139,296,8,112
7344,401,8,160
19800,143,10,19
26372,945,10,396
21538,286,10,66
15973,809,12,334
6619,130,10,16
35704,400,11,89
37575,844,12,309
40919,620,8,229
43261,918,7,348
46123,177,2,5
28716,747,1,317
4236,915,6,435
16848,832,11,346
3352,567,8,267
2932,618,1,317
11913,137,3,48
9556,347,1,142
22300,979,10,419
6498,713,9,311
11582,87,7,5
47633,453,8,103
10569,378,9,136
5857,690,3,330
1340,816,10,369
44949,462,11,104
17766,183,2,66
27132,992,6,423
9491,380,5,158
1138,604,4,283
1358,138,6,48
10714,872,6,399
20840,214,12,14
35395,620,3,224
31654,876,2,368
26879,607,9,234
16996,752,8,317
38772,670,4,254
27762,903,6,395
14283,926,3,430
40420,260,11,20
20554,528,8,189
21219,685,3,281
35919,584,2,207
10429,161,7,40
47840,851,3,322
45695,995,9,374
40673,925,3,366
20218,50,8,43
13452,242,2,83
49980,823,9,285
19951,285,1,102
2307,301,12,132
15852,807,3,366
26232,400,11,122
36428,575,2,208
44171,81,12,77
27485,732,7,289
11238,866,5,414
39975,540,8,176
2140,90,2,42
25842,621,8,245
27421,555,7,170
2708,159,12,58
4630,335,11,118
20595,359,5,113
11485,907,2,429
29308,609,10,213
45789,745,11,242
27086,547,7,197
17859,560,10,232
8684,435,4,184
26552,486,4,168
2207,394,8,148
47099,310,6,57
2960,62,9,0
1557,883,11,406
30689,906,2,387
49651,72,5,62
14893,807,6,345
33272,902,8,350
1882,251,4,106
38529,231,11,10
39635,27,7,85
30535,653,11,235
13869,502,7,216
8166,61,4,5
13982,352,1,145
41697,252,3,27
39115,89,2,42
8269,898,12,407
29064,35,3,40
14527,88,5,13
3454,72,11,10
21878,704,12,276
13991,966,1,446
3808,793,5,383
40410,398,2,101
37593,820,4,336
37304,482,6,146
31386,546,9,185
49077,801,10,272
4802,698,6,315
29753,82,10,59
22083,280,11,67
19354,519,12,205
23190,140,2,35
7142,877,8,404
29398,259,5,55
42862,484,9,126
34132,126,10,37
20503,199,9,23
49456,35,4,111
35631,374,1,112
17499,953,11,405
40852,328,9,63
9016,746,9,327
3384,608,8,271
16072,756,5,329
37703,624,5,229
46895,200,10,25
15482,193,6,47
41510,373,1,97
49933,373,9,64
22826,238,5,58
3490,674,7,287
47092,334,11,39
26518,453,8,139
25045,924,5,383
27910,301,3,100
25566,278,6,72
34905,887,7,354
28103,578,4,201
37188,24,9,108
6845,593,11,264
22162,615,4,261
37674,664,11,211
20337,413,10,141
23313,355,2,118
27943,82,9,40
13413,812,4,378
1276,63,4,4
18611,172,10,26
40105,945,1,391
12944,801,2,380
16906,873,12,378
21536,702,3,298
28810,175,7,18
13306,497,12,171
11503,294,9,90
20225,377,12,104
37976,445,5,134
12590,551,4,241
11886,502,2,217
13866,233,12,80
2088,98,7,28
4363,158,6,70
33792,969,12,379
10764,117,12,13
21620,908,7,391
43727,683,8,239
13935,217,9,39
9068,804,10,331
8295,175,5,47
42160,69,11,93
12390,498,5,210
42216,247,4,33
21131,970,11,429
30218,476,3,167
11433,541,7,230
16038,168,5,35
29182,77,7,34
12528,181,2,74
22281,882,9,381
49511,496,9,107
9605,126,9,3
35782,446,5,152
2381,414,10,179
2098,820,12,387
20810,205,9,33
25322,577,1,234
42869,976,2,397
33955,465,10,140
45716,660,5,221
11207,936,5,424
22793,849,6,354
3092,467,8,191
29220,106,12,38
19514,268,1,98
39010,860,10,312
9549,459,12,180
23031,276,9,67
6185,296,4,129
16271,809,8,331
6776,457,12,173
13449,535,12,216
25297,596,5,232
41591,966,1,393
16717,221,9,61
41123,594,8,187
40233,674,5,243
46505,775,11,274
47092,823,4,319
11350,816,8,348
31622,199,9,18
36323,705,7,249
3951,344,4,146
18622,944,7,420
5727,642,6,287
39454,706,11,238
37469,494,12,127
36548,684,3,258
24782,995,10,421
29454,419,3,128
3368,887,1,426
16592,236,5,76
23173,828,8,345
34204,980,12,373
36596,472,6,130
35324,423,8,119
47132,984,7,372
24864,951,2,416
48829,259,8,19
31750,757,4,298
11576,205,11,68
17566,67,5,26
8190,997,11,444
24071,405,8,161
39333,227,5,29
16369,176,5,58
25035,244,6,64
2589,163,7,54
26235,438,9,122
1159,130,11,25
13145,849,7,381
16373,894,6,389
32921,893,12,338
40323,484,10,117
17237,151,4,21
42971,644,11,203
9244,855,10,394
15743,966,12,402
32566,620,2,240
47101,692,11,228
47109,353,11,69
19691,939,9,415
34996,94,10,57
6590,812,11,364
6585,431,5,177
10227,538,5,217
29278,644,11,252
39814,55,12,78
13237,797,3,362
16649,644,3,265
38713,823,1,339
8927,242,12,65
46409,742,11,256
49766,549,5,161
47154,260,3,25
8016,153,11,31
15027,751,2,323
49688,410,11,61
25142,121,9,14
47520,671,10,213
24545,700,6,275
32897,517,3,183
4167,530,7,236
45757,722,12,240
27917,556,9,189
23736,996,9,430
28990,968,1,429
15087,564,2,243
23440,362,8,109
36205,860,11,324
16275,25,1,5
6276,977,11,441
42627,213,12,5
41586,761,11,254
38496,156,3,2
20008,854,11,352
6738,931,7,437
33402,492,8,152
6793,235,5,101
38291,368,2,83
6571,895,3,432
32331,202,9,1
17209,187,11,37
49014,813,10,282
26394,57,7,38
44148,694,1,262
26682,490,3,178
3224,471,9,197
42157,974,7,378
49695,509,12,128
45452,161,2,18
44408,779,6,291
33441,962,9,372
42430,122,4,27
40129,730,10,259
35716,731,2,287
45859,61,3,60
27586,966,7,400
45760,166,4,32
24478,85,7,19
7318,962,5,458
29694,212,8,11
21180,317,8,91
13180,57,5,11
34002,521,7,179
16372,672,11,274
30796,637,6,240
25427,447,8,142
34290,683,9,246
29099,371,5,121
46486,945,7,364
10821,345,1,159
6832,57,11,17
13820,116,8,16
17211,127,3,5
40890,650,1,237
6842,170,6,70
2316,93,8,9
46968,76,11,96
18508,897,3,376
23005,354,1,127
16206,271,3,98
19971,938,5,424
26599,823,11,317
23056,844,8,354
2378,786,9,364
2519,273,12,100
23161,404,9,107
41703,475,4,146
39861,278,8,28
6355,801,11,350
10083,484,5,229
39342,53,3,83
21456,514,5,218
14324,345,2,147
3257,856,11,394
28364,257,11,46
25972,710,11,272
47179,635,6,213
27654,560,1,208
16233,758,6,323
16887,485,5,200
30320,763,9,302
21808,323,7,103
31154,881,6,369
35773,866,11,340
28747,136,12,35
11860,226,7,72
43838,931,10,344
43156,716,5,256
19156,500,1,194
21360,669,9,256
19135,422,5,154
26351,854,4,339
31499,695,6,274
48377,919,5,350
24554,606,1,244
20604,252,2,70
17923,948,4,435
48591,303,8,31
9547,499,5,215
45283,908,7,319
34002,786,2,312
15562,995,8,432
8480,28,5,14
27672,734,4,307
5213,921,9,427
11293,398,6,153
35441,836,4,320
3100,622,8,295
45617,400,3,80
29172,863,10,334
21132,681,2,282
19199,379,7,121
37609,195,12,10
43965,504,4,153
9016,424,4,175
40779,52,10,83
38261,484,9,136
32881,715,2,292
18058,176,1,41
25472,584,7,221
42346,827,12,297
35926,221,8,23
35832,805,3,328
37021,194,2,30
25087,263,4,65
13828,288,2,116
32128,942,12,371
2401,465,2,210
20643,93,5,9
16193,115,10,3
27853,892,5,376
45864,192,8,23
21307,918,9,394
37982,425,2,122
20611,174,1,41
44791,202,3,8
12950,342,6,131
11704,308,5,104
44111,277,8,33
12867,606,8,249
3745,193,2,78
4866,349,9,149
33245,250,4,61
45724,778,1,298
6818,180,2,62
49861,205,11,16
31116,922,6,389
16493,162,5,26
29038,301,12,67
21447,926,7,389
31431,659,9,213
18908,697,6,301
30336,46,6,70
41992,265,2,39
5025,506,7,230
21093,666,2,269
7155,916,7,419
47607,221,8,21
34487,40,12,108
48658,610,1,206
21963,689,9,268
21936,113,8,0
5426,27,9,20
24303,491,5,183
46280,358,4,72
28606,278,1,100
48832,74,9,103
29151,930,4,388
14767,567,4,237
12308,25,4,45
45245,396,2,85
46671,573,12,159
25770,69,11,44
29572,131,4,12
42448,165,2,24
3204,249,8,96
28233,742,7,285
22729,516,11,162
32131,325,10,58
34870,561,2,221
39011,480,2,168
40382,826,2,306
42475,647,1,234
47681,927,6,347
22607,245,6,54
25968,78,1,30
34398,95,11,46
12908,447,1,199
27423,747,6,311
44615,151,11,26
10171,951,6,433
13721,517,4,228
17616,835,3,364
43512,929,9,357
39458,612,6,223
47169,324,1,54
8659,86,3,11
44369,249,1,34
12704,352,3,143
33793,924,2,382
49152,296,5,18
47473,892,3,338
32226,603,7,211
24852,740,8,301
33082,803,7,317
23794,163,2,61
42420,270,10,30
14379,815,10,359
8006,710,7,329
9682,971,10,440
34840,99,3,26
33430,76,7,39
24091,385,1,129
33983,327,2,84
24989,193,12,8
10915,481,10,182
43552,769,1,312
19990,697,9,299
25734,615,2,238
15824,512,2,195
37081,579,6,197
12033,658,7,261
43736,700,2,257
17241,885,4,403
6939,393,3,164
48464,974,5,397
48562,368,9,66
36063,86,2,27
35464,349,5,101
12185,871,8,392
28045,213,6,30
45769,174,4,30
48118,179,10,47
20167,715,8,309
37412,285,3,36
22625,187,4,24
40188,164,11,32
28076,205,9,6
45605,905,5,356
20029,884,6,375
23973,793,12,332
40121,442,11,111
32433,805,2,318
44309,476,9,127
2932,859,8,404
45254,364,7,77
2757,754,9,346
31722,573,5,218
38853,535,5,159
39405,807,11,304
2116,815,11,367
44527,955,9,353
12691,724,11,311
1492,123,5,58
28882,266,9,54
9811,831,1,397
28808,42,10,76
25272,972,10,407
29399,834,11,325
7474,544,8,247
27956,163,3,19
48153,749,8,240
43506,714,5,244
14979,882,2,410
45523,773,9,260
43565,212,4,8
29328,484,7,157
48375,803,12,272
13867,394,8,155
26851,696,7,283
32279,711,11,253
31527,648,6,269
8866,285,12,78
16449,397,7,147
11685,569,4,256
24544,575,10,198
6451,882,1,453
22642,93,5,18
42316,457,8,103
40954,900,10,352
39870,245,6,29
32030,838,5,335
31873,327,2,109
1619,985,10,457
34650,367,12,51
26372,495,5,176
4642,334,10,125
29001,544,12,190
35064,444,3,130
30290,543,2,232
15122,581,3,252
25820,844,4,349
3895,965,2,494
6366,268,4,129
9711,650,4,308
20596,588,6,221
19793,201,12,31
9199,981,5,448
11717,795,7,346
37191,125,11,28
11211,210,7,65
46550,156,3,22
24360,719,9,279
22542,139,7,1
32312,773,7,302
46242,850,2,315
37435,91,12,77
29247,774,10,313
23357,150,3,24
42045,476,3,145
28691,800,12,306
13424,924,6,412
19852,498,4,194
23601,71,4,30
19020,593,1,248
9155,138,6,36
4583,896,8,418
16515,283,8,71
37777,258,8,34
20710,370,5,121
44178,912,10,345
25532,274,6,65
19601,704,5,294
5967,328,4,134
19753,768,12,293
21022,850,4,381
44463,626,4,211
10135,868,4,395
6722,514,6,219
28413,76,6,34
28236,969,5,409
16514,422,12,142
44896,86,11,87
38212,65,11,76
41386,625,9,203
21331,669,8,265
19060,388,10,131
2196,624,6,297
13297,251,11,79
3787,421,9,177
24816,927,5,406
41695,580,10,180
20702,42,4,45
26242,593,6,229
3176,286,4,112
21127,860,8,360
42560,137,7,35
28228,971,5,424
21208,619,10,238
29482,620,6,237
10171,74,11,28
36219,172,7,27
34396,258,2,44
43589,284,9,35
41546,287,7,39
4696,926,8,432
21058,132,5,15
21313,185,3,42
20149,687,2,299
46740,27,2,104
42075,733,3,270
5956,236,1,95
11195,450,1,189
18076,311,7,91
2105,912,10,408
16417,69,12,31
25729,126,11,31
47956,28,8,126
31099,764,6,309
33598,719,7,275
30961,475,1,177
13602,342,1,119
10256,328,9,127
21584,869,5,375
47980,641,7,199
35681,164,6,2
26792,759,4,324
22904,840,1,379
44361,431,4,117
35540,133,10,29
27536,594,10,197
20164,418,8,150
13996,294,12,88
3871,143,11,27
47002,105,1,47
23626,601,2,279
11521,66,8,5
44410,730,2,275
2132,895,11,420
34467,963,12,367
15534,220,10,64
24854,295,9,60
43998,568,3,208
40065,734,3,277
46607,149,6,52
8812,467,3,213
5557,823,9,373
3179,408,11,154
44798,595,8,174
10065,282,4,106
9275,985,6,458
48857,651,8,206
36948,297,4,77
21700,733,5,318
40464,65,7,70
43351,187,8,20
28794,464,7,128
29783,641,8,229
17998,65,4,12
14869,743,1,334
45525,559,6,188
29152,106,5,21
21954,822,11,327
32555,404,4,118
17654,688,2,303
46026,284,1,41
36236,796,9,301
47976,41,12,115
16042,787,2,365
26966,722,9,291
49407,469,6,105
45314,995,6,391
46095,251,2,23
15270,205,6,62
31908,345,3,111
16523,202,7,52
48068,416,10,78
20991,500,4,217
11775,422,9,158
13265,482,5,193
20459,436,12,150
17673,221,10,43
28056,84,3,25
7614,975,1,478
37020,927,1,388
8415,574,4,258
24155,752,10,306
44884,36,10,98
17964,855,4,380
38726,816,9,301
38044,202,8,18
38544,410,4,126
33252,63,6,67
4832,992,7,474
26275,920,10,377
15901,719,8,295
39213,921,4,366
35148,501,1,201
43633,282,5,28
23918,193,1,42
47694,460,11,107
20540,585,11,220
12580,239,4,78
39402,577,7,183
39578,413,7,101
25917,791,1,348
23318,214,9,33
11179,428,2,194
13251,490,5,196
46899,366,6,74
20493,481,1,192
21466,80,12,34
31206,185,2,23
46475,691,7,233
20624,170,6,38
27564,130,6,19
23412,507,6,182
28990,568,7,218
36517,22,10,84
14156,502,12,193
24064,32,12,81
26711,181,9,1
31106,363,9,90
17589,468,2,209
24736,351,2,115
21975,283,5,81
37218,102,10,50
8214,796,7,347
31581,943,12,374
21195,353,12,86
45582,399,3,103
28127,238,3,62
6141,677,4,327
29884,829,3,347
25885,828,3,353
3708,473,8,215
19375,692,7,295
16088,760,7,315
45602,765,10,254
46046,108,2,62
11014,352,11,137
4273,329,9,112
48135,746,6,267
38306,439,3,147
31881,628,9,221
32486,744,9,299
13541,373,6,131
9712,843,10,370
10168,119,6,28
4551,164,8,39
13297,29,8,35
44733,63,6,76
28128,782,7,307
3832,405,4,189
29483,758,1,328
23063,929,4,408
23963,780,8,332
14422,514,12,196
33920,512,8,174
12156,188,2,67
12108,661,7,294
32845,550,1,210
3800,355,2,154
39078,766,8,288
43712,876,11,314
3610,532,10,247
13067,149,4,40
34872,558,3,209
11728,533,2,236
30566,269,11,46
30783,753,6,288
21583,966,4,431
21238,157,3,16
8263,294,3,142
2914,483,10,205
24749,160,3,20
20456,963,12,414
26582,275,8,60
1406,901,9,416
14689,843,9,354
33934,475,5,157
34276,971,1,418
37432,453,10,128
20873,626,5,256
14050,192,1,74
1680,492,9,208
19908,974,10,433
19504,442,8,159
22644,936,7,416
38125,458,2,147
2363,76,2,19
43291,517,4,158
36060,633,9,223
2538,188,9,55
37176,601,8,230
42520,869,11,317
26675,580,5,230
19287,447,7,159
1174,438,12,206
27732,366,9,105
35998,536,3,193
38055,474,4,140
13112,733,2,342
40874,221,9,4
10689,198,7,56
45814,76,6,71
20555,717,5,303
34919,623,12,205
8619,823,7,373
7033,925,3,416
42328,965,5,401
5946,520,2,250
25618,758,5,313
35675,952,7,373
37258,131,11,52
19919,167,10,3
5173,800,11,357
44833,734,7,244
27400,397,9,123
5769,896,3,418
38564,934,8,364
46814,367,5,73
15211,377,7,150
24255,75,1,4
28962,832,1,358
20356,335,4,116
21306,983,5,445
5997,204,10,51
18376,73,3,1
41880,56,6,80
39055,742,3,287
11578,824,5,366
19624,289,11,84
40194,882,1,374
45367,751,3,270
1389,527,7,231
34767,247,3,42
46580,447,5,124
49367,889,7,318
2855,742,2,354
41893,829,3,333
14794,20,4,36
36531,42,5,68
5986,522,12,212
33298,467,9,154
2481,815,9,367
4731,515,4,241
17835,919,9,403
28798,444,4,148
27113,719,2,301
20477,37,10,38
18266,978,1,434
21792,464,7,165
21452,580,4,235
44526,578,12,164
42334,646,8,214
12889,58,8,22
25335,748,12,276
12254,229,8,50
22074,793,6,337
12442,230,9,56
47289,584,4,179
38327,991,5,397
17199,300,4,91
8291,886,5,403
41928,852,2,332
1112,152,5,65
22515,468,10,156
20581,283,8,87
49692,826,9,282
27500,130,7,14
33026,574,7,214
17523,869,6,386
2424,257,2,125
20552,910,10,377
11808,476,12,181
39811,920,11,362
7989,778,10,339
24620,535,9,189
40029,895,5,351
1887,880,6,429
32802,916,1,384
20488,881,5,386
31013,843,6,343
17402,192,10,44
22205,212,11,41
27049,534,2,166
13253,809,7,369
19990,987,4,463
8846,587,5,265
26027,805,3,343
40200,428,5,128
47220,707,12,231
47163,647,4,218
4765,103,12,2
16950,690,10,295
46270,817,6,302
10741,99,2,22
23742,597,3,244
25703,228,12,33
39709,541,10,171
38623,218,1,11
23931,590,7,250
24580,253,9,40
16166,838,2,392
30240,263,7,48
26991,910,3,391
39556,412,5,122
33969,585,6,208
11561,465,8,189
17901,868,4,386
41505,412,2,104
31020,28,3,71
26917,632,8,246
2988,939,7,439
49209,826,6,286
45505,734,5,265
15256,923,11,392
23192,172,5,1
29230,129,1,14
40930,853,6,322
46833,285,9,32
23625,392,8,131
33088,171,12,12
15114,995,10,433
42167,614,1,199
39401,974,11,381
6755,434,6,175
11825,926,3,439
23693,665,6,272
5117,345,9,122
25729,691,6,266
33182,570,8,199
29890,195,6,26
30340,544,6,189
2518,334,7,148
31949,86,11,49
23547,971,10,412
17346,779,11,324
3600,572,4,273
47005,203,8,0
30267,54,4,61
37322,953,7,373
27990,524,1,204
17193,868,12,371
31109,982,9,390
20233,821,10,335
49021,95,9,71
17194,491,7,185
35510,601,8,205
2306,765,2,371
4849,542,10,223
13360,899,12,382
46536,302,10,19
30231,835,7,318
46800,555,1,175
37963,293,3,38
19689,558,6,210
30084,73,5,36
41387,74,5,46
10280,907,9,394
3642,764,6,370
43137,296,3,51
15296,462,2,187
16438,902,9,402
49442,437,10,96
38525,651,4,247
3994,244,11,60
48994,589,5,174
35039,274,9,47
2813,195,5,92
28491,585,7,223
19845,165,2,43
42243,790,2,310
38164,683,4,245
43051,404,8,106
14318,281,2,95
18200,550,10,227
1082,873,7,414
2920,390,1,193
41585,702,9,231
12683,910,10,385
12336,923,6,411
16596,216,11,37
3093,967,1,477
13905,604,10,231
25351,834,6,358
31981,616,5,225
9367,303,12,86
6285,321,5,124
44664,151,5,34
38705,139,4,25
17753,747,7,308
19485,155,9,13
13977,647,4,269
20874,592,2,228
8674,548,2,269
30038,53,2,36
30315,551,7,205
4676,227,4,99
3426,989,4,474
25473,693,1,288
3962,318,4,141
30943,541,6,184
1859,113,2,54
45816,433,4,117
5138,390,11,145
36192,428,7,124
26640,402,9,134
11409,460,2,179
5017,897,8,405
11451,466,6,190
29327,638,8,227
11278,636,2,285
25944,90,11,24
44764,962,1,387
2134,103,7,33
31131,228,9,24
38887,278,9,30
39462,258,2,35
23520,321,4,111
22869,251,1,86
37932,951,11,371
6039,301,7,103
22281,413,2,160
48399,437,4,104
11442,225,12,54
9252,283,2,121
28586,330,1,103
18568,878,7,373
21810,925,6,394
2551,716,2,359
13625,645,4,280
35397,98,12,74
27249,888,11,353
2361,361,3,155
27149,832,12,308
5370,581,3,269
6283,851,3,405
8610,114,11,2
44326,789,4,281
15924,960,1,447
48607,370,1,96
45717,81,7,76
11626,161,5,33
35761,861,3,346
1869,753,9,341
32552,887,5,364
2014,130,10,33
11103,635,3,274
17986,546,9,228
45781,801,1,305
31471,690,9,265
34458,176,5,4
26069,558,6,206
17873,616,2,261
24248,28,8,60
24624,295,3,75
44516,246,1,30
30061,205,7,32
25170,610,12,208
9024,235,3,87
17678,452,4,188
39256,588,5,193
21411,675,1,297
44803,375,11,56
20296,862,11,370
27293,411,9,125
28172,598,7,217
22128,294,2,107
19257,513,1,210
13855,636,11,247
20642,470,2,190
36585,439,3,133
21025,719,12,289
5458,183,3,43
6307,798,8,362
42701,582,5,187
19425,657,9,265
44427,611,3,214
29273,202,6,15
39506,329,4,98
6668,36,8,1
26934,465,12,139
48195,189,1,1
8697,299,4,112
25417,932,7,399
17446,835,9,372
41597,359,1,94
11751,745,8,328
47218,729,2,275
8352,538,4,232
14516,929,4,420
24299,30,8,48
32957,543,11,188
29927,641,2,251
42094,152,7,20
37412,920,3,386
30493,659,9,243
27711,167,5,13
9003,585,12,233
32707,842,8,321
4278,973,5,468
8296,98,1,24
26398,365,9,104
36842,628,10,199
14261,268,11,81
12173,658,12,263
31449,561,7,205
42080,43,4,66
2637,490,7,223
32781,220,5,50
14652,150,10,6
6103,653,9,296
26500,375,2,133
35800,963,4,408
36529,858,6,328
48963,169,11,49
19452,545,5,213
32174,323,1,92
36436,560,9,178
48406,69,9,93
16954,483,3,189
18186,259,4,93
13356,501,4,217
33963,925,10,375
3187,474,8,201
12707,302,6,103
36098,354,2,92
27935,371,4,143
22225,687,1,300
4606,668,3,340
33828,346,4,74
27489,355,8,97
15387,685,3,311
4927,100,5,26
7296,106,1,36
31444,795,4,303
47390,277,2,40
47893,204,4,8
3591,711,5,339
45895,717,3,237
49516,142,6,62
27147,908,12,383
39889,115,2,37
2200,624,5,288
16721,534,4,229
20238,923,5,416
12087,462,9,200
31816,533,6,178
24408,977,7,432
40740,390,11,77
1136,324,8,147
18413,376,9,136
49114,167,5,30
19978,304,8,76
1661,676,2,336
36240,861,10,329
28253,892,9,361
27884,937,2,408
33854,281,12,34
11704,593,5,258
39987,510,6,174
25527,757,4,302
17322,50,8,38
48517,721,10,236
7968,906,3,438
28518,287,11,57
47364,31,5,103
28886,210,2,55
2700,419,3,203
29246,556,8,196
36468,937,11,379
24199,110,5,1
45589,619,3,212
33115,863,5,375
6520,520,9,222
45278,805,3,316
37455,320,12,37
21929,130,10,3
42605,99,7,64
15955,855,8,368
45049,671,5,238
14917,452,3,184
5757,436,11,156
14045,233,6,70
42680,466,12,115
5733,37,3,6
31954,73,9,59
32135,899,2,383
8081,628,3,318
42458,814,7,310
24501,765,10,317
22113,998,8,431
35441,259,5,32
48086,865,5,316
25690,940,5,409
44939,437,4,114
30345,875,9,350
47313,505,6,135
45571,463,12,99
27829,585,8,200
36062,618,8,214
4630,792,5,390
48861,767,12,263
32870,142,9,22
48221,439,2,120
45942,585,8,169
4453,235,3,89
38275,439,7,122
44370,728,9,261
39396,570,11,168
9328,985,5,456
16534,896,11,376
20744,247,8,65
20389,256,4,45
37320,663,1,271
36010,349,1,99
15665,852,6,370
38865,488,8,134
9640,699,10,300
35716,506,2,169
26521,568,11,189
31049,598,4,224
6618,642,3,296
38004,434,9,108
2920,238,3,104
44937,740,11,234
5188,400,8,156
13207,106,7,9
1238,480,1,242
33972,834,8,317
11799,430,9,164
6552,710,8,324
29916,935,10,382
5927,544,10,224
28964,466,1,177
12164,319,11,88
38158,427,11,114
20071,656,7,272
49409,394,9,80
7160,252,5,109
16810,782,2,359
6126,918,8,428
31009,657,9,244
34584,766,7,314
47182,669,12,216
26396,980,5,420
1192,68,8,15
37413,911,6,352
13816,205,12,41
40082,224,4,14
33130,97,1,17
41142,500,6,141
37468,405,8,127
31698,213,3,33
11655,122,12,14
48897,636,7,214
31075,395,12,92
10359,306,7,107
37661,855,9,339
40579,501,1,163
43056,742,5,266
34272,269,8,43
43581,824,3,304
15671,220,5,54
28048,555,1,210
11738,480,9,176
26963,319,4,102
44954,497,5,149
7773,102,3,33
37584,828,2,338
30894,477,12,146
1717,710,7,332
12676,317,11,104
5434,383,5,177
38825,737,11,250
30100,59,10,52
5994,835,3,381
5234,644,2,297
4764,359,10,152
44949,535,6,160
38405,127,10,29
35872,335,6,65
43215,133,3,29
24185,186,9,18
44442,280,1,46
42153,637,3,227
12999,243,1,99
37487,281,7,45
3581,270,2,109
3763,545,11,238
28374,729,11,261
39759,145,12,38
11531,225,4,76
26307,159,4,5
31835,81,8,53
12064,302,11,90
12312,73,4,7
38548,365,3,86
37945,543,10,174
48937,155,12,61
7476,349,3,148
25565,163,5,37
3382,455,6,200
23463,301,7,92
46276,155,5,31
34402,508,7,154
27345,832,4,359
45764,752,5,271
27946,871,6,366
15162,740,9,301
47773,934,6,359
9397,420,10,159
23335,890,11,359
46095,911,1,353
15394,468,12,177
28197,654,11,240
23010,647,7,240
25123,688,11,261
23387,289,11,54
3890,36,3,19
28769,288,6,69
44626,880,2,336
9026,501,12,187
4306,238,7,103
34665,338,1,93
10277,257,2,87
43239,564,9,184
48664,304,9,29
49008,56,7,92
15683,122,2,25
1670,742,5,355
24675,449,4,174
18889,811,2,358
45535,673,2,247
14006,258,10,78
49536,760,8,276
27531,664,5,276
22639,144,8,12
17633,584,2,250
35660,619,2,225
4439,629,11,281
33172,901,11,371
36622,626,3,237
12577,945,11,433
12763,207,10,55
21176,907,8,376
45386,275,8,24
25255,604,3,228
42003,943,1,379
20996,893,7,373
36386,813,4,324
22062,549,3,235
36931,695,5,269
36710,411,12,84
35693,677,6,247
36740,487,1,181
12705,845,12,355
44408,272,12,27
29047,691,9,256
11966,880,6,401
18374,580,3,237
12138,195,1,73
16935,485,9,174
46913,858,2,344
1489,596,10,262
45516,308,6,49
23260,69,6,34
27069,23,12,76
20275,650,3,284
37284,871,11,329
40178,904,6,341
33821,519,2,192
17999,695,8,286
39712,242,1,45
41172,889,6,364
34722,687,1,270
11625,918,9,370
2629,281,9,122
11973,704,6,300
7859,554,6,267
42609,922,9,349
44307,395,5,108
46450,80,9,84
37046,375,5,104
22839,852,4,374
28216,665,2,281
19945,43,2,3
7539,312,1,141
34625,576,10,196
5886,710,3,338
46713,375,1,94
8485,889,6,418
32455,960,11,381
47448,594,7,183
17767,48,9,47
48165,376,7,47
29453,384,4,119
11744,627,4,267
38102,428,8,113
13226,285,4,99
28869,310,1,98
23588,586,9,220
14440,172,3,56
32709,238,1,36
48788,192,9,38
23495,627,11,231
38019,654,11,228
45948,31,10,105
49908,535,10,128
1922,381,5,147
28526,877,12,345
8957,598,9,242
49564,676,3,228
34998,988,6,393
44395,496,11,147
25031,596,12,221
11006,101,11,8
38701,636,12,217
48063,712,7,235
26939,359,5,110
21324,460,12,167
23867,636,8,264
1203,245,10,87
17544,390,6,153
16899,47,12,42
30063,35,6,67
26344,296,7,75
4748,352,8,147
40486,502,12,149
2093,829,2,389
16228,585,7,231
21884,307,9,89
26183,133,1,20
17034,57,12,36
6710,473,1,230
43500,901,7,345
20259,761,5,314
36959,185,1,5
34457,713,1,275
21143,975,2,452
3103,224,11,83
1365,897,10,406
47778,264,9,5
45535,890,12,322
17103,352,12,99
33510,962,3,400
25476,415,9,145
13742,840,6,397
13391,526,10,206
37940,948,6,402
29901,943,7,380
33001,140,10,31
16623,278,11,76
3378,741,8,352
22372,429,11,146
45799,329,3,94
39437,827,8,297
36503,725,6,270
31746,87,6,36
28923,133,11,43
10867,239,3,98
42258,239,6,19
34724,492,11,151
10306,749,8,309
40391,768,7,285
15908,962,10,417
28081,405,10,100
38228,317,7,50
24386,949,3,433
47754,625,10,190
46406,272,3,35
29302,424,5,137
20212,511,12,176
36618,376,5,109
47067,447,9,87
11698,234,9,62
5594,399,10,152
26525,789,5,313
15282,878,12,370
15334,771,5,342
30179,846,6,348
7644,233,8,79
36618,117,6,31
48701,547,11,162
33933,935,12,370
44469,685,6,246
34687,547,9,197
42073,729,1,276
18375,639,4,266
49483,554,10,157
31926,573,10,195
37607,568,12,167
18642,347,2,133
24993,921,9,385
45386,184,3,5
47287,135,10,63
22188,169,11,7
33596,537,2,199
28772,51,8,51
31857,676,4,271
11776,825,11,350
33835,932,2,387
10788,312,4,122
6660,938,7,425
5478,708,7,322
9210,976,1,463
11922,196,12,44
37289,80,12,83
34340,608,1,231
40850,435,3,123
39163,402,2,116
49175,617,3,200
19642,722,4,307
12094,26,7,12
23423,937,2,411
34418,104,7,31
6741,793,5,370
47049,976,8,376
7838,417,8,161
4262,931,5,450
5996,790,10,356
45594,412,8,97
23164,66,12,42
36595,360,9,87
31257,517,7,187
15211,625,6,270
31453,497,7,163
6232,445,7,198
3217,445,3,206
25229,755,6,304
15232,810,6,358
26613,534,11,193
15026,148,9,35
29554,854,1,357
31908,268,7,34
20610,760,1,322
47646,858,10,301
40605,150,4,21
8031,759,7,345
48574,708,6,241
26515,342,6,107
37484,842,5,339
37182,919,11,371
1570,562,7,250
33254,85,9,57
20288,737,6,314
14288,120,10,11
30877,851,7,320
19889,50,9,27
1917,904,7,421
11066,210,6,65
30504,597,3,212
7982,434,1,203
40104,834,10,296
19062,766,9,311
17999,809,7,336
10941,733,3,343
24470,519,10,184
46148,881,9,316
22133,756,3,313
45435,614,3,205
5529,65,7,19
18519,108,2,1
13192,717,10,289
9566,394,7,162
8226,720,7,314
38930,265,1,47
22259,577,10,223
35087,276,11,26
2141,371,2,176
5627,940,5,457
48269,592,4,178
3690,124,3,24
41091,356,10,89
4255,545,11,228
6213,320,8,121
37876,96,7,37
20404,530,9,187
26380,249,3,74
26520,698,10,265
20173,597,1,263
24989,51,9,41
43570,627,9,196
25519,77,12,41
23439,123,12,34
12413,331,1,137
15995,665,8,268
24559,748,10,287
46351,86,1,65
24513,997,6,434
6021,709,9,317
33464,393,3,129
22119,778,6,325
30299,825,3,351
40350,254,11,2
47223,662,5,231
26517,131,11,16
14117,408,7,149
23250,427,11,129
19950,73,10,22
18359,821,12,344
24596,258,4,71
26530,771,4,322
2262,314,7,130
41150,131,5,39
23615,107,1,5
4327,759,11,337
30768,495,10,164
29850,323,12,51
43788,324,2,64
17848,309,6,104
47830,227,12,30
40542,887,9,332
16160,922,7,405
34998,805,4,320
28230,601,12,198
10076,389,12,122
4805,239,2,94
32085,250,4,49
15715,821,5,351
6750,838,2,402
49395,892,1,353
14232,368,4,135
36903,274,11,16
7953,471,6,202
33093,161,1,5
26500,88,1,3
23418,108,9,19
35314,890,5,368
49225,155,2,18
23449,674,11,257
18478,870,2,375
36179,718,4,261
47881,542,11,128
26338,679,2,276
27899,970,4,420
5145,823,11,365
33101,869,6,364
3775,929,7,420
46961,461,6,136
32647,57,4,48
46619,876,10,315
46838,227,3,2
20539,229,4,57
37738,532,12,149
27616,379,5,143
15119,596,4,257
26159,20,3,45
38099,774,1,306
11295,400,3,170
35710,847,11,317
25685,556,5,224
26479,878,6,367
47172,413,12,59
34629,69,4,68
43043,415,1,105
18033,879,10,392
37902,772,7,292
45571,51,9,88
16408,564,6,230
18420,731,6,297
17351,253,9,65
5131,45,4,9
45825,573,5,168
12349,453,5,183
45254,80,12,94
39225,572,5,182
39847,460,8,130
13453,149,11,26
19814,886,1,398
19263,373,10,121
13158,217,11,48
16735,818,10,331
16830,682,11,272
48893,735,3,242
45673,713,8,238
24926,390,11,115
46066,943,9,365
35779,738,2,289
4373,166,12,47
11335,735,4,327
24741,517,8,186
11692,67,5,3
48295,789,1,294
46541,670,6,222
35057,191,9,1
2447,632,9,263
20583,718,11,293
23765,915,1,397
24906,334,4,93
20567,395,1,164
15139,825,7,361
47525,940,3,362
39230,894,2,361
20520,552,8,210
20702,829,9,340
26566,439,7,166
8657,924,6,428
38688,415,10,104
31134,541,11,182
11345,206,6,54
42185,664,9,210
28413,52,5,57
6208,88,5,8
34455,611,2,243
29018,210,6,28
46991,120,12,81
9080,504,12,223
22902,304,12,54
10486,933,6,440
39862,752,6,287
22158,409,4,141
41460,584,11,157
44856,997,7,397
36871,179,9,3
36208,911,1,368
21519,573,3,233
32379,66,10,59
29378,178,9,1
40892,465,5,114
15031,715,6,302
15536,777,8,330
1446,542,9,235
37683,685,8,239
49555,751,3,258
18618,174,10,26
7587,358,1,162
32480,972,11,388
33994,384,12,97
21527,814,5,360
24569,718,7,275
12151,593,2,259
6558,167,1,50
45739,918,4,350
33954,163,3,1
48448,122,4,46
48327,831,1,306
44837,112,2,27
36303,994,1,418
35700,305,3,63
28500,443,4,153
3032,138,1,56
2252,980,6,452
6509,48,2,7
38842,530,10,153
14900,49,12,52
15523,891,11,385
2881,385,5,183
34037,819,8,310
2630,157,12,36
21789,494,4,192
23523,582,5,227
18958,411,9,152
47151,454,2,129
49920,823,12,269
44852,253,12,1
2695,74,2,31
15821,950,6,433
4262,311,6,126
2445,771,3,363
17436,331,12,84
10949,567,9,240
24963,108,1,15
30932,231,12,16
7901,976,3,480
34487,337,8,74
9597,896,8,415
7855,776,4,356
19678,484,8,176
9263,106,11,17
48288,428,10,73
26805,259,8,58
27143,851,1,386
12874,719,3,312
28529,76,1,28
21866,132,2,19
15079,754,4,334
8243,89,3,20
30872,758,11,300
10018,787,6,369
13100,711,12,284
20800,203,12,20
27910,722,5,281
30437,983,5,404
38588,763,10,307
12001,295,7,107
47675,252,7,21
20942,73,9,31
21862,276,8,89
12669,109,3,14
16916,757,2,332
11878,778,1,340
3985,925,10,426
33369,682,6,249
9112,454,4,187
42235,644,3,211
19931,427,11,152
28340,288,11,45
1336,688,2,331
43933,973,2,409
20363,385,11,114
46536,878,4,327
4968,370,1,189
34678,318,6,72
49400,925,10,333
17279,178,11,21
4129,506,5,223
39215,861,10,328
39897,756,9,282
6850,545,2,248
21588,374,9,101
41214,640,9,196
12949,949,10,395
9519,420,9,168
27375,424,10,129
34082,115,10,19
12737,726,4,332
2134,589,5,291
11938,994,8,453
25486,411,8,117
49356,371,1,73
27096,825,10,332
42115,685,1,261
6592,595,10,262
19108,689,6,280
18270,796,7,344
28649,652,2,260
11997,307,2,117
34489,542,5,180
10104,745,9,353
1870,181,5,66
29684,636,8,234
40519,933,8,379
35524,678,5,239
31957,201,8,11
34885,869,8,356
45369,568,5,184
36596,101,5,36
30866,543,4,172
31676,23,1,46
48764,514,9,139
14878,574,2,249
40760,942,1,365
28559,70,6,38
47546,280,5,34
7771,153,11,26
17526,992,1,461
30896,618,7,230
32923,381,7,94
37203,587,3,215
40390,236,8,17
13852,897,6,393
48574,87,4,51
44391,883,10,326
2848,575,10,268
32027,162,10,8
36464,365,12,77
35485,573,3,210
20456,670,1,295
10259,604,2,273
36554,798,2,331
47922,213,11,26
14409,686,5,304
4791,265,4,103
26864,333,2,107
37639,749,11,272
35574,987,9,408
18888,403,7,140
20692,784,8,329
24501,808,8,316
14304,296,2,98
28527,91,5,22
19074,148,3,50
16549,377,10,117
30963,717,9,275
26920,544,9,195
31826,860,6,336
37071,239,4,30
17061,25,8,54
29810,770,5,300
48966,643,3,216
23800,247,11,36
44423,973,8,373
42692,36,12,109
10940,604,6,261
4924,31,5,23
29054,617,1,260
10783,518,3,233
38253,711,7,259
46397,653,3,223
14233,735,1,349
46669,521,8,151
25484,89,7,28
26068,127,5,2
1191,220,12,89
26074,71,10,43
5917,568,5,269
39599,648,6,221
26832,278,7,61
43928,501,3,145
21706,283,11,63
14682,925,12,408
27762,322,12,101
24383,956,4,406
28796,595,1,241
24666,573,7,238
26662,574,10,188
46159,144,2,32
35642,924,7,354
42830,289,6,37
38531,878,4,343
11234,764,11,332
10221,499,2,216
12410,151,7,10
15519,21,7,50
2051,134,5,51
45993,500,9,144
10765,20,3,32
12382,350,9,123
13580,596,5,255
33323,961,2,428
45757,974,9,389
12939,990,1,465
30964,656,1,272
1307,787,7,368
4359,410,3,178
30648,853,8,347
36944,162,7,16
35019,347,11,72
39134,777,7,260
28323,647,1,269
7226,396,1,188
22689,834,12,340
31971,109,2,27
26954,827,2,359
25423,61,11,61
31391,966,5,405
15330,54,9,31
5891,513,7,208
5992,572,2,286
2961,872,5,414
13497,143,5,23
33551,76,8,57
11848,825,9,376
14255,475,8,196
5567,254,2,107
49847,627,4,225
40281,411,2,124
49003,511,6,152
21389,989,4,438
45523,850,7,315
44919,362,2,81
17567,663,9,278
4358,195,5,71
23999,71,1,16
43358,569,12,170
11988,497,11,181
41446,508,3,155
32521,874,4,366
6698,24,3,3
2273,744,6,340
28543,651,6,267
32349,857,10,347
12241,900,11,388
10497,228,7,54
42875,236,9,11
33703,555,10,185
45041,361,9,66
32954,736,7,286
9002,420,11,163
5247,481,1,233
42988,757,3,282
22698,749,5,307
20738,230,10,42
11703,45,12,35
49240,271,11,10
18570,22,6,32
13392,21,6,21
45724,623,5,220
33299,21,6,80
16641,169,9,30
14998,602,1,264
7305,23,1,1
33726,516,9,164
19782,569,8,224
13721,890,9,375
40763,487,7,146
13427,89,10,21
47550,220,6,11
21566,327,9,80
3230,271,2,115
7511,306,4,132
43229,941,2,384
27177,311,6,71
5765,173,1,63
21354,943,7,410
24929,152,7,14
29820,902,7,360
47040,605,4,201
30523,293,8,58
6552,802,5,379
1627,716,2,351
12989,528,5,204
14780,372,12,121
7589,24,10,48
35812,312,9,73
29128,379,10,119
46939,617,1,206
39652,233,11,12
28790,425,2,149
41953,455,10,135
1249,34,8,11
20309,292,5,90
26901,582,12,206
24576,784,9,319
32508,64,6,68
10175,722,8,312
26464,653,12,216
17260,431,1,177
36440,206,9,12
30546,745,9,275
41047,680,3,254
42430,189,1,8
2987,740,8,344
26105,984,8,405
13948,613,12,240
14026,420,9,164
3773,727,6,351
46927,265,9,24
10878,922,12,412
43946,876,10,330
11377,888,9,406
8347,571,12,222
34776,699,4,283
4783,62,11,16
5298,860,5,382
5668,742,6,341
21671,198,6,37
35820,476,10,134
35484,554,2,215
34078,626,4,229
48159,691,12,210
21922,263,9,61
35028,946,7,399
46925,36,9,122
21316,131,6,2
12460,634,11,271
17968,845,7,376
31266,617,9,227
31209,566,12,169
25000,49,4,36
15011,211,9,50
3866,456,3,217
48133,198,12,44
6898,635,11,260
19395,696,12,288
40019,493,8,143
38707,653,3,242
5006,153,3,67
35393,821,3,337
11956,331,9,118
31663,755,10,294
7078,44,3,4
30631,390,6,113
31140,544,11,172
42691,338,4,76
4961,249,2,130
30277,121,12,29
42574,469,12,124
32417,397,3,126
23484,907,5,386
19103,920,10,373
30345,222,4,47
47326,286,5,32
40454,481,12,122
2587,384,11,139
43571,753,1,284
22031,123,4,9
27212,130,11,22
11350,447,10,167
19816,488,3,188
21288,600,2,234
30432,889,7,347
45222,789,10,282
49617,699,9,238
7837,824,1,406
35217,905,12,344
21884,580,7,214
6454,269,11,91
10424,501,12,203
37885,350,1,111
42637,951,5,359
44618,606,1,216
19412,220,3,78
48111,473,8,117
40613,523,4,168
21142,565,12,195
38392,845,1,355
9848,130,1,31
14136,952,8,411
1589,883,8,413
21908,847,4,362
7509,927,4,428
41461,768,10,277
43222,563,11,176
45476,228,2,23
46710,663,2,250
10968,637,12,256
3462,52,6,15
10460,574,8,251
34783,899,7,364
10275,126,7,24
29677,284,3,53
14269,245,12,63
1406,506,2,233
8384,198,10,52
23553,241,7,84
25366,389,4,137
45036,656,1,226
18369,807,1,369
12795,186,4,50
5485,682,5,298
42669,572,5,180
3618,319,1,156
31143,400,3,122
30425,54,6,57
23673,426,10,126
10603,521,7,219
40696,333,11,60
6368,835,1,396
5621,762,8,340
15719,746,4,335
30227,845,9,350
44894,120,11,58
8566,588,11,256
13306,234,6,75
25042,954,1,416
16086,687,2,325
18387,595,3,249
28042,81,2,26
24888,870,10,364
27514,388,7,114
19323,387,12,107
19019,593,1,251
10890,113,9,13
41863,488,2,153
46487,872,4,321
11283,45,8,44
19279,454,11,150
47999,140,3,53
23908,69,9,45
48466,902,7,319
38952,783,10,295
36170,55,12,81
38663,429,12,76
45172,308,3,73
48929,398,3,100
10343,119,5,2
11637,343,5,134
35724,348,10,74
40791,667,5,228
30134,725,12,254
47830,240,9,1
48101,810,9,298
4907,857,6,410
34575,586,11,196
47799,958,11,362
5827,129,7,40
31607,168,10,9
14699,425,8,168
38292,796,9,277
48961,693,6,235
26883,718,8,297
49991,429,2,97
6313,148,10,1
14598,503,8,202
46826,127,11,66
29807,408,2,125
5887,444,8,190
4854,466,2,199
46226,937,3,383
15536,87,7,7
4558,963,11,448
10772,85,9,5
37343,675,3,262
36186,995,5,405
37966,584,9,180
34769,659,7,232
40887,523,2,188
20229,523,5,201
10673,340,5,135
28877,738,9,290
32601,851,2,356
39084,747,1,276
17244,599,4,256
28356,466,4,157
17806,593,1,248
24099,229,10,27
45641,868,7,326
38034,858,2,351
41317,389,11,76
20094,960,9,418
11589,583,7,256
2657,647,12,281
33764,912,12,361
40531,477,7,141
4164,914,1,448
28542,596,9,219
19437,661,10,264
42247,708,9,247
39505,809,2,299
20601,944,10,383
29430,182,9,9
7009,996,2,483
5552,351,2,161
10417,683,8,294
42989,369,3,91
3671,767,3,367
7519,689,7,301
37730,487,10,147
13734,445,6,183
46890,346,7,73
4722,125,6,39
5906,837,9,379
31096,274,2,68
41031,377,8,70
14699,986,11,439
22438,463,6,185
44856,132,4,37
34576,49,6,61
42938,543,6,159
33247,708,12,251
44461,869,10,303
28938,65,3,33
41469,190,8,7
18600,149,5,15
21435,776,11,307
19581,372,10,124
15191,222,11,42
20190,245,4,66
28386,99,2,13
32721,329,10,58
14704,54,1,20
3123,583,7,270
26174,180,10,3
45301,615,11,183
48216,859,3,329
15586,454,3,188
32976,557,3,221
26416,244,10,28
2814,465,12,183
14001,336,3,150
17508,685,2,303
20630,824,6,349
14380,433,10,149
49174,114,3,48
36699,244,1,48
47335,798,10,271
47806,968,9,368
13317,572,6,225
36739,664,6,239
35785,85,10,61
32980,416,9,102
24799,978,2,434
36183,229,10,1
30166,493,9,175
20480,684,12,254
2609,703,3,327
1717,929,3,473
20945,856,3,380
26592,590,1,235
29141,715,10,261
31009,509,7,158
46430,199,10,8
7782,853,7,389
27536,855,2,376
34816,543,6,191
26933,478,4,165
12618,87,11,7
9307,958,7,439
27671,348,7,102
41673,221,4,5
43761,494,3,169
11338,537,7,212
39346,34,9,104
47602,61,4,83
7548,562,6,246
41149,712,7,273
22164,793,10,316
28526,308,3,78
32222,944,5,392
21176,552,12,204
3941,911,1,430
6695,713,6,334
40169,715,5,251
48947,263,7,7
48224,881,9,319
46865,680,11,189
26553,787,4,324
39965,631,9,203
39218,586,6,191
26359,717,5,288
25816,851,2,369
9378,617,1,279
2881,193,8,66
40567,553,12,178
48365,528,12,140
14675,263,6,73
5586,79,7,2
26006,123,6,2
42198,670,10,226
23831,322,7,98
36113,690,9,231
17459,763,5,347
33443,96,1,16
43316,37,1,72
31595,553,9,201
6877,203,5,72
40553,676,11,234
49601,569,2,188
5922,300,3,134
5686,307,1,141
33766,674,6,257
15407,544,12,204
33006,717,6,262
32422,493,3,164
13205,965,3,432
22054,286,7,79
24527,800,1,349
46947,628,5,203
19443,965,3,450
17524,376,5,128
29202,825,11,325
1016,20,4,4
47142,826,6,296
17848,46,12,41
21855,567,9,220
19211,179,2,41
26095,956,10,391
39724,418,8,83
38583,562,2,195
3843,146,4,48
30301,793,9,286
27460,876,4,368
32918,967,7,392
29747,229,11,51
16972,169,5,39
29310,50,2,42
23927,631,8,251
2094,860,11,391
39892,321,10,44
35172,982,10,381
24324,884,2,388
21674,750,3,338
4982,784,10,351
46283,702,7,242
16790,276,5,97
13205,959,10,426
25338,76,11,42
13748,28,3,20
22097,24,12,64
4092,866,2,404
23692,133,11,17
24862,796,6,328
25860,704,10,266
14971,751,1,356
15616,224,8,47
5933,43,5,38
5926,512,5,239
26763,989,2,442
4969,701,7,325
36733,425,5,121
5319,122,8,28
42743,79,5,56
40876,105,9,62
42909,786,5,288
21323,696,3,284
17428,391,2,153
35578,698,5,263
21950,615,10,238
44041,989,10,374
42789,221,5,20
19293,621,6,243
7364,108,2,27
36349,456,5,138
1691,139,1,67
31062,175,3,0
1931,992,3,489
46896,418,3,115
32730,719,3,288
15226,207,8,41
14861,793,1,349
32301,71,6,58
49243,671,6,232
23766,550,1,225
37174,499,1,177
42107,606,3,206
18695,249,8,66
42347,500,6,140
4121,149,4,59
19257,74,5,8
29164,290,10,44
26491,979,3,428
24165,119,11,31
49714,88,11,77
4748,930,6,447
34045,318,6,86
27553,989,6,429
45331,548,9,163
31497,373,10,101
32308,647,11,226
40560,171,8,10
47686,349,6,69
11374,135,2,37
5675,561,4,238
2170,342,6,144
42449,582,9,175
44485,591,11,176
13450,248,2,111
11680,790,6,356
11068,379,10,148
36230,24,11,104
47418,47,10,117
27206,785,10,317
1287,383,7,168
23337,481,8,183
21666,250,9,46
2161,414,5,175
36131,987,9,389
25535,888,9,363
33528,731,11,266
39751,863,7,326
17527,290,2,107
41975,870,8,331
24853,323,12,63
15758,402,5,147
1244,577,11,259
4178,47,8,27
32831,538,2,204
3176,763,7,335
38770,218,5,29
34654,625,4,233
27627,101,10,39
47489,107,6,63
45910,409,5,96
25881,717,6,276
36422,774,9,283
12984,599,1,265
24776,842,11,345
18755,470,1,186
8135,452,6,196
1320,393,2,176
38422,454,8,112
29635,206,7,22
22684,770,6,316
24238,409,4,141
22889,237,9,46
31313,127,7,18
33535,838,7,342
49899,569,5,176
11770,926,1,435
40321,967,2,383
21426,368,8,114
45327,807,11,268
42777,541,5,187
47250,45,2,92
8498,67,12,26
40404,878,5,333
41130,389,8,108
17395,33,4,26
3537,631,3,310
20226,206,5,40
16216,543,7,213
19613,903,2,397
4009,910,1,448
25368,298,11,57
30327,360,5,104
15209,347,7,110
49443,698,8,219
16029,653,11,269
3077,924,8,429
14907,626,10,267
37635,44,9,92
49920,548,11,135
5873,445,11,171
9635,48,12,40
34065,975,1,414
46863,342,7,71
42804,872,10,311
34783,332,8,80
35152,603,6,221
42513,289,10,22
30092,781,12,300
18653,314,4,106
33463,675,7,242
35028,805,3,316
41469,242,2,21
21947,94,6,9
30978,121,2,4
23056,551,6,208
30007,648,10,247
44169,705,3,263
49287,904,2,356
45632,192,8,2
49449,23,4,94
6543,871,12,386
22067,498,4,191
46256,679,7,231
26097,414,8,139
43847,645,12,200
44512,852,9,315
4809,933,10,450
23191,186,8,31
22267,319,4,100
8206,137,2,46
22057,531,10,189
29992,631,5,234
47514,805,7,284
16995,194,2,56
49803,178,4,19
45439,403,6,99
14210,246,8,70
18793,954,10,420
27270,57,6,51
6197,482,6,220
49321,450,6,94
8452,729,4,336
42486,667,3,228
15859,123,1,38
28236,212,2,27
32899,269,2,74
33083,32,10,80
3172,586,7,279
46926,875,11,310
17663,616,6,256
28540,640,8,262
20053,574,9,218
12085,407,5,159
31564,90,11,43
25209,975,3,431
4981,799,4,380
22153,590,11,201
6247,992,8,458
11553,457,3,202
21811,63,2,7
30845,291,7,80
7135,921,4,435
6573,33,8,22
14731,390,1,175
8189,131,8,39
15541,398,5,148
44646,333,12,31
12087,434,2,190
47435,759,1,277
3776,504,6,227
43079,188,9,45
28564,907,9,370
29835,822,9,311
8697,265,11,76
15629,285,4,105
9386,868,6,391
18046,262,12,59
9044,689,10,307
10615,319,6,119
48802,970,5,377
6060,346,2,155
11900,549,7,230
6581,614,1,293
35782,866,6,353
21173,762,5,311
13997,361,5,138
44403,784,8,277
47416,698,9,229
8148,573,7,253
19748,268,10,63
15022,779,8,321
21013,969,2,452
39687,399,2,125
16886,817,12,342
26256,551,8,207
31005,913,6,356
7638,883,8,406
38419,400,9,91
34377,61,9,62
41708,364,11,91
44116,618,6,207
37634,280,8,52
17755,325,2,118
24382,828,8,344
23394,881,3,392
3253,259,1,121
38710,698,7,255
46098,332,1,61
1864,750,11,333
35036,460,1,140
41222,952,1,383
14666,922,4,415
21955,152,12,10
46138,738,12,233
38997,70,4,37
17309,637,10,249
5054,411,11,178
1935,715,6,355
45940,732,12,249
23778,542,10,191
44298,785,12,281
49328,527,3,151
49924,681,10,194
17709,373,6,136
10726,886,7,399
41542,992,11,387
21245,414,1,174
35753,975,6,400
15252,115,10,5
22316,125,1,19
38371,674,7,247
20162,697,10,292
16960,532,5,218
31791,577,10,214
43230,261,4,27
26216,875,1,399
33467,958,9,391
47934,507,7,125
8754,809,2,374
48014,534,4,159
5078,673,4,292
13853,917,8,406
5042,80,2,13
15389,435,11,160
31425,313,5,108
3575,756,10,339
40522,321,8,51
29179,189,6,14
35754,665,4,263
19624,60,5,54
21350,250,2,87
27681,428,5,143
24988,757,3,317
16470,670,12,258
25704,641,3,267
39736,316,7,52
30377,474,3,151
29572,76,4,29
8493,961,7,448
5103,654,3,318
35844,259,10,25
3994,617,10,279
4744,195,2,75
48234,82,10,81
48291,570,7,170
28332,157,5,17
6594,473,1,199
41299,772,12,266
8371,468,10,199
48315,245,8,1
19028,462,3,201
36912,225,11,12
14990,695,7,292
47851,46,6,96
17626,476,10,164
21469,714,12,265
41722,729,6,265
41037,868,8,319
8130,968,12,424
7828,126,4,27
42612,463,4,149
47988,720,12,225
40099,55,3,59
47165,616,1,198
18883,174,10,18
44059,188,3,1
19542,815,1,369
43932,291,6,43
11450,566,8,235
21423,439,3,164
3035,203,12,61
45231,630,4,216
41745,256,5,39
18241,934,7,395
24154,528,12,182
26625,460,11,141
45950,141,6,44
34066,436,2,141
34691,554,7,191
14331,394,8,138
21690,594,12,203
20183,345,1,122
40346,499,6,146
5875,169,11,33
13254,726,9,309
29621,611,7,228
11905,509,5,197
47121,846,10,283
16882,172,11,24
20041,36,10,63
30098,570,9,193
43431,864,2,338
34709,367,7,78
35675,478,9,139
5837,221,2,90
47448,442,11,88
25489,299,10,81
18627,441,6,163
6696,619,9,283
49994,484,3,127
14543,972,8,427
13615,831,5,362
2466,823,7,379
31771,374,12,62
19350,601,3,267
1375,397,8,172
34030,143,2,13
21746,99,8,29
23886,576,2,240
45348,252,7,2
43904,499,2,170
33651,173,7,6
8833,926,1,438
2893,711,6,329
31573,428,10,108
32371,50,7,70
41874,616,4,217
12826,576,11,217
35420,522,11,152
22924,390,1,138
34367,342,12,58
22199,351,6,116
26868,262,4,55
9792,571,3,253
21597,449,4,160
37405,201,6,7
33696,828,5,333
44123,492,2,141
16989,395,2,161
29931,100,3,14
10290,569,11,231
39367,887,6,347
15342,439,12,148
25941,486,1,199
14945,447,11,155
11762,76,7,5
31133,341,8,103
48080,996,7,377
41150,561,11,151
28052,514,3,181
42750,285,6,39
20953,246,4,73
41475,848,5,317
18130,978,3,448
32086,823,5,333
5633,73,6,18
18304,628,8,239
43037,980,12,370
33284,997,6,407
47546,23,9,127
8008,458,10,178
49291,329,10,47
28405,898,10,359
37386,622,10,209
26373,108,4,9
21827,339,2,127
34040,394,12,104
14007,623,9,262
19157,520,11,181
33157,681,3,255
36315,253,11,0
36932,940,7,380
22164,356,4,129
15414,590,12,219
15327,204,12,50
49344,457,1,147
1946,575,8,251
15693,199,12,41
28241,95,4,14
31254,675,11,236
16540,632,6,264
7719,912,7,422
42203,291,8,50
26081,996,10,421
12350,74,2,11
37358,720,9,262
33021,882,10,339
43832,866,3,333
29369,96,1,12
32728,315,2,85
18576,238,8,40
30001,296,10,54
18848,597,6,228
1390,667,11,303
22999,765,1,335
46436,730,11,242
12569,285,9,86
14029,972,7,432
23490,919,10,377
46875,62,11,72
36328,380,3,117
6867,247,7,86
16284,246,6,54
34979,82,3,33
10121,190,8,28
2539,982,1,496
26488,781,5,320
18027,869,8,376
9693,781,3,367
9921,326,11,101
11310,769,10,333
46512,587,11,183
31908,702,12,271
5386,939,6,451
33263,53,10,76
29412,846,11,333
18303,661,2,278
13242,149,9,22
48025,413,2,102
9947,170,5,35
47714,674,3,234
6930,649,10,261
39170,735,12,246
49785,403,9,84
1507,766,9,365
2436,36,7,7
28151,613,10,220
12618,33,5,7
9750,100,9,14
17122,226,7,35
8354,223,2,105
45062,398,10,76
31979,803,1,354
21900,563,10,201
14840,42,10,48
38167,633,4,228
6037,181,10,45
29633,629,8,238
25495,163,6,12
16848,949,2,428
37483,123,5,27
48645,401,9,64
8837,474,6,208
35069,436,6,133
8370,343,7,154
7411,190,11,24
40133,595,5,222
31499,775,3,304
31225,602,3,225
49217,293,5,33
1692,471,4,229
29926,900,5,380
35246,144,9,22
40164,402,5,111
9448,336,4,158
44390,862,4,324
11073,126,1,31
36414,679,10,240
6209,926,4,439
7533,482,12,184
22061,449,4,182
8211,723,9,334
10927,356,11,123
12927,757,4,344
25594,773,7,319
10316,515,1,228
13177,991,7,452
11846,381,2,156
8933,815,12,336
39244,451,11,93
47621,694,8,219
41696,539,1,207
3080,878,10,397
7089,425,3,174
27123,396,8,117
8797,171,10,45
9346,341,8,132
20878,626,11,226
34672,233,5,37
18653,595,5,255
43742,84,8,63
27140,912,10,371
2184,289,5,127
35493,556,9,196
45148,119,1,30
25846,124,5,24
46825,150,3,30
23195,408,3,142
6606,340,2,165
4956,457,3,203
17555,38,7,52
25849,244,8,43
19690,637,12,255
49849,585,8,162
27347,479,11,144
34189,413,8,121
39308,245,1,30
26785,931,11,374
33698,379,7,121
16966,449,2,190
32097,944,11,378
16882,34,10,46
5675,579,4,266
42850,670,5,226
14009,565,12,210
28843,951,1,399
30793,433,4,140
40516,374,4,79
39871,476,9,122
18857,741,9,294
20627,550,11,185
19565,215,10,42
27025,857,1,372
28832,134,8,6
45116,436,4,105
10782,371,4,142
39650,995,5,402
23366,94,2,14
29557,681,1,268
6798,55,5,1
10627,261,7,84
42183,682,10,227
13466,82,9,12
43614,685,12,226
13720,528,12,215
42913,207,2,25
38292,754,12,265
7559,112,8,28
41388,24,7,82
20158,457,2,190
31916,185,5,16
23057,465,7,154
36892,44,3,39
42439,527,2,172
12706,117,6,24
13070,287,10,88
41902,681,6,245
1924,412,11,171
27478,783,4,340
6506,615,1,287
47418,304,5,42
36163,703,1,275
25604,752,11,282
16310,128,11,12
9226,46,8,9
12781,777,2,340
6515,74,9,8
37133,996,9,416
17972,152,3,33
33092,71,6,59
12410,512,9,183
20522,784,7,314
10095,800,4,372
24047,317,3,103
21470,418,2,178
44129,610,10,186
9531,37,10,33
38038,837,1,330
23403,789,11,337
43674,874,10,329
30122,638,11,228
17940,928,1,416
30831,983,12,398
12279,578,4,229
39220,265,4,53
7477,522,9,224
18400,108,10,2
7470,222,1,95
3062,965,11,439
42798,259,4,30
20880,509,3,212
35581,799,9,289
45439,32,5,104
15308,668,9,283
27027,334,10,52
31720,704,6,282
36081,761,11,275
10706,217,9,60
10837,262,1,118
39599,526,4,170
37824,62,4,55
34073,349,10,72
48115,810,10,279
33088,610,6,213
29112,448,10,130
27299,810,1,357
35457,763,10,284
31063,632,5,247
4917,181,3,55
3936,675,1,317
37630,978,6,392
15506,640,3,275
29805,454,4,157
15318,252,12,58
49068,130,9,53
27026,947,2,420
28672,953,1,410
39417,251,10,27
28281,971,6,418
49442,769,12,252
29091,728,1,318
39328,292,1,54
49219,617,7,182
19610,826,2,363
2079,60,4,18
30850,579,4,204
47751,485,2,137
21590,943,6,400
31951,96,10,56
16327,709,2,321
13755,509,12,200
8235,788,8,364
18197,136,4,19
22473,453,1,206
3031,38,7,3
42282,590,6,199
42863,215,12,8
15287,638,6,264
39679,470,11,137
45463,444,3,139
33230,413,10,127
20037,303,7,85
28052,53,6,42
4340,314,10,124
41644,270,10,4
49664,657,9,198
46203,358,3,85
2141,637,3,319
26425,459,4,146
20281,199,3,48
43049,641,4,227
21425,247,6,61
35806,652,1,256
33113,638,2,242
5270,662,10,307
43814,42,6,81
5683,676,12,301
40884,346,6,74
30809,173,12,2
35552,638,1,251
4786,165,6,60
22650,271,11,55
29706,321,12,69
10190,89,9,7
39196,562,8,174
40449,112,10,76
40661,668,5,241
30709,905,4,366
46429,182,6,4
15892,100,11,7
10643,847,12,353
10943,607,5,264
44240,82,6,58
46760,631,10,184
22042,455,11,161
44894,67,3,66
7869,464,7,186
41437,939,8,359
45306,93,5,84
43833,845,5,325
21918,723,12,275
29379,561,4,201
43939,176,10,28
26274,506,5,195
18696,285,12,57
3962,275,10,105
14851,58,11,40
46747,74,8,85
6296,47,5,5
15745,933,9,395
6730,956,12,425
14921,137,1,29
33894,389,7,102
6602,228,5,85
18575,606,4,258
20023,596,3,249
46349,868,12,299
16997,887,10,375
18750,631,7,251
42979,577,12,129
23837,335,2,119
15997,412,5,175
40439,960,2,397
24067,463,7,166
46039,687,6,229
21923,771,10,314
9876,884,7,394
3887,278,12,103
43422,966,9,363
37854,667,2,266
37948,901,9,348
3841,217,7,88
29756,718,2,297
7040,647,10,300
11304,464,2,195
31341,589,4,224
5758,601,2,284
18010,624,1,269
32658,760,6,304
38782,927,10,361
2375,668,11,314
34949,636,5,236
23092,324,12,64
1490,358,3,164
4729,548,11,247
6974,73,1,15
20680,131,9,16
19324,703,8,299
32334,947,6,393
22398,438,6,158
35650,993,12,388
22292,324,4,104
36755,457,2,143
39353,675,12,224
4159,104,4,19
33626,543,2,217
30351,271,7,65
38298,747,9,255
18065,145,2,35
22638,629,9,237
2073,923,9,432
47511,424,8,84
19771,323,1,115
36461,923,5,347
43330,47,10,93
30320,867,11,344
5340,285,4,107
35924,71,7,64
17184,674,11,278
41734,663,8,215
3580,877,10,399
41025,530,11,149
29967,226,8,25
3159,593,2,276
49940,894,3,336
14900,530,10,208
12440,663,10,256
15678,572,7,234
48204,220,4,12
13021,630,6,277
7772,842,8,390
2627,303,8,113
45432,376,7,79
9219,66,12,2
24464,156,2,25
31232,149,2,1
43481,214,3,18
9488,648,4,301
35949,383,1,115
45362,451,5,131
40932,88,7,62
19981,477,12,152
1901,559,10,233
23444,354,11,104
43058,545,5,154
19061,577,7,224
3881,928,5,448
30863,35,11,73
46826,955,10,361
6622,475,8,221
2378,529,7,225
18632,228,1,72
29311,177,11,10
6650,356,1,161
46201,758,12,266
43224,980,5,385
8036,260,2,98
40255,77,9,79
23499,835,2,354
38016,324,12,49
5603,364,9,167
28773,661,10,236
20937,748,2,325
13632,33,4,43
31607,378,3,98
27337,396,6,114
1220,262,4,130
47994,164,9,30
5818,910,9,411
8349,434,10,182
6618,413,9,157
28464,857,3,353
43624,634,3,205
38344,748,4,274
19255,377,9,127
25299,952,6,408
48975,595,9,181
2462,177,8,57
16905,693,7,313
25920,37,5,45
17252,747,9,305
42004,850,4,323
41581,580,4,186
35836,587,8,208
6753,366,4,170
41005,77,7,70
15175,174,4,54
7191,586,11,257
18898,506,1,210
19982,872,10,366
15622,550,9,193
2001,506,4,233
48645,170,3,23
44000,378,3,98
24283,387,9,110
22435,639,8,251
28223,66,10,48
38244,226,7,18
31024,894,7,367
31734,469,4,160
1515,502,3,216
46246,966,12,348
2191,871,4,421
33264,943,6,388
44628,659,12,218
47216,716,4,270
7297,589,4,260
28856,162,2,10
9334,419,7,166
25162,116,6,25
7008,66,2,11
8987,210,5,64
31966,159,6,2
4332,634,5,318
1787,250,4,98
39990,958,11,376
10873,359,11,122
18006,944,9,416
21225,510,3,201
37444,68,11,91
36340,918,2,374
40683,643,9,205
6033,472,8,202
8788,335,9,126
16689,341,10,110
45220,106,11,78
22598,913,3,402
38480,493,1,160
30703,301,11,58
1066,858,1,414
49623,783,3,276
46246,93,4,59
8533,472,2,206
16103,66,8,34
5616,607,12,238
47045,115,3,39
39498,957,4,379
44492,50,6,89
12772,553,10,212
24849,36,6,45
13940,231,2,81
17932,679,6,290
30769,254,4,50
25648,411,5,148
48411,373,7,55
33966,324,7,72
28777,618,6,216
33567,569,10,194
18174,584,6,236
43598,559,6,173
14798,608,4,256
18558,944,3,418
45237,528,1,184
1178,731,3,342
21470,414,3,146
18118,450,9,177
23616,704,3,281
1798,805,8,388
8601,581,8,247
26363,876,3,379
3795,196,10,62
32926,425,10,120
46264,320,12,26
38356,464,6,146
8297,758,12,317
4084,146,8,35
31329,368,8,99
12110,40,10,43
1731,730,10,337
2129,720,9,329
29022,863,9,361
2605,439,8,196
12970,171,7,47
44705,179,10,12
45130,878,3,341
30265,499,7,169
33330,462,4,149
3933,115,2,38
16187,371,8,131
26791,94,2,18
25900,897,1,385
6074,613,12,247
47805,659,12,192
27426,378,5,114
40867,152,10,26
1893,419,9,171
35158,158,5,4
20773,265,11,55
5239,310,2,132
21863,131,10,13
4432,734,4,372
36139,189,8,10
2515,618,7,268
32670,650,5,261
49674,629,4,201
40094,259,5,36
15605,356,7,125
6586,157,5,37
36685,613,8,207
49669,255,7,17
32186,667,7,255
27928,813,9,331
33728,22,8,62
18551,590,12,227
22493,135,8,8
21711,491,6,181
21039,150,7,10
37561,953,8,380
10947,917,5,422
33335,502,10,149
16859,420,2,162
24122,220,7,38
2577,311,10,131
43256,361,3,89
29350,629,10,221
42932,235,11,5
34798,655,8,240
32898,604,6,211
16881,385,11,118
11785,909,4,429
7691,661,2,323
18297,488,7,198
7358,437,1,194
20581,46,7,31
2462,696,10,318
16511,474,10,186
11570,937,7,424
49665,599,10,173
45414,33,3,88
16474,117,4,10
8037,298,12,116
29129,959,4,406
43267,509,4,157
14386,980,9,422
7221,902,6,427
24474,778,10,305
41537,643,9,211
48124,226,12,11
22045,883,4,375
26783,865,7,354
41157,252,12,11
5922,592,10,263
47407,616,12,166
23706,714,12,265
43771,258,9,14
33479,269,10,38
6178,602,3,291
31022,759,3,295
16240,616,6,269
27220,325,8,75
37736,927,1,365
3716,482,4,229
17574,802,8,347
47279,932,6,361
18719,821,2,355
9181,255,8,84
46763,310,1,73
45066,58,12,86
21213,737,1,316
7380,202,7,73
1615,718,10,343
1463,664,3,314
32973,49,12,81
10158,407,12,155
21651,786,8,329
4158,162,9,49
21008,634,8,253
47202,438,1,108
5938,93,1,24
39185,74,6,65
23388,981,12,409
9881,767,1,368
6603,591,8,244
35980,43,6,68
23504,41,5,32
17766,447,6,140
29386,51,4,48
12695,882,1,424
18796,358,7,112
43543,966,10,356
15559,534,9,213
39914,531,4,183
34139,89,4,33
39333,691,9,233
9802,917,4,419
9307,107,10,11
41205,896,4,339
34214,590,8,218
35159,783,11,294
12516,238,4,83
30086,732,9,282
49222,608,11,178
31480,786,8,293
45659,778,5,284
48766,289,9,16
39737,838,8,312
10265,670,10,281
49629,97,4,61
6454,611,4,299
36918,29,1,71
27181,487,4,178
16386,355,12,113
40182,655,8,228
38425,205,12,13
44254,565,12,163
25327,140,5,7
22181,611,6,236
48662,737,4,257
22452,584,5,241
39248,687,10,230
41801,293,8,42
34751,429,12,101
22991,377,9,119
42311,666,3,238
10916,960,10,422
11143,117,4,33
26855,260,1,66
16581,576,11,205
2907,730,5,339
30424,822,4,336
24308,967,6,408
42984,133,6,46
42505,506,10,137
47525,808,6,300
37942,260,3,52
27957,175,7,14
26464,371,3,136
49476,63,6,99
24649,611,10,236
43065,331,1,77
28125,157,8,7
35758,682,7,243
6596,963,12,422
17374,455,9,179
4775,773,3,361
28388,162,12,0
22029,842,8,357
19445,318,2,88
49474,581,9,162
15645,281,1,97
32105,531,12,162
14668,692,10,288
16960,81,7,8
12357,586,10,223
38203,442,1,122
16804,415,6,155
15626,903,1,405
29132,50,4,54
8951,349,7,137
7449,968,2,463
20065,821,3,366
36967,188,4,12
40536,285,6,35
10130,327,12,107
24824,478,9,167
42401,204,4,0
37993,353,6,96
32875,534,12,173
7054,460,7,197
35273,692,4,268
42821,410,6,103
49517,791,3,281
11832,954,5,419
30670,579,12,185
23852,273,12,54
24620,605,11,210
29307,354,10,88
48551,419,4,119
2551,185,7,54
48922,279,6,36
28812,23,7,68
14799,907,6,414
27312,138,12,10
40620,942,2,388
2449,489,7,244
25426,489,8,177
36427,804,7,304
41277,512,4,158
32551,757,4,320
25277,883,12,345
36489,519,5,148
46212,89,9,92
10637,713,5,325
44258,884,2,354
36693,795,5,318
10824,389,3,146
27950,200,10,19
24488,24,8,54
40008,216,10,10
1215,66,10,11
41067,989,2,397
12523,571,11,238
11364,653,4,287
4153,666,5,295
24834,159,12,6
35474,881,4,355
44066,684,5,237
35335,559,10,182
11400,446,11,163
11345,608,4,260
34896,706,3,261
20894,580,1,246
29899,873,4,364
41635,329,9,59
29229,293,1,69
6583,558,7,249
5897,859,3,410
7001,409,8,166
44881,478,6,129
5567,752,1,377
10271,653,10,270
48116,380,5,74
12703,88,12,19
14329,602,8,245
36509,681,11,235
7256,718,3,350
1228,450,12,176
25746,904,12,379
17678,777,4,350
38052,727,7,254
47032,51,11,88
47158,998,6,388
24185,640,7,232
34686,884,9,345
12445,532,9,228
34266,201,2,18
3809,705,3,331
38729,700,4,259
42785,267,6,50
37547,639,5,216
43818,901,6,327
35886,316,11,53
7391,795,8,365
1145,947,2,460
14929,49,6,29
25326,321,9,77
30991,495,5,170
48685,892,1,340
38333,967,8,375
17576,371,4,113
40405,501,8,141
29464,336,4,95
9243,756,11,342
32601,416,8,133
3410,108,9,19
2820,253,5,107
36289,187,5,15
39650,762,2,306
35635,145,9,32
8465,592,11,252
33439,139,4,2
28314,447,3,168
45229,209,2,16
20583,652,3,280
28155,447,4,155
39871,579,9,180
13197,221,6,70
30511,78,10,34
16424,716,5,321
49821,242,9,1
1240,511,8,219
5631,30,6,13
10599,812,3,372
45462,720,7,234
25658,531,10,186
38845,833,6,321
33574,329,12,61
37536,768,11,275
42910,53,8,73
8995,359,12,121
26186,666,6,262
30245,500,11,165
23813,593,10,221
14276,844,4,400
20989,758,10,322
13746,112,12,16
45243,647,7,214
19557,863,7,358
29060,152,11,16
7568,863,8,390
36369,438,2,140
20041,487,11,181
7080,824,6,376
14854,463,3,199
3159,724,8,329
28025,931,4,406
42081,49,4,79
5368,988,2,473
35085,317,6,58
28094,80,6,41
47040,477,1,142
2230,992,12,440
18517,323,8,97
24991,977,3,453
2301,359,1,178
29610,880,10,352
16927,467,1,184
35678,972,1,416
25466,855,5,368
15904,321,5,134
41875,900,1,350
27081,559,5,196
25354,504,7,192
28761,96,5,10
19300,652,9,250
30491,534,4,181
36525,568,9,191
27532,963,12,393
7464,678,8,295
17562,111,1,28
42856,870,4,346
48892,804,7,287
48028,485,1,153
43511,485,12,90
9683,908,8,398
33634,618,11,212
1060,59,2,20
10269,709,8,326
24065,348,11,89
3895,304,4,125
16323,966,8,433
13352,573,1,261
45643,816,12,290
39591,85,5,66
31890,655,9,223
33016,676,7,247
12962,651,3,289
34302,128,4,4
20846,434,10,152
5011,111,7,27
20782,387,6,141
3155,839,4,396
40725,442,3,147
10196,591,11,255
44459,881,2,352
22709,758,10,319
14327,259,12,55
36474,454,9,116
33769,231,3,56
42993,419,7,100
25700,629,1,264
15820,545,8,217
11891,749,1,342
35629,487,12,157
6269,189,2,65
44880,838,1,321
49467,811,4,284
9320,894,2,441
11740,229,1,88
36897,275,1,55
31930,702,2,277
18285,92,6,17
15380,166,2,42
12360,359,12,138
6398,336,12,108
6529,637,11,277
30062,625,2,244
37686,594,8,182
18451,173,5,35
7937,274,8,101
40886,370,12,79
11860,566,12,237
26142,854,8,363
26279,331,12,77
39106,827,2,307
46240,784,7,282
36908,688,9,243
41764,153,12,50
49257,967,8,368
15201,148,9,3
41544,455,8,125
38711,299,4,48
46654,377,10,59
9997,949,7,433
41566,902,9,347
21175,271,9,57
41860,154,4,18
4225,862,7,407
45578,542,6,146
48682,823,12,299
36228,679,12,216
42505,338,3,55
47688,99,10,67
24110,210,6,45
11754,472,8,200
27655,363,2,111
44601,49,12,94
4114,433,3,201
27502,890,8,360
49128,387,4,99
21028,760,4,341
18587,615,2,261
43719,521,11,144
36333,681,10,248
4174,892,12,402
36398,720,1,285
36929,40,7,66
5321,568,4,260
31435,265,6,62
46972,302,8,26
8099,633,11,269
24760,950,7,386
12360,825,7,380
11313,251,6,91
47270,335,11,31
21462,857,4,384
6801,819,4,384
15130,355,9,140
15271,995,11,445
17075,430,5,175
37919,264,9,31
42679,406,11,75
19984,708,12,281
23559,744,9,301
13861,377,4,157
34434,633,2,253
17667,817,2,357
6840,41,9,22
4565,38,9,14
44194,306,3,40
21977,295,5,116
22118,678,5,270
23641,917,2,421
8366,571,2,261
27636,698,10,254
16630,622,12,260
21056,91,1,12
8382,384,2,171
17149,969,11,425
49639,814,7,285
47041,354,1,75
1992,671,1,305
7858,770,9,344
3121,609,2,284
28160,218,11,18
46156,36,4,90
21906,237,11,44
20572,760,3,337
5136,871,11,388
17727,669,4,297
33167,166,11,4
46421,229,11,12
16479,689,7,299
32376,433,10,125
5823,684,2,341
5920,875,2,410
20585,349,9,133
39239,914,6,356
18272,981,11,416
27619,889,7,366
10533,371,5,139
40895,182,5,6
4720,838,4,378
20267,120,8,4
16696,346,7,112
30968,346,10,63
24345,174,2,34
26693,29,2,38
20385,372,6,119
19122,958,12,410
2364,202,11,72
3708,474,1,220
13982,665,7,276
18308,25,8,48
33919,352,10,78
26161,963,8,404
36089,352,3,97
14865,277,7,91
1495,230,1,123
45755,70,11,82
3148,464,3,217
34324,678,6,231
14393,396,9,154
2552,659,5,314
36853,505,5,177
33924,789,9,320
9926,70,12,35
31851,173,9,10
24889,601,6,219
40930,807,5,325
9055,810,10,351
5654,329,2,126
23634,418,11,119
33363,153,8,20
12468,239,12,66
33922,182,8,15
41718,990,7,397
49091,667,8,206
18380,588,3,259
27870,521,3,197
38394,965,2,390
15259,708,1,311
15873,134,3,26
14016,518,3,200
43137,491,7,140
1153,168,12,34
8853,260,10,88
13379,142,9,30
16792,823,12,344
39367,858,1,364
19100,88,8,21
48553,845,1,321
12049,82,3,2
1786,752,4,361
5368,35,11,23
31699,409,8,116
48691,609,1,193
38040,653,12,204
28454,967,2,408
39762,277,11,49
24600,236,5,43
30238,498,6,164
26241,133,5,21
20810,901,3,405
21167,992,10,427
22811,399,7,130
40779,677,12,245
21085,996,1,480
47854,256,2,23
10261,495,11,206
19733,991,12,433
40779,950,9,361
30079,617,4,252
34980,698,8,248
15141,148,9,25
10344,529,7,232
40472,184,1,4
16896,296,5,112
24817,276,6,53
30813,151,11,18
19895,589,8,231
1143,276,10,99
11681,160,8,22
8367,705,12,305
4228,706,9,311
5582,228,9,68
14147,735,4,313
12397,538,6,231
39799,70,3,61
38011,522,1,176
14647,278,6,87
28718,197,1,60
45264,941,9,340
43317,562,11,151
48914,375,6,65
20097,337,1,131
37953,685,11,217
46254,982,3,390
41096,383,1,101
18107,74,2,6
4010,175,6,65
6555,63,7,3
1067,612,1,310
29412,697,10,266
45953,561,5,168
35305,341,6,71
12549,667,4,311
6680,33,6,38
26739,376,5,128
22209,502,11,184
42515,637,7,197
23432,378,4,123
16116,337,1,124
21045,94,2,7
27327,978,6,412
36709,610,10,176
44617,213,11,7
27905,382,2,122
8067,115,5,34
33559,59,12,63
43919,787,4,296
18985,416,7,149
28369,126,4,4
18864,36,7,40
23614,546,11,171
48894,948,8,335
16613,803,7,346
7447,518,2,237
6499,544,11,211
40041,778,1,299
32315,745,5,290
2299,682,12,278
40469,823,7,318
5994,62,12,17
30878,965,1,419
16627,645,11,252
8489,861,8,400
27111,612,3,238
33355,369,7,100
9269,672,3,298
3831,49,4,8
45370,460,8,121
12819,561,2,242
25813,474,6,166
22637,797,10,326
2996,630,9,284
45387,981,10,375
4089,113,9,1
34291,742,5,282
21659,314,3,97
46178,568,6,168
31429,918,12,357
16732,108,9,2
20506,949,6,422
41935,522,4,169
6190,786,12,338
5575,233,11,77
41495,441,5,110
49146,545,7,136
35565,211,10,22
35899,826,3,316
24706,713,12,282
48668,661,9,209
23884,243,1,69
18199,574,8,247
45100,712,5,258
40434,406,10,90
13479,700,9,308
35178,795,2,334
13665,493,1,198
1534,627,10,279
27292,222,7,25
37132,466,10,109
37110,852,12,308
23469,866,11,358
47233,919,9,344
38268,87,5,53
2172,111,11,11
28914,797,4,326
21901,862,4,367
41775,197,12,20
35409,682,8,246
20324,848,1,385
9738,578,1,275
38494,22,8,81
45557,122,2,32
25054,292,10,59
30709,553,6,197
44785,135,2,24
21107,878,5,384
1363,931,3,472
11358,483,7,203
37077,123,9,47
4240,278,2,136
7665,327,7,143
46689,386,8,88
2936,948,10,443
47736,829,8,296
26538,661,7,254
44965,826,12,280
12998,321,4,125
1882,579,4,266
21224,46,10,38
40691,527,9,143
47476,546,12,138
31825,794,10,323
6204,384,9,152
29885,972,5,388
41056,317,7,35
4203,796,7,369
3244,380,9,151
33786,665,12,240
4083,523,7,245
22584,972,8,419
9521,607,7,268
34541,49,11,79
30063,458,4,151
5732,359,12,126
28518,145,2,1
40563,615,3,212
40752,585,7,179
30697,385,11,88
3567,814,11,369
17121,871,9,395
2674,462,11,205
11875,282,2,105
45340,955,7,364
1739,891,4,410
2545,241,7,110
30140,859,12,324
10327,21,5,25
6127,929,7,439
24331,413,6,122
24004,325,2,119
42833,165,12,43
11492,549,7,218
14749,547,5,237
24508,327,9,106
10045,984,11,433
21116,967,1,427
19667,690,1,308
10521,359,2,168
9669,938,8,423
28302,371,11,99
12283,829,9,382
31935,228,11,11
7998,977,11,447
29806,224,12,10
32624,644,7,213
14440,709,1,323
46465,992,12,366
47501,740,7,253
22797,655,8,259
2269,34,7,3
8868,877,12,382
31251,447,5,152
13373,495,12,189
19987,317,7,105
39729,576,10,174
16734,113,11,2
43429,126,2,34
42337,438,9,102
41325,297,2,59
19064,147,2,43
9433,989,5,467
49421,478,8,117
10111,57,6,3
39450,628,12,196
49247,217,9,31
16047,723,6,306
9084,376,5,167
22751,26,1,60
17453,575,8,234
21308,351,3,121
39968,538,12,160
31077,213,2,36
44046,335,7,45
35775,20,11,84
49570,81,2,60
47097,362,1,82
25503,620,11,243
3779,37,2,3
22304,639,6,264
1755,666,2,323
40263,390,1,123
43955,841,1,341
43281,598,4,201
18400,624,8,236
41115,669,6,244
15249,720,4,308
48647,590,6,167
47825,718,6,236
45825,254,9,10
25600,88,4,22
38706,466,6,122
20222,629,10,235
34505,27,1,59
39968,481,7,151
42139,330,7,41
42302,153,11,42
30148,404,1,144
23302,75,8,38
3623,379,5,188
9646,990,9,442
14543,133,8,7
29960,107,3,19
23785,157,1,19
13817,127,3,24
32406,519,2,183
24456,554,2,215
24777,163,11,11
21914,888,4,391
30553,675,2,266
24548,75,8,31
38265,639,5,225
41701,882,1,355
7727,25,6,12
45924,561,12,147
33427,466,7,163
17692,404,1,175
32625,326,12,55
25918,893,3,392
42395,876,9,321
42136,658,7,201
16577,321,12,112
20619,652,4,270
47240,424,6,81
34710,630,6,225
38388,697,12,236
17195,856,3,389
28689,850,2,370
12154,772,5,367
40121,581,8,191
30412,799,3,329
22341,856,5,367
33018,529,3,180
10145,92,7,4
43262,831,6,309
47330,583,6,176
23223,284,1,93
3880,246,2,117
22271,212,6,34
34313,393,8,105
47900,770,5,272
14304,29,12,76
35695,321,2,74
31225,378,5,114
21536,759,9,325
31831,973,6,394
12673,824,5,401
22917,71,10,36
28829,771,6,329
16372,118,12,5
26938,612,11,224
3663,32,12,29
48801,409,9,82
10465,973,7,435
4326,376,10,143
4659,659,3,303
28594,835,10,344
5763,947,10,433
24121,30,5,55
11828,100,4,13
48588,280,11,16
12221,25,5,19
12211,477,8,172
14569,392,11,129
32358,500,6,188
38860,241,4,43
7022,936,5,460
46337,829,11,303
14515,100,7,12
7159,942,8,420
46991,534,5,153
42213,79,2,42
22691,240,6,65
25904,981,9,418
44790,368,3,94
4044,580,7,264
10612,247,8,87
6636,309,6,126
12593,312,12,108
49947,829,3,306
3892,212,1,93
22672,975,3,443
6812,493,11,207
32085,276,6,58
1654,974,11,442
18143,525,4,203
2798,407,1,196
38927,634,6,218
30087,417,1,147
12618,385,12,119
9446,677,8,279
22646,309,3,92
37591,788,3,305
49867,328,1,57
28200,297,3,82
30571,483,7,167
23538,208,10,32
41555,937,8,359
44964,197,11,19
21900,547,8,219
23356,943,3,418
24023,394,5,150
40148,617,1,206
18392,779,9,331
21698,473,8,169
43470,236,10,11
27535,61,2,55
36450,213,10,6
34757,346,1,108
13476,392,4,151
42214,484,9,131
5711,182,12,45
7479,295,8,107
32390,383,3,113
14161,661,10,252
33152,794,12,308
15635,499,6,181
41843,708,12,236
31297,998,9,400
21836,479,10,164
25831,284,8,66
2007,558,10,243
27331,993,5,435
41456,405,12,68
11763,104,12,13
4908,727,9,323
28573,335,9,86
20187,262,3,95
12957,488,12,175
5379,899,8,407
28959,361,4,105
17482,196,10,32
28105,149,7,0
1877,676,10,292
49353,102,8,76
19252,379,7,127
32334,107,5,12
20049,551,11,221
18772,761,1,317
3637,991,12,444
8242,657,8,275
43025,490,5,160
42381,517,3,155
36651,526,2,187
34972,373,3,106
17928,435,9,149
29742,70,2,32
12831,619,10,252
49232,701,1,258
20556,82,2,12
26343,108,2,4
23834,720,12,285
47762,209,11,25
40288,918,5,376
34422,620,1,226
24205,367,12,87
19830,863,10,366
9412,557,8,238
4666,195,2,82
38045,383,6,117
21786,795,5,354
6515,920,2,434
42973,926,10,343
27627,573,12,199
16198,502,1,220
4985,138,6,34
46903,188,6,1
41935,639,3,208
30475,166,8,11
41216,707,9,248
20403,456,3,174
4681,458,9,179
27019,907,8,386
28586,208,5,19
43292,179,6,15
38521,833,12,297
40850,879,12,313
37770,951,12,362
6629,421,1,183
28710,605,5,234
31328,883,10,349
13278,37,10,30
9417,159,12,32
35765,134,7,27
9963,347,1,142
49552,244,10,6
38292,577,9,181
26009,458,7,144
28675,569,4,202
37175,737,11,262
7731,405,4,186
41563,540,11,147
12332,272,10,77
20177,639,7,258
24718,920,6,395
3911,117,3,38
19799,806,9,332
16194,90,6,1
5951,570,11,242
41866,829,2,339
29333,932,10,374
22673,466,12,148
49885,109,2,39
41870,449,1,139
6565,238,11,78
23821,126,5,11
26494,495,10,177
34941,935,6,368
9624,473,3,196
48162,923,4,377
47024,627,5,198
1835,934,4,446
19646,563,9,230
12824,145,12,14
38335,166,3,2
4815,299,5,134
3429,43,7,0
42950,971,12,355
42886,740,12,247
45398,139,7,36
3607,805,6,389
26650,671,9,247
39698,316,7,41
33353,874,11,339
37790,963,4,395
12991,101,11,34
22168,467,10,151
32099,931,9,363
40385,739,6,276
36919,938,1,401
32416,489,9,140
6580,442,11,170
8054,564,7,243
25090,43,6,51
41387,80,6,78
16823,842,4,383
47015,720,4,252
38341,103,11,51
16339,244,3,78
4491,699,8,309
1706,205,8,72
32957,394,2,108
16728,91,5,2
7997,93,9,2
39001,916,12,331
39523,360,9,78
26163,172,7,17
18718,115,4,10
22972,584,4,249
19231,464,10,152
40619,705,11,237
13126,129,7,34
24595,477,3,185
41633,847,3,318
13118,70,5,3
4317,396,11,141
45980,784,6,285
45115,92,8,54
44158,231,1,45
48631,451,7,86
40828,743,8,274
16504,782,5,349
4057,187,12,51
27660,794,10,309
38196,350,2,103
1402,761,4,353
9605,770,6,345
16761,806,9,330
28043,513,2,214
34635,162,4,5
14779,601,10,237
16155,464,5,185
41978,843,8,319
34132,413,8,129
24851,531,2,223
16366,705,6,289
29408,867,6,353
7571,640,5,292
15017,734,8,316
40236,716,10,237
5150,822,2,385
46833,347,2,82
20423,623,7,264
5137,278,9,98
30992,853,3,343
46004,456,7,108
29902,737,3,283
45921,583,12,165
14833,368,6,133
2381,712,3,343
9154,969,1,456
35235,834,6,336
14439,534,11,203
20122,468,3,168
24956,418,1,163
18264,615,5,276
45774,233,8,4
4149,565,8,228
25660,581,8,222
41660,308,3,49
21528,860,8,363
49904,278,4,37
2168,277,8,103
46124,407,3,116
36897,803,3,303
16032,713,1,320
36294,564,8,202
44827,284,8,10
4516,332,9,121
20751,59,6,33
31373,839,12,312
31270,229,2,71
11386,291,1,126
37323,155,8,46
49780,618,10,178
15157,79,4,4
38879,529,11,152
40520,695,11,244
40132,534,7,150
4626,34,10,18
21400,633,12,253
37643,274,4,48
39265,756,1,286
16979,741,8,306
12529,554,10,236
17645,254,9,74
27424,150,10,11
14382,689,9,282
5025,704,9,310
44226,36,12,112
14844,901,12,389
5175,973,11,462
31519,845,11,334
10174,897,12,381
4443,204,4,77
22395,410,9,150
11725,442,11,167
34461,865,4,346
42115,461,2,141
45548,715,10,251
32351,674,3,268
19196,575,2,250
47609,31,1,83
15254,539,11,203
15021,99,6,8
47136,828,4,301
6724,693,7,296
29690,321,7,49
2407,235,10,92
9032,267,1,112
48340,560,12,165
18794,291,9,86
20881,152,8,3
21756,24,10,39
41162,775,1,306
30416,561,8,196
45354,648,5,234
26752,709,1,294
13926,792,4,354
34765,766,7,299
15390,160,12,7
39867,502,5,165
22939,324,11,79
28307,364,3,116
31828,581,12,188
29513,289,11,55
25502,127,4,14
31063,577,2,234
23486,493,8,183
47277,101,12,75
39258,657,2,241
32692,103,11,47
39384,309,6,62
16958,90,7,10
36016,194,7,11
18232,847,1,396
11748,861,8,366
11514,482,9,190
23738,868,7,350
9695,414,8,163
9070,885,4,394
28765,110,12,42
42662,488,8,131
31761,882,3,349
17698,453,1,195
16123,268,8,84
36144,663,11,225
26616,700,12,232
38146,974,6,396
12182,591,9,241
25833,900,3,380
34342,868,8,325
32331,260,9,29
47098,721,9,224
27128,515,12,160
32556,359,7,92
22969,812,12,335
22876,763,11,308
9949,490,10,199
25518,482,3,178
6670,820,3,382
25099,294,2,72
40335,844,1,359
13716,34,2,16
39885,60,5,84
8837,984,1,485
48299,227,10,6
20159,79,4,17
42266,384,11,66
37877,259,10,38
22560,627,10,223
18106,809,1,360
47289,958,12,362
9720,179,10,29
38661,416,8,96
29362,953,12,382
29258,813,5,338
22782,519,10,196
42168,228,4,22
22120,152,3,12
20790,400,9,149
28912,452,6,159
48374,628,12,178
43907,750,1,277
35812,408,8,102
37160,602,10,204
20156,451,2,180
11672,293,9,101
15444,370,11,118
7784,153,7,34
18929,85,3,3
2070,658,4,312
23906,224,3,55
35618,317,6,85
46158,136,9,64
3939,967,10,435
30841,286,9,72
43863,813,1,295
17301,168,10,15
8194,213,6,67
6851,699,1,338
17378,843,11,353
1678,905,4,432
31640,198,7,3
34756,167,4,13
30777,484,9,142
27183,995,10,417
28445,588,5,208
2502,24,9,5
22665,545,1,225
17198,299,12,100
22411,518,4,209
16867,855,7,378
15266,455,2,187
40422,835,9,325
36208,235,3,20
44002,706,4,235
32213,847,12,322
8367,988,4,478
14490,534,8,228
36362,906,2,373
39285,156,5,8
10219,997,2,459
7310,631,12,268
37307,614,6,210
30631,299,9,62
15744,151,12,13
20867,412,9,145
19625,500,1,219
7378,532,4,243
20149,647,4,271
43133,438,1,127
12422,221,10,55
28926,671,2,274
38679,677,6,262
34171,481,10,131
14180,797,3,376
28301,221,9,22
37931,933,3,369
25014,171,3,15
31936,916,9,359
15336,241,3,80
23200,98,6,6
6470,219,6,93
31859,781,1,323
15953,118,7,13
40044,997,9,397
39507,931,9,353
28433,232,9,34
26957,162,2,29
7523,721,1,313
22387,408,6,145
48761,832,6,293
32169,393,4,113
46641,71,8,78
23990,986,5,437
30661,643,7,256
14419,154,9,19
15457,430,1,181
3064,489,9,223
39083,131,4,37
11566,544,7,222
34085,804,11,301
32528,764,4,309
7130,63,4,7
41187,416,4,125
3042,604,6,284
5598,280,5,107
43982,762,2,289
33886,564,9,166
34477,407,11,108
49625,495,6,131
29716,429,10,120
13601,599,6,248
37018,35,9,81
9061,681,1,326
9609,823,7,374
36371,121,3,26
45814,205,4,2
18485,970,1,421
21805,950,3,425
8857,44,7,19
12620,91,6,2
9177,612,1,287
31111,592,9,198
24042,37,4,31
19645,773,7,303
25405,589,4,238
12826,351,7,124
14890,908,5,407
17892,588,1,255
47598,116,4,62
10484,746,3,324
6495,850,6,402
29481,31,6,54
12267,30,1,18
41166,928,11,349
7743,182,2,74
38939,302,12,40
49773,748,2,273
27569,891,12,366
29552,854,10,335
46772,260,4,24
44730,876,9,326
29948,64,11,42
11775,989,2,468
4557,612,11,244
4587,274,8,107
17535,86,11,22
1954,937,12,433
47562,633,1,212
24544,993,12,401
34455,622,8,225
42269,61,3,48
16138,807,5,360
43462,835,1,333
4127,805,1,393
24147,403,6,123
46528,608,3,212
12559,253,8,73
48564,985,4,379
4395,733,6,335
26389,504,10,162
1845,752,12,355
34932,793,9,294
46722,58,8,88
39672,30,4,69
14731,643,10,246
34122,428,8,113
36585,127,7,23
4832,113,5,37
33332,842,7,323
13467,103,7,4
42025,77,10,63
14107,312,2,104
13458,35,7,28
29666,496,3,179
44481,857,8,311
3581,624,8,289
10582,988,9,433
9418,184,11,49
29091,456,4,155
30113,746,10,288
19827,675,3,278
15419,805,9,339
12814,422,9,160
34804,959,2,419
11024,405,6,159
44700,973,3,387
8435,157,5,62
2548,735,2,354
6065,833,4,386
23880,741,11,289
4407,550,3,262
34407,825,2,324
33940,312,6,52
6666,494,11,212
38122,899,3,354
26092,481,4,172
11109,832,6,382
36654,392,12,89
35932,181,12,16
27505,661,5,250
37713,63,4,51
44169,884,12,336
8746,102,4,24
12975,911,2,414
41522,655,12,197
16596,558,10,220
38953,835,4,323
34861,881,12,323
4880,538,8,229
44454,430,5,90
44539,360,11,44
44448,730,10,250
3785,643,10,285
23449,108,8,34
15799,659,6,292
40307,249,12,9
49784,37,10,130
48498,820,5,278
44333,692,4,242
41828,883,10,345
4990,909,9,421
20073,300,10,73
37863,929,5,382
15549,441,10,136
19259,697,11,279
20790,791,6,323
10979,895,7,406
21316,721,11,282
27183,357,12,88
29324,285,11,56
25624,822,1,361
39176,374,9,75
21245,379,12,113
47705,810,8,290
24790,236,12,26
27756,340,11,66
3833,869,5,395
6285,738,3,357
10589,684,5,314
48476,712,5,231
15116,231,9,63
8645,804,7,366
45786,972,2,402
30150,222,5,29
11889,736,9,318
31286,935,11,361
38545,915,2,366
16994,172,8,17
36503,701,12,231
47379,448,3,124
25662,772,4,323
40136,306,2,65
27639,776,9,305
18205,340,6,109
33930,455,9,137
8777,611,11,252
29315,515,8,181
48617,623,12,176
27973,168,9,3
19316,561,5,239
28304,654,6,249
37303,918,7,350
31522,501,5,162
23340,345,1,135
20830,958,9,423
14403,48,2,16
15516,278,7,85
20091,717,12,284
8959,948,8,457
32932,94,8,33
31554,576,1,209
37701,600,10,190
4385,517,7,209
34690,435,9,112
11367,898,11,390
47505,741,11,258
34332,770,3,304
20642,359,8,115
11789,327,8,127
36268,723,9,249
21950,903,8,383
26563,634,5,245
40649,260,5,42
37404,272,3,49
33991,955,12,375
40065,239,6,1
48663,416,10,86
1350,355,3,173
19312,748,2,327
25127,733,7,298
29853,48,10,68
38500,513,3,154
34785,978,4,417
19610,743,11,298
24590,521,10,188
30443,173,8,8
48997,250,1,25
8170,121,9,17
14303,846,6,359
7207,196,2,83
13316,712,3,323
36187,946,5,404
7240,251,11,73
2893,31,12,28
14753,205,6,49
39090,780,9,282
12232,951,2,463
18509,285,5,73
4117,921,7,428
37929,154,11,36
49291,776,12,236
5042,50,11,13
38201,878,7,355
27746,475,4,181
15016,278,3,100
26022,123,8,13
36426,450,2,130
28938,401,5,124
44678,488,12,133
36712,532,10,169
40978,960,5,389
9787,969,1,465
2986,965,7,463
11942,226,4,89
18458,666,10,265
13161,466,12,175
21689,802,2,364
30163,108,8,46
36775,214,4,22
34737,433,1,124
9772,141,8,16
36592,481,11,139
2211,135,7,24
1229,215,3,85
49542,55,3,75
15345,86,7,6
36953,664,2,249
32819,300,5,72
48779,498,7,120
17885,30,6,43
27708,987,10,398
1048,749,7,345
20950,341,2,129
16173,687,7,306
34737,259,2,61
29036,79,7,61
48321,669,8,204
6820,581,10,246
15292,698,8,281
4052,184,5,69
45377,850,7,312
24781,208,11,18
3302,506,8,227
3283,111,4,46
49153,825,2,304
43567,907,7,345
16620,308,1,120
31461,528,12,160
21750,94,2,1
33890,576,10,182
24183,447,7,166
10472,404,12,158
4727,72,12,4
47500,194,10,28
26523,692,1,303
31766,598,7,197
38726,493,5,137
1524,930,11,425
10079,380,3,152
9399,289,11,101
28370,426,2,139
17532,143,7,18
17821,713,9,294
44162,395,9,84
4749,411,10,173
12353,201,10,40
47777,55,8,87
29477,231,2,53
25570,915,1,426
21837,967,8,412
12437,153,2,47
39104,884,4,361
5551,943,12,427
3823,709,4,340
13916,697,2,330
16167,945,4,412
42445,510,7,135
48636,868,6,312
9391,860,10,369
13658,457,6,188
30685,858,4,356
24380,65,2,17
43431,687,5,239
29919,420,11,108
3311,507,3,239
40993,451,3,147
45333,447,4,117
44038,767,11,268
14560,847,11,352
49733,591,5,162
39553,536,11,145
26993,984,2,434
31492,481,6,158
21981,985,6,431
25143,922,8,396
13067,200,2,73
24916,164,8,10
42508,846,8,316
47421,284,4,47
4815,754,7,346
32836,425,7,126
38477,832,1,359
38275,988,1,416
40343,974,8,406
5773,867,11,399
13446,503,1,233
31733,501,3,180
11464,256,6,94
49632,544,8,152
22576,358,5,100
4320,287,5,130
11750,951,4,429
38466,285,4,48
27572,547,7,194
18948,111,6,13
39826,267,8,34
24515,38,11,62
28867,891,6,378
1726,409,11,192
26820,407,10,119
7697,945,7,419
45678,634,10,209
43025,114,10,46
13963,449,5,179
2081,814,6,387
21269,960,1,419
11776,744,3,345
32816,56,12,89
15196,412,8,147
43112,592,3,189
16958,310,1,126
24369,893,3,391
12689,322,12,98
18331,775,4,335
38528,936,8,374
14436,420,9,159
1066,842,4,391
31725,363,12,73
26212,882,7,380
34332,537,1,194
26401,396,9,106
14393,950,11,421
4670,837,12,368
26601,184,4,21
3251,32,9,1
46717,44,3,73
34572,755,11,281
28027,142,5,0
32846,148,1,11
22015,836,11,337
10583,653,3,300
24104,566,5,235
13224,614,6,290
39784,328,8,66
31836,455,1,159
30299,201,3,31
14036,607,1,283
20933,635,5,252
13392,763,8,335
8938,834,4,379
5141,62,11,21
24350,423,9,128
10546,948,6,429
6335,624,6,293
6077,675,11,294
47015,785,5,269
6611,609,10,264
41857,282,5,58
36660,89,11,69
6577,680,7,300
21002,311,8,91
40451,233,7,17
35275,891,1,370
29647,841,1,351
35831,166,10,19
35768,44,6,73
31962,342,3,81
49334,128,12,68
30583,712,9,241
2294,270,11,79
16096,501,7,202
37833,734,2,265
47858,835,12,291
28328,701,3,260
25398,194,8,25
18706,366,1,137
23340,189,5,28
19825,21,10,55
18482,665,1,288
10318,658,12,261
42256,577,9,176
45009,725,7,249
44185,381,5,79
16574,740,6,330
49070,315,11,26
15650,589,3,242
47118,609,3,204
29930,221,7,24
21171,308,7,107
35864,81,7,53
12801,521,2,230
23372,799,2,346
17559,145,11,6
33334,68,12,81
40937,619,5,222
14288,865,4,395
23398,792,7,336
11694,198,3,80
13191,600,5,259
19051,898,2,414
11737,947,1,445
26251,512,9,174
6147,452,4,200
20643,591,8,224
39967,321,12,68
34314,983,7,387
38999,780,12,277
41733,188,1,1
19467,996,10,439
35808,982,11,399
2752,288,7,112
2849,383,2,173
3642,643,3,317
2600,119,1,45
47719,933,7,343
21786,234,3,58
45565,644,6,211
21183,116,12,23
2132,838,7,377
39259,649,3,243
32076,567,2,205
39563,356,9,68
27691,378,9,120
44299,309,7,59
11931,415,5,167
8633,920,4,447
38777,835,4,352
35881,379,1,82
2044,366,4,177
47691,143,7,54
36199,571,5,196
25363,672,9,235
47694,557,4,152
2582,673,11,293
15374,883,3,416
2308,926,6,425
22301,441,4,176
9793,355,11,114
2620,522,2,260
30883,76,5,34
38534,681,4,228
38960,898,5,354
40390,931,12,357
7093,736,9,329
23259,95,4,13
21655,485,6,190
34005,304,4,65
32629,741,1,310
24610,405,2,169
22602,969,6,423
21409,789,8,334
12110,278,9,86
7073,496,4,224
36310,715,6,258
16282,859,3,381
11195,30,12,23
2537,991,9,464
18138,691,8,290
45328,279,12,16
47202,412,1,127
41164,619,2,253
25207,388,10,99
21619,203,9,34
25845,35,10,67
25310,996,3,445
38899,775,3,315
31562,525,10,175
29036,105,9,22
9697,730,3,331
18513,29,10,56
44039,496,12,117
4145,183,11,46
28818,43,5,32
31544,595,6,220
14100,331,3,137
21104,257,10,55
5067,481,8,213
37963,481,2,155
31728,876,6,353
33317,257,2,58
32416,41,9,74
43012,199,6,8
41049,837,9,308
3509,578,4,266
22400,810,12,318
49270,755,3,274
7533,749,2,361
15670,518,8,200
4932,494,4,231
48363,768,2,281
46809,735,11,242
39328,358,9,56
37784,550,12,156
24723,711,8,270
1719,181,5,68
1074,816,8,379
27498,80,5,34
32345,104,7,29
21541,566,5,236
46929,509,5,140
35917,24,4,77
27028,95,5,36
30545,272,7,45
15033,26,3,22
32673,700,4,284
31974,661,8,239
24097,492,6,180
37975,157,8,16
28608,377,11,93
24525,831,2,372
16043,857,9,376
42846,622,7,176
12725,182,5,60
37704,337,11,56
43075,477,7,121
38383,272,2,45
30483,220,11,9
8265,551,4,242
23763,760,7,312
11116,694,2,304
16733,184,8,21
47660,251,10,10
26502,347,10,74
38420,257,11,9
44241,139,5,31
10247,969,5,456
24840,882,8,364
22058,914,12,374
35929,900,1,371
19635,638,6,246
26628,269,2,79
32362,355,1,111
21953,303,12,69
20128,217,7,49
48356,435,12,103
13061,751,4,342
7041,414,1,200
13673,957,10,407
22059,170,11,16
35328,817,11,305
45722,284,6,32
18548,239,10,47
16078,235,12,47
6419,334,6,133
36490,687,12,243
11550,235,3,88
31337,354,6,110
2468,378,10,150
25309,645,9,253
1808,180,6,55
25747,834,1,382
7719,629,10,250
17363,530,6,210
29718,937,8,388
29801,176,7,2
44359,181,8,37
38841,61,11,99
9012,199,12,46
19029,322,8,119
47660,349,9,53
42017,582,3,203
48915,783,7,266
1767,448,6,207
4895,369,2,180
43968,139,5,28
41097,94,3,58
16332,693,11,280
15621,680,5,284
12334,142,11,17
19174,672,9,259
34653,201,8,16
41502,940,9,368
37674,909,9,338
38260,808,11,281
43498,276,8,46
3073,973,8,446
7269,856,11,394
18194,776,11,308
27811,617,6,225
7841,602,6,252
44723,288,6,20
35800,512,10,152
10699,199,6,63
46505,810,11,279
11762,168,12,26
40897,537,9,162
42556,167,10,30
3147,863,1,411
34383,699,10,264
34715,28,6,84
39445,197,8,4
41634,815,1,336
3013,414,11,162
21081,647,11,264
17874,627,6,259
38755,350,9,49
9733,875,6,405
10479,75,2,14
10825,226,1,80
22304,124,4,1
36694,566,6,185
41050,740,10,262
16635,812,10,338
49615,900,9,329
21760,374,5,124
10490,678,7,298
22252,508,6,184
40754,818,6,300
7862,612,9,259
45927,522,5,162
5423,69,2,33
11450,106,8,17
41927,722,11,254
35841,322,3,50
23554,20,9,71
32826,400,5,117
43879,973,1,401
7825,669,4,297
44420,667,9,220
13454,381,1,157
25251,400,8,120
21648,685,8,271
41736,181,9,21
25530,38,9,49
13516,993,6,451
48058,859,5,308
41544,262,12,4
9558,148,12,16
9719,195,7,49
5886,428,9,187
29185,811,5,334
38387,962,12,369
22575,103,3,8
47724,395,9,70
44113,241,10,5
40643,344,1,86
11100,470,1,208
8856,435,10,176
39169,676,11,233
29804,464,12,150
36790,637,4,235
31988,344,2,108
45443,542,7,167
11912,185,2,62
39506,727,7,267
48894,762,8,273
23368,678,12,262
2770,890,11,408
13305,257,8,89
10969,932,3,432
13404,32,9,39
9989,750,10,334
36983,276,10,26
45748,533,10,131
40462,229,6,16
20360,503,4,201
21121,384,8,129
27287,244,4,61
44429,213,4,15
35160,215,11,3
7789,419,8,178
28181,791,4,353
15385,76,1,16
18061,988,6,423
1105,644,12,283
45247,232,8,15
22137,298,3,73
35714,775,2,305
6544,399,6,172
14275,136,1,21
40753,917,11,354
35550,470,5,170
20641,618,6,256
7213,429,8,169
15485,912,7,381
16605,386,6,149
38637,794,2,325
21390,831,12,336
10867,948,8,428
4981,132,8,13
10493,979,11,433
6682,183,5,42
6782,23,3,25
30799,649,12,218
42905,42,11,83
17984,940,8,414
46780,764,5,271
23760,621,3,280
26993,786,9,319
2524,111,9,27
27120,488,12,162
1078,989,7,450
36891,174,8,16
26473,838,5,353
40832,646,5,245
46836,226,5,10
9417,100,2,9
14362,634,3,285
2209,502,8,227
38921,984,6,409
5898,611,9,265
19562,426,7,150
11871,122,6,17
8610,259,11,91
44845,284,4,35
28382,52,7,48
16791,54,4,21
36312,268,7,32
39290,69,5,63
3370,299,2,130
20665,773,7,317
5710,171,8,41
1328,678,10,297
47451,570,11,145
39347,720,2,271
21612,556,6,208
46890,775,4,280
7794,754,5,340
33888,249,1,58
7749,684,6,326
47531,942,12,325
21608,307,12,72
16450,414,11,139
4675,472,8,194
19460,639,2,281
39411,52,1,55
12560,934,9,421
33463,382,2,120
32663,130,8,20
49151,140,5,38
4170,35,2,1
34123,758,5,314
29810,542,9,171
10718,734,6,335
1028,733,3,351
48599,117,12,80
18397,135,8,10
44662,984,1,395
42787,490,9,143
46406,458,9,115
48657,300,4,43
3024,368,8,149
39607,251,11,17
14503,992,11,436
11303,130,3,25
18138,371,6,127
26345,949,10,368
30505,31,10,66
2906,507,8,237
41167,552,11,142
8961,658,9,281
27140,304,8,60
13031,966,9,440
16128,652,4,287
16663,655,10,263
35228,938,1,396
16682,564,7,228
16193,411,11,156
29561,189,12,1
44813,96,10,75
8766,984,4,466
30844,316,1,84
30432,349,3,95
30504,82,7,43
38146,289,11,42
41297,235,3,22
21858,209,1,53
4071,94,7,17
17939,705,8,300
25931,529,5,189
45460,598,6,186
2040,112,3,47
3686,72,5,12
13666,515,3,230
36321,967,2,424
2779,113,7,45
14186,644,10,261
17459,248,11,59
21710,269,7,66
23219,410,12,114
6057,740,8,330
19733,201,12,31
20157,286,1,96
36030,300,2,76
20613,974,2,443
44076,981,12,356
18492,686,3,291
21746,102,7,9
6188,205,7,77
42570,880,7,320
30680,670,1,271
38825,586,2,221
37766,550,8,180
9864,367,9,154
37445,442,10,142
6796,877,7,394
48218,473,1,146
40131,286,12,39
9123,526,4,238
9222,161,10,35
25074,335,8,99
47422,695,5,247
30825,783,1,327
37839,251,7,31
42576,316,6,38
3786,917,9,428
34638,972,4,405
37964,894,4,368
45564,591,8,174
26988,935,4,385
36507,41,3,61
34708,403,7,117
34108,145,5,13
30715,122,9,32
24806,919,5,366
37901,971,9,384
18043,752,6,325
11225,129,6,36
10752,589,11,243
4457,491,6,223
43616,84,7,72
10241,491,12,192
1453,589,11,269
10896,689,4,321
22826,95,4,6
11976,38,9,40
49640,403,12,64
34586,209,7,10
5868,781,11,346
17396,379,10,121
32634,894,6,367
13171,905,1,432
25111,471,7,173
34688,98,6,29
22304,615,12,214
43274,191,4,13
40243,231,8,15
29253,905,7,371
31980,464,8,137
3017,168,9,57
8957,29,1,5
49998,561,3,181
43188,811,2,322
5792,963,3,454
14237,74,11,25
17251,891,11,378
20252,658,2,271
11707,199,11,47
35206,763,6,286
29740,400,9,122
4543,441,2,210
45135,470,4,140
49288,112,5,50
40111,539,5,156
36031,432,1,154
43929,778,6,290
1211,413,5,210
47577,984,6,384
40795,350,4,83
1331,727,11,319
24244,452,6,165
9169,973,9,453
23104,182,1,47
42901,965,6,376
15591,59,1,12
32711,785,12,297
49893,927,7,352
1727,104,4,40
22359,803,6,335
44822,609,7,186
37011,744,11,275
38863,835,5,332
47577,786,9,292
23998,110,8,4
11929,503,3,230
15842,404,1,177
24519,212,11,29
18393,272,10,66
35318,809,8,311
9995,674,4,302
29656,263,7,42
48934,743,4,259
41260,726,7,261
46269,289,1,44
16567,860,1,413
29840,38,2,44
24831,59,5,42
14265,629,11,254
6424,535,10,222
21625,52,6,33
15086,830,2,373
30187,696,1,276
36929,469,9,155
21539,558,7,222
26103,704,8,296
28874,868,6,398
10215,644,9,269
40385,965,8,370
23044,904,4,399
12926,911,5,422
48860,626,2,211
32501,338,1,73
30774,764,6,313
26008,665,3,285
49928,143,11,67
18560,391,4,140
25340,370,1,127
25976,342,6,100
49406,507,8,134
28626,470,10,163
33720,372,4,88
36001,135,10,54
5700,974,8,457
44795,32,11,121
8860,936,10,417
8526,339,3,161
39327,184,11,3
40500,739,7,260
3513,104,3,23
8830,267,6,94
15781,451,4,179
8910,587,6,266
16847,703,7,308
6649,672,8,291
10120,663,6,293
2951,498,4,232
11165,732,9,304
15352,387,7,125
10746,820,9,356
44738,952,3,387
29997,840,5,344
42954,376,1,103
25183,427,11,132
9804,364,12,138
28169,198,8,6
1595,444,1,221
30592,560,1,200
41643,462,7,128
21823,955,11,406
6972,838,8,388
16882,325,3,126
1858,386,2,181
6519,55,7,6
24769,482,10,153
26020,640,5,261
43748,847,1,331
38085,165,2,12
20838,807,3,339
45912,920,6,357
13879,165,1,55
34798,399,8,112
43255,187,2,10
25290,788,5,322
47073,294,8,40
11255,106,5,6
2447,173,8,55
44005,516,6,154
30195,816,7,306
3850,334,8,148
29400,850,3,365
12953,629,12,265
41874,742,5,272
24535,977,10,416
11000,579,7,260
10503,849,9,388
16493,293,6,92
5055,725,10,316
39170,783,1,324
33408,814,11,309
43049,281,8,35
35440,506,6,171
29251,473,1,159
5532,462,4,208
5924,281,6,109
49037,562,10,146
13546,124,1,31
27579,369,10,100
7085,843,5,384
13390,457,3,199
14280,188,7,49
25118,767,8,319
5864,805,3,368
43084,362,10,59
34989,249,3,43
36628,42,11,101
27849,695,3,295
28566,300,11,61
11702,538,6,242
42196,741,6,282
16385,272,3,83
10336,423,6,156
32225,152,9,11
37021,293,11,44
4782,637,8,289
24341,251,11,27
25094,564,7,217
24866,98,7,38
20049,54,8,38
43719,514,7,153
31992,129,3,11
15567,340,8,96
45451,594,8,180
4513,347,1,163
14335,986,10,429
45140,828,5,311
39590,709,5,272
15837,403,1,168
13122,383,6,139
35840,251,6,31
32007,635,12,230
42297,433,4,112
28684,313,6,76
27393,566,6,209
23754,725,1,301
21799,193,5,29
39727,411,2,111
10107,121,7,37
6993,855,9,380
31805,312,9,68
29114,104,11,43
38789,928,9,369
47314,220,11,27
43942,704,7,232
17138,560,7,226
45527,316,1,81
10190,75,11,21
27723,491,11,155
13886,35,6,9
17779,671,5,285
29174,85,8,48
30086,977,8,427
18322,678,11,269
43596,689,4,243
36278,931,1,388
19033,491,6,192
21074,928,10,390
4435,600,1,290
36969,42,5,65
29942,721,5,281
30059,779,3,295
48921,505,5,140
33826,434,6,138
31297,840,5,344
44890,907,1,362
22322,676,12,264
36739,915,12,355
10719,324,7,128
15017,196,3,65
9314,214,7,67
29295,941,5,398
10628,32,12,53
43122,895,3,373
12492,185,11,36
37113,169,6,2
16357,360,1,156
34329,944,6,394
21365,576,4,252
40029,193,4,6
2737,186,5,73
10096,728,9,331
20938,737,1,324
13682,613,3,269
28499,599,11,219
45491,116,4,46
45866,698,2,251
42894,423,9,101
47157,96,11,87
42034,256,7,12
1294,727,1,347
33536,310,9,70
25596,155,6,10
33649,839,2,366
12434,827,1,379
39098,908,6,349
5655,900,7,407
18493,386,10,107
47228,567,6,160
4771,921,7,425
9563,267,6,95
18558,785,8,305
34932,233,2,38
43243,783,9,254
27567,89,9,31
33376,765,11,286
22922,348,9,94
13388,35,7,0
30332,506,9,168
47737,193,1,14
24495,718,3,305
9434,825,2,388
21991,756,11,317
28472,293,1,91
41030,543,5,183
27849,841,1,354
2541,238,3,97
3765,962,6,463
44074,532,6,169
38259,418,3,108
30283,130,4,6
36851,483,7,139
35625,808,6,314
1769,660,11,282
18806,112,2,10
25982,470,9,161
3972,415,6,193
19256,911,2,422
39367,943,7,384
19653,570,11,214
39043,952,11,357
22133,498,10,184
40339,335,10,67
26757,690,4,278
38840,717,1,264
43399,372,10,61
45013,787,9,277
33069,258,11,40
15706,123,10,0
39231,926,8,352
28909,897,5,370
41218,48,3,70
12095,108,4,7
21343,394,3,130
27469,416,10,115
2313,582,8,282
8847,383,5,149
10166,969,11,433
10930,166,8,36
4285,333,1,157
36863,567,9,190
17704,815,11,363
19705,471,10,163
1555,918,3,460
22323,525,1,210
6432,505,3,235
2386,120,2,38
45007,126,7,65
11619,876,10,386
7854,956,4,455
43964,310,7,53
49801,368,3,71
8637,636,6,289
22225,752,7,311
46730,607,7,198
27739,246,5,52
48708,615,6,175
11618,996,3,473
37561,607,12,192
8373,780,4,356
36281,786,11,274
21187,69,6,37
3327,887,3,421
33391,989,7,403
42577,741,3,248
19549,177,9,15
40220,347,4,78
8642,764,2,347
15435,902,6,396
34760,96,9,74
39192,754,10,274
5381,652,10,286
32047,473,2,180
20558,329,4,112
31782,346,5,106
5782,527,9,224
26881,872,7,368
41228,889,5,339
30409,126,6,11
20462,260,9,55
3983,454,4,209
32933,47,2,60
47950,723,5,252
3523,268,7,110
10677,383,12,152
11292,744,4,351
16089,552,12,200
5581,491,1,244
12907,686,8,284
6609,558,5,255
45143,608,10,184
23936,837,2,359
43725,432,3,109
46723,954,12,362
34988,588,10,208
30506,650,12,231
14163,184,10,22
47057,595,5,188
13537,67,11,38
23419,681,4,298
43578,503,9,143
10455,177,9,40
10063,687,8,310
1834,170,2,87
33214,244,5,49
28398,279,8,63
35492,406,8,119
3413,275,7,97
10505,80,4,5
38266,883,3,353
3105,791,8,362
3568,852,8,379
43098,415,10,71
38679,416,5,118
34560,181,3,7
15195,399,5,157
47669,462,4,115
16762,368,8,112
42294,988,2,403
16898,50,11,51
22577,90,8,21
2214,416,10,162
21803,457,6,176
49114,21,4,89
24698,948,11,386
33980,581,3,202
2658,154,10,35
13270,165,5,30
47797,198,6,6
38792,283,1,62
46807,330,1,84
23301,223,11,44
6141,830,10,358
39756,718,3,274
14777,49,2,30
39346,78,12,77
30441,28,1,48
48819,343,11,43
29469,186,8,0
4845,356,12,133
45650,926,1,368
24290,398,10,117
48015,917,8,352
31699,810,5,326
45252,722,4,259
34146,261,8,34
4293,809,8,362
45398,976,11,367
47428,685,8,219
17608,927,3,433
1737,179,12,30
17619,796,8,323
13470,254,1,100
23372,472,4,176
17117,877,5,411
15779,218,6,53
30294,496,5,180
22630,52,5,18
41039,427,5,113
13178,108,9,10
20935,626,10,251
48258,240,10,14
23784,88,3,29
24027,313,2,100
32008,256,10,21
47631,926,2,365
2823,179,8,54
7852,851,5,392
14072,859,5,382
12133,807,6,371
16111,309,9,120
33312,898,7,347
25161,573,5,224
40287,923,5,385
2777,597,10,263
25014,552,9,195
15772,354,9,118
47389,601,2,197
45627,792,7,283
19161,521,10,195
43264,265,1,41
8490,342,4,144
42661,766,2,290
25502,958,10,394
36757,803,9,295
42111,630,12,200
33737,348,6,82
18709,566,4,229
45682,358,3,66
9998,190,4,61
29906,129,2,11
36490,826,5,347
5656,29,9,13
37901,221,6,6
26735,935,2,405
30092,276,6,70
2242,281,9,107
42307,712,4,249
2831,449,1,228
29511,526,2,195
8246,85,5,11
32467,825,10,326
19302,692,7,295
4232,598,8,291
37526,631,3,235
39765,608,9,188
11972,54,2,2
49136,994,4,361
35592,576,4,171
11683,681,6,281
24664,510,10,183
37828,599,6,203
34172,273,3,65
19105,36,9,41
22700,280,11,58
12017,744,5,343
37613,844,2,360
21594,275,6,90
12384,747,3,337
31348,882,8,335
17448,443,3,168
10491,520,5,225
14112,305,4,105
32021,957,4,403
45553,26,2,95
1968,516,8,223
1368,911,3,468
9424,218,4,85
36010,622,6,214
36851,678,9,230
26496,956,12,394
31936,437,4,164
14322,681,3,301
2469,71,5,31
38493,262,9,35
5259,238,1,91
37390,537,5,183
11292,989,11,446
27841,128,4,2
29365,370,5,102
18207,940,7,415
37199,85,7,68
23912,29,7,45
37919,221,1,42
37981,813,9,299
16235,920,7,414
42757,233,4,14
34547,87,4,61
49119,778,2,297
44810,885,6,332
20276,346,12,87
32923,69,10,55
6534,36,3,4
27469,542,1,236
37074,840,5,331
36670,325,6,81
33563,411,11,115
47159,143,5,36
37486,523,5,176
1021,244,12,96
35268,775,10,271
42802,337,11,48
16799,492,8,184
27336,863,10,352
4641,910,1,443
22596,877,8,390
33959,560,11,190
14306,377,7,124
47182,502,1,147
9587,888,9,403
32359,897,12,344
22498,959,4,440
5662,896,7,420
38094,448,3,139
42833,816,8,290
28197,516,4,198
21719,491,2,196
25665,590,2,240
44239,674,8,221
26032,857,8,350
13641,883,1,412
42964,319,6,52
31028,757,9,295
46494,695,9,233
16651,103,2,28
9536,396,8,148
46712,332,8,50
7273,648,4,308
7284,339,4,151
26692,223,5,27
9817,374,11,137
29955,313,10,62
27555,523,7,191
21378,164,1,48
42182,558,11,161
18127,36,9,56
18952,594,3,235
12539,798,11,327
47761,595,4,183
47219,58,7,92
15692,149,5,37
19120,134,5,13
14334,469,1,193
29615,969,2,405
8903,944,5,440
29527,64,2,29
16629,235,1,90
18740,619,10,242
34782,867,3,343
27708,434,11,133
11860,708,1,321
18438,284,10,63
2764,942,8,445
7009,459,8,193
21842,636,8,238
43372,400,7,89
49780,865,7,296
34435,320,2,85
4370,190,9,48
39744,639,7,230
21454,425,5,147
42381,374,4,94
39367,180,8,0
4650,814,5,387
46117,571,6,177
26708,45,4,49
43662,102,2,41
4190,192,12,70
49113,704,7,236
9789,813,12,351
33125,89,2,34
34159,854,11,316
18459,25,12,53
36418,815,7,321
47368,214,7,1
48085,544,1,183
19768,82,10,12
16563,32,10,52
28885,780,12,270
22885,224,3,49
7895,916,3,423
24958,784,11,304
2531,59,6,20
6481,184,11,49
24932,50,3,41
22360,548,12,206
44642,668,9,223
25829,896,5,394
20932,851,6,371
39931,844,6,304
39032,928,8,346
16890,696,10,283
19807,417,11,120
12767,478,3,198
9071,812,9,363
27149,242,7,58
16540,653,11,264
36676,97,6,40
5712,844,11,381
27201,858,1,373
45958,619,4,216
20899,644,5,278
20787,631,12,251
21982,957,2,424
23606,957,1,438
11150,834,2,387
21393,903,8,384
38259,447,10,114
47687,444,6,112
47936,406,10,88
28750,258,2,48
9593,877,9,399
18358,642,8,241
17607,109,4,21
38381,404,11,102
25811,994,10,433
29074,158,7,1
21595,666,3,274
45194,543,6,178
27853,263,3,66
9183,524,10,218
21661,441,3,189
42169,201,12,19
37495,214,11,10
14703,893,9,375
31815,653,6,262
30565,72,8,59
23942,947,4,406
43986,887,4,347
34161,704,8,277
49760,198,7,25
42803,312,5,72
10716,394,2,166
42563,78,6,58
34349,73,1,27
48098,933,7,346
43899,788,9,256
1132,264,5,100
48752,168,5,28
4385,815,12,360
37538,387,7,99
36036,35,5,67
34743,195,10,18
41373,559,12,158
8213,425,12,155
45223,486,4,136
27119,899,1,393
3835,148,6,59
3738,242,9,95
43317,903,4,350
5134,263,10,85
26892,445,11,148
40601,373,4,100
9353,769,5,356
16690,763,6,340
2909,345,3,178
26703,623,9,244
15496,22,1,23
13062,498,11,184
10850,995,6,465
28701,100,6,30
35731,63,8,65
6153,174,5,53
11481,966,9,417
34734,555,9,190
1889,935,12,433
20445,947,2,439
7461,118,5,14
39934,416,12,96
29205,899,7,368
24351,190,2,34
17006,167,7,14
45149,142,9,31
11940,131,8,8
12258,149,10,39
25485,87,9,23
24763,878,4,380
41048,847,8,318
2067,748,9,328
21607,919,10,386
44883,911,12,330
10018,627,2,286
49521,676,10,198
47946,916,3,360
16187,564,1,263
38375,305,1,72
4985,24,10,29
44052,137,6,36
20563,671,1,275
48322,249,5,4
38306,179,6,14
19608,313,9,95
40139,780,6,287
2726,804,4,380
27582,205,1,33
6791,896,6,401
9458,571,7,242
18221,243,5,64
49506,171,6,18
21968,159,10,12
18070,386,8,138
28937,147,1,27
42831,370,8,68
43933,166,12,42
48307,304,11,4
49340,488,2,133
38415,237,2,32
43770,455,8,100
21802,751,2,333
44601,164,8,13
11420,860,5,383
7642,296,9,102
20775,773,9,319
29754,79,8,39
44310,629,9,206
5357,862,7,399
22263,394,8,126
49367,423,6,88
14201,900,9,409
3739,712,2,331
14231,133,3,31
43278,514,2,164
43495,634,6,219
22168,355,3,120
33624,850,11,306
11635,588,1,260
10964,304,4,122
28785,148,5,19
30510,911,12,365
18261,997,11,434
20254,334,4,110
12392,979,6,453
13336,617,3,281
12939,731,10,313
28412,90,6,29
17676,364,10,120
10843,117,1,38
46591,319,6,62
26112,195,8,17
31598,764,10,299
36454,903,8,345
34001,94,1,35
28228,162,7,16
15429,950,10,397
19758,42,10,60
3272,200,12,56
18350,64,4,7
23538,488,12,187
4400,111,6,29
16371,288,6,92
38310,53,5,74
37291,697,10,264
19147,601,9,225
4291,383,11,139
36256,727,10,257
11892,152,8,42
35326,778,12,285
38458,401,6,117
39889,699,4,271
45966,985,4,400
38207,296,9,42
41288,175,12,23
26995,406,4,139
6409,554,7,237
43438,219,6,5
45874,294,2,53
45702,520,5,155
30823,478,3,152
8869,69,9,23
36724,989,10,416
23401,717,1,314
26958,551,10,191
11766,647,4,267
20768,111,4,4
31794,880,9,353
27145,475,1,183
11086,358,2,152
44203,72,1,58
27442,515,1,196
17412,654,12,258
26596,872,1,361
11255,869,3,403
43406,796,11,267
41524,23,4,84
24332,700,10,276
45624,300,2,48
16764,309,1,142
28563,92,5,25
23139,156,6,43
37370,869,2,366
6062,787,3,380
45645,990,10,374
8244,672,3,307
7372,412,2,202
40873,227,4,25
20965,279,5,86
45997,949,8,338
17956,282,6,88
41473,802,9,304
14894,524,3,215
46048,569,10,165
34382,222,9,8
5050,755,11,324
17709,366,11,123
16722,71,4,6
16210,612,8,253
37545,375,10,74
39674,742,7,254
35489,538,7,160
18733,382,9,129
21080,64,10,56
37664,846,2,338
40709,397,5,106
47232,808,3,308
39014,431,7,112
42152,790,3,286
28250,161,5,3
21229,277,5,89
49137,816,2,300
17475,933,11,407
47412,56,1,72
44876,960,12,350
30011,64,6,49
9128,939,1,438
33450,651,9,239
19897,65,10,51
9168,671,5,306
7861,584,1,285
42758,320,12,28
14750,307,8,95
17988,805,1,354
3979,288,4,123
24524,919,7,411
8065,810,4,385
38684,81,12,74
24184,585,5,230
34365,989,7,387
24704,970,4,432
6622,600,5,263
19261,261,7,65
45932,955,1,407
29419,801,12,306
35467,783,3,310
26605,373,1,117
30171,815,3,355
23164,987,11,406
47197,995,2,393
14796,882,5,383
37854,90,10,54
32320,854,5,340
1665,432,10,194
33694,631,9,200
25230,80,8,30
23995,634,3,275
27784,471,1,186
15605,412,5,150
18463,650,11,255
9419,548,3,236
48952,324,5,33
34837,210,9,1
6263,743,11,317
49877,97,1,44
41719,577,1,210
46687,624,9,203
35131,908,3,374
38276,544,12,140
35523,759,10,281
1519,320,5,124
32106,968,9,409
45504,36,11,101
11514,834,5,388
48456,593,12,159
8233,453,12,170
2102,62,3,34
1597,87,9,22
47715,399,12,57
20657,231,7,44
46009,222,12,9
39549,745,12,265
44565,128,7,45
7256,987,8,464
44148,303,11,26
30401,960,5,406
42548,956,2,377
7554,625,11,267
13664,244,9,59
43367,756,3,287
49279,770,11,258
25386,137,2,12
5846,951,10,449
27205,622,10,227
26570,359,5,100
31255,820,8,335
22182,300,3,87
40373,510,6,155
44019,38,9,98
17043,194,2,53
46532,488,8,130
36754,637,10,211
1400,820,7,389
20239,779,3,346
11416,854,1,389
4412,161,6,66
17440,482,2,205
25406,948,3,406
2875,317,12,126
38066,489,5,155
37536,724,11,268
6752,882,8,408
22217,834,2,381
13489,822,6,373
2353,392,1,187
27986,487,7,167
22371,947,4,406
40365,970,1,394
15691,457,9,174
5311,863,9,384
49075,966,11,353
11794,739,3,344
3934,462,6,217
17406,475,7,167
11394,267,4,86
27872,161,6,9
42708,421,9,99
42093,915,10,346
21800,842,6,378
44397,241,7,12
38909,756,6,304
22352,885,7,389
37439,203,1,24
29312,383,6,107
41060,836,12,317
16438,207,9,45
24385,132,11,15
45999,200,3,1
19482,218,6,49
33471,921,4,374
48279,89,7,73
44877,617,7,182
42212,923,9,352
49373,504,4,151
14026,418,8,139
43089,941,8,336
20648,570,8,214
6435,662,8,317
9493,972,6,446
7691,29,8,18
3763,22,6,29
21389,497,10,176
32498,833,2,352
37009,681,3,254
36825,86,6,62
17934,724,7,313
6574,116,4,25
39179,550,1,213
2587,337,4,152
43782,117,6,33
39688,76,8,57
12688,882,12,368
5409,126,4,44
6783,107,10,17
34480,991,1,412
27751,672,5,260
39174,675,7,257
13041,931,6,422
24227,390,3,137
36201,394,7,96
37069,71,4,48
17654,743,5,302
27370,60,11,61
30482,835,7,351
12586,110,2,28
6322,58,4,7
14932,32,4,23
30299,919,6,380
26179,627,12,225
6257,640,11,299
47501,123,7,50
47136,885,4,341
10777,762,10,313
12249,62,1,10
22390,228,1,78
21369,619,5,267
13881,624,1,274
10587,705,3,322
29264,495,9,160
9791,657,3,312
42473,128,3,29
23375,578,9,222
23611,233,5,66
43026,623,12,193
8833,712,8,316
48013,428,10,100
16754,572,9,229
43048,790,12,280
13577,652,6,283
32095,96,7,33
22248,114,7,25
36282,288,7,48
37737,380,4,107
32891,549,2,193
25124,824,2,377
5566,702,7,313
3196,181,10,52
32115,484,7,154
20859,842,10,355
12345,583,7,237
35077,567,8,186
1864,969,3,463
13055,206,11,53
39157,901,5,346
20747,779,6,335
45484,71,8,65
12978,507,8,185
25599,550,10,186
36771,415,3,106
47942,111,12,76
47540,670,4,218
18615,835,6,350
41727,376,4,96
45748,751,10,270
40349,630,4,218
30377,767,5,305
31031,738,10,274
43733,163,7,27
12760,218,12,53
48690,834,2,320
34714,342,2,89
26762,818,12,350
35332,351,10,92
41100,283,9,51
5944,236,4,114
49825,720,5,247
14877,575,3,243
30990,453,2,153
43907,822,10,305
35076,479,8,162
4258,720,4,338
32629,522,12,155
38579,488,1,158
23958,970,6,433
40465,725,6,255
21317,801,2,350
16775,385,2,163
12039,791,8,354
30097,932,11,382
35207,258,7,46
23553,643,2,257
45402,600,10,174
1055,939,1,475
24161,580,11,213
33873,842,8,323
36969,986,10,409
16184,682,2,297
1669,770,5,347
13663,868,6,386
26318,415,10,127
34734,414,1,150
17691,646,2,305
19522,94,10,17
12656,117,4,16
16893,402,2,163
46857,642,11,182
17493,888,6,387
4632,389,4,181
31336,304,11,44
24112,275,3,74
39452,849,6,343
14266,328,9,118
17940,648,8,269
25003,195,2,24
33872,247,3,39
35815,366,2,116
31869,637,10,193
18257,361,7,115
17682,915,9,407
20622,981,1,449
31408,258,11,38
9837,631,3,295
16407,707,6,290
30309,369,4,113
7382,974,10,433
28654,474,10,151
19895,460,1,191
34551,780,9,300
22376,607,7,238
1370,534,11,239
49676,100,12,85
1486,380,7,172
24762,307,12,81
27613,27,1,41
48268,106,9,53
4196,305,12,95
43320,418,12,81
30401,93,8,34
36029,458,11,142
11813,142,12,11
42916,396,10,80
9572,825,12,353
48776,162,5,24
29225,177,4,16
46853,449,1,109
33275,467,9,145
7843,429,8,164
2105,390,2,185
44209,128,4,35
32639,865,4,354
43487,726,7,260
19051,55,3,21
29708,109,8,39
36459,993,11,382
12864,434,7,159
35764,993,10,401
2425,315,12,116
7849,861,12,357
37015,732,4,290
19976,65,9,33
35258,507,6,177
48078,638,3,213
32113,189,7,1
16401,165,6,15
13884,887,8,402
19824,439,5,173
38563,991,6,385
35414,709,1,311
17142,592,8,244
48074,955,1,369
6956,22,3,5
14928,613,12,251
10721,282,2,101
12157,818,6,387
36135,340,8,94
7696,626,8,265
28862,595,7,203
6190,265,7,85
5663,608,8,295
40830,496,5,137
5331,278,3,119
45648,112,2,33
29549,822,3,352
17246,802,11,327
26761,552,11,185
4262,593,3,265
47088,358,12,55
8036,943,7,439
23322,279,1,82
20131,256,7,75
5677,160,6,42
8972,994,11,457
16329,966,10,400
38032,963,2,380
36901,698,10,253
45380,499,1,155
21493,598,9,228
19595,369,2,141
22923,589,4,247
47926,743,9,248
10735,149,9,41
35457,556,12,156
43531,30,11,121
8727,276,1,104
8764,835,2,380
46771,388,2,87
28599,963,12,397
1818,413,2,210
48207,612,8,196
48845,817,8,282
38289,438,10,126
34892,901,12,343
6660,38,8,24
30521,129,12,31
39409,456,4,137
35470,524,8,141
19385,53,7,33
24296,307,8,77
24616,863,1,368
27382,274,3,64
12139,657,10,266
33060,740,6,283
23419,153,1,24
28785,518,4,208
16702,416,9,130
30217,506,7,177
40291,617,1,216
13397,606,12,243
41879,979,6,357
36169,666,6,251
27940,832,12,300
43249,704,2,261
29341,232,6,32
11067,852,10,374
47144,369,2,68
14824,38,8,36
14444,138,7,16
46647,834,6,305
49880,321,10,25
34307,304,6,75
11974,246,9,94
47614,526,9,136
39383,520,10,130
30290,231,10,29
17016,375,2,140
33112,720,3,300
29513,506,10,170
3956,340,7,141
9077,682,11,290
37490,242,10,5
45827,659,12,220
38855,779,9,286
44106,582,12,173
35938,210,6,24
37159,519,11,159
40710,514,1,170
19000,256,11,56
14806,41,7,28
48560,641,11,204
13809,346,1,145
15855,564,5,224
42876,146,9,23
30388,384,10,108
7458,887,11,407
36524,63,10,61
7853,538,9,229
41477,147,1,6
33222,622,6,235
19320,149,3,27
29618,548,12,194
46615,340,9,30
18352,205,12,35
8297,641,3,299
28940,817,2,348
4203,367,8,161
40267,500,3,148
38941,941,5,375
18273,694,12,300
26368,978,6,431
12650,606,12,248
31984,730,10,265
42941,943,10,344
8382,940,1,452
1801,976,7,448
42002,380,11,65
47665,306,7,15
48965,201,5,7
20733,470,9,171
10969,116,11,1
36969,582,2,218
17733,333,5,108
33449,565,2,222
27143,974,2,442
26705,40,12,69
29363,715,11,251
31720,824,9,317
10972,595,7,246
34351,516,4,161
46487,422,11,81
37145,143,8,23
23412,632,11,222
25078,138,11,24
23580,872,4,384
15855,609,1,278
37169,989,12,385
47404,712,10,222
20569,730,3,325
49506,496,10,118
26738,978,12,390
7772,891,1,429
25874,721,2,300
20731,859,2,377
11131,122,7,10
1788,352,4,160
17184,897,10,385
31897,806,12,293
3889,478,9,230
10569,149,2,39
22657,772,9,308
11141,153,6,21
20656,176,10,11
22618,444,8,163
12934,454,7,179
43537,408,11,94
24286,956,8,394
8612,337,9,149
33069,689,12,258
17205,524,8,216
28331,890,6,387
14934,209,8,54
11095,631,8,274
26958,430,2,147
38008,965,2,420
19706,997,11,431
44516,71,1,59
39066,580,10,191
32472,465,2,178
35629,631,7,216
47910,463,11,97
24004,401,3,165
21431,782,4,340
41088,393,4,108
45135,995,4,377
39015,585,2,227
35502,394,11,97
32385,408,6,114
5663,668,1,321
39677,693,12,220
13818,885,5,420
23686,823,2,371
24977,498,9,175
41931,423,2,117
19454,612,6,249
14358,487,4,197
7668,751,6,346
46784,616,2,222
41769,524,12,137
10921,102,2,38
35959,338,12,71
33328,86,7,31
9859,433,3,186
24970,472,3,178
9872,765,7,353
20230,217,8,52
27708,278,7,66
19847,708,3,299
28105,317,3,93
5922,299,7,114
5392,319,3,135
14541,148,2,39
20551,517,7,194
20381,902,3,403
48783,457,5,101
36995,711,7,255
23948,311,2,83
27728,226,8,21
3024,313,2,146
17713,959,4,434
3486,869,4,432
2155,706,8,336
11082,48,11,41
38245,198,1,10
19569,60,12,25
8086,489,9,188
3317,211,6,69
37389,363,4,84
5491,768,6,350
16916,835,6,361
16248,992,9,438
3511,756,11,344
25226,645,12,225
26025,297,4,87
43314,374,8,115
49380,548,1,166
8848,105,6,27
15274,920,5,413
31958,336,3,78
36233,876,4,333
17304,921,8,395
49437,712,11,211
12294,356,11,113
27425,882,10,348
4175,164,11,31
41617,334,2,88
46241,244,8,18
28775,442,7,132
10425,73,1,10
27013,913,2,395
28928,963,7,407
45990,952,11,355
42212,835,11,288
9210,87,3,25
3759,638,2,305
17091,353,1,147
1002,96,7,41
41958,558,3,185
31160,875,6,350
21707,174,10,24
16248,91,8,4
6773,520,6,240
13786,466,7,183
16037,711,11,295
2885,578,6,286
40828,773,7,287
17331,378,5,129
41612,296,9,26
23495,902,3,383
14450,332,6,129
10491,124,9,26
10268,990,1,478
28757,114,5,25
42907,238,4,12
7791,701,9,308
40939,897,11,322
29314,963,11,384
29583,814,1,350
22550,147,4,20
1093,219,1,117
36755,948,3,393
46615,351,4,76
10967,566,1,268
17218,885,5,400
44220,675,6,216
9627,311,1,138
5947,85,10,15
40419,991,11,381
24178,750,10,299
29876,587,12,193
23908,676,12,278
36912,423,4,105
20971,744,4,309
33584,625,1,240
9959,637,2,284
29261,615,11,215
42065,667,10,225
40462,165,5,13
16835,780,2,355
20257,549,3,234
4346,421,9,179
31807,144,5,9
31418,533,1,197
12340,351,5,122
34012,499,3,176
36393,731,1,297
37617,966,3,411
10597,669,11,276
26557,734,6,281
8737,417,10,165
47792,813,5,302
45768,834,12,281
42101,49,12,85
18276,75,1,18
8310,650,11,276
36167,957,2,396
38408,151,5,17
20344,250,9,82
11391,414,11,152
11892,171,12,30
12197,521,12,196
14050,982,5,436
37142,952,5,382
46679,525,1,173
42615,405,5,86
48553,927,8,342
44728,552,9,147
14535,984,10,424
42002,986,3,410
44271,467,4,122
6122,599,7,258
10852,145,7,29
6387,574,1,276
32759,713,11,250
41399,508,6,143
40994,631,12,202
38876,910,9,344
35878,465,5,149
34725,489,8,157
8146,368,11,130
1560,527,10,222
2312,476,11,195
19205,927,9,399
12595,771,10,342
23030,404,10,129
22329,731,3,308
39142,948,1,371
3651,467,2,230
11006,647,5,288
43701,134,10,49
49940,471,7,137
36645,673,11,236
22966,138,6,17
28846,112,4,10
22774,929,9,377
5083,540,12,217
34513,604,11,198
9749,557,4,228
31783,452,3,139
18325,770,11,323
19680,893,5,410
18323,164,4,57
23684,87,2,1
35493,719,3,285
13213,897,7,386
32831,150,12,39
43296,752,2,274
47930,300,1,56
28713,808,2,342
42621,671,12,218
8187,585,8,230
33800,532,8,181
33583,659,12,234
48661,20,10,123
15408,704,2,325
23369,961,6,410
48928,451,11,92
4414,410,12,168
20510,285,11,72
13120,418,11,158
35311,827,7,312
34039,275,1,68
6295,414,7,176
21460,971,12,398
15963,193,11,25
12580,64,8,20
23286,874,9,353
28328,160,8,1
20093,558,3,239
22605,764,8,311
46365,740,3,269
45813,69,6,89
47371,80,4,64
43705,262,7,7
48598,288,8,35
7722,159,10,36
41969,176,6,11
37912,616,10,205
39374,615,4,205
7766,295,8,113
16928,50,7,40
22274,27,10,60
35416,811,8,312
21612,734,10,307
35898,954,7,372
48160,52,3,95
30047,829,3,358
44356,674,9,205
38134,471,7,153
2506,468,12,195
16222,947,1,439
13363,926,3,430
20613,881,11,355
45563,56,1,74
31628,678,6,275
43626,966,2,375
46384,759,7,249
5136,53,8,15
47246,474,6,128
12161,463,5,190
36457,256,10,28
24574,231,4,45
27902,840,9,355
3810,159,8,44
12663,721,5,309
7152,627,1,299
1012,725,8,331
12162,380,8,159
23322,323,7,103
8999,315,7,115
8219,171,8,41
6328,965,1,473
4621,242,12,73
25256,215,3,49
45433,619,4,225
12314,318,11,104
1652,548,6,245
17182,507,10,176
42580,230,12,4
37558,251,10,17
16659,889,9,382
35413,714,4,269
11435,693,6,312
29067,386,9,109
23258,500,9,171
29287,601,6,220
4688,591,5,265
8689,198,3,65
2379,503,5,230
38011,608,3,216
44005,514,5,160
28624,988,10,398
26964,566,10,210
23891,949,1,418
39379,35,6,81
13516,485,7,202
14886,421,2,181
21307,313,3,103
25843,190,10,16
47484,51,9,92
6912,282,8,99
22514,234,4,77
22823,577,11,209
29797,208,12,12
7449,805,8,376
2725,602,11,266
16870,827,8,369
10304,619,6,259
8522,865,1,405
14663,965,2,439
5784,280,4,111
10472,201,4,89
29952,524,2,208
11055,361,9,122
30508,973,2,400
13676,41,6,29
26192,93,5,35
25722,621,4,255
8446,866,6,404
5725,185,4,62
21061,253,9,65
48537,394,11,83
23671,452,10,141
2409,660,7,311
9205,353,3,168
17365,823,12,329
1256,626,10,275
16704,559,4,227
30902,885,1,370
36758,54,6,74
2195,463,2,216
35012,250,4,58
12415,337,5,140
40534,362,12,54
22686,449,8,149
12662,895,3,414
49978,998,6,398
29743,656,1,274
33161,485,9,152
44081,98,12,68
3402,912,1,457
14275,592,2,258
29182,468,1,158
15915,748,8,312
1909,301,4,139
49574,694,2,243
1372,76,7,8
23620,994,8,432
35112,210,9,6
9515,663,5,301
3431,482,3,229
22054,61,1,1
33624,505,8,161
11585,192,6,51
49230,698,5,227
32958,269,7,65
2695,529,5,235
35675,521,11,149
34787,212,4,10
45225,809,5,303
2403,926,12,422
18810,769,11,324
9855,761,7,340
39636,184,11,17
11839,774,6,344
1010,109,10,23
40098,710,10,237
48829,77,12,93
10230,992,11,430
41232,282,9,56
48514,667,10,194
36771,769,2,319
30256,838,7,329
26651,262,1,68
33383,682,8,261
40963,877,4,332
14662,895,8,406
14739,778,8,349
49356,238,4,13
2789,28,4,0
20420,449,5,175
24761,825,7,341
41366,898,6,345
38606,32,1,63
39640,794,6,311
45135,926,3,372
38067,989,9,370
18357,244,3,87
40851,762,9,282
39262,709,5,276
12317,778,12,319
22534,86,10,42
26734,828,8,333
36897,688,9,230
33872,696,9,260
41201,522,7,169
8689,203,10,51
4567,227,1,97
21732,547,8,204
21774,319,7,98
24195,837,4,348
38412,260,6,36
48734,474,10,107
45098,994,2,401
23257,761,4,327
5394,921,8,436
37302,549,4,184
23228,678,10,284
13388,263,4,99
12319,582,4,259
7475,981,12,452
32555,790,10,303
19158,257,9,59
15728,265,11,67
45774,364,2,90
30545,503,7,163
32100,329,3,89
17150,580,12,231
34214,303,4,79
33876,57,1,28
4239,815,12,367
39699,51,3,56
37821,262,2,52
31615,572,10,173
14746,311,7,121
21921,634,6,274
23745,311,1,90
2245,638,11,276
47607,777,12,248
25853,401,8,128
28632,618,9,218
13856,597,1,269
6105,157,5,43
36690,857,7,324
3513,219,2,87
3801,354,6,158
33345,624,8,220
14895,466,8,189
40749,367,10,66
9221,297,10,97
7038,551,8,253
33031,820,12,303
16082,418,12,136
15648,410,6,150
1364,621,6,289
35568,581,11,181
15110,29,3,28
6958,610,2,294
10096,568,5,242
8436,78,9,5
22177,107,4,8
27754,478,5,166
25544,123,6,19
13638,850,11,371
1179,808,6,387
4873,123,4,27
18570,273,4,90
49223,761,8,239
18157,354,5,141
46565,482,11,110
5460,568,5,252
49084,320,9,44
1352,673,4,323
22586,574,7,222
6344,647,5,285
5507,360,9,156
38598,511,12,124
44988,103,8,43
33885,948,8,378
17865,278,10,82
38055,379,10,79
28213,106,3,6
5477,447,9,172
7533,386,8,153
24396,362,3,127
13755,366,10,137
1865,822,1,400
12173,940,5,426
39097,115,4,29
34371,274,8,44
39524,873,6,337
12254,155,10,17
5018,267,5,118
6192,518,9,224
3015,903,6,421
43618,977,11,369
4380,505,11,230
29343,421,11,103
4770,623,11,260
6829,431,3,210
35381,990,6,413
46915,927,12,318
16545,467,11,163
19263,266,12,73
39140,789,4,324
44306,718,5,273
26675,440,6,154
26362,143,9,15
1148,279,3,144
2754,188,1,80
27745,960,2,427
8378,896,8,426
47359,130,4,38
21140,309,7,71
10371,618,2,269
27999,32,12,71
13779,282,11,78
32075,819,10,321
31697,42,8,47
10795,964,10,437
39460,219,12,12
5218,261,12,96
38571,258,9,14
12672,322,7,104
32042,184,10,2
36950,757,11,270
12009,195,1,57
48096,48,2,82
20544,696,9,265
30381,554,10,204
26287,313,7,89
3586,496,11,211
3648,402,3,172
41081,575,5,190
19101,792,1,362
46312,711,10,234
22692,315,3,98
8407,670,11,288
18254,353,4,120
16234,267,4,88
23211,260,7,66
30480,125,5,25
48780,917,9,320
25846,950,7,391
43503,704,2,267
47193,580,11,151
49466,142,11,71
16321,54,8,18
13646,637,11,262
23117,859,2,365
5893,435,7,175
10476,727,5,333
18270,640,10,264
22702,656,6,252
5382,346,11,124
2785,314,4,139
46798,451,5,125
12735,366,12,114
31177,56,5,39
31712,719,7,284
17679,531,11,193
44013,868,12,300
36365,989,4,408
18064,919,5,412
31563,554,4,193
34092,929,4,396
48928,792,8,284
27867,725,11,263
46382,897,5,353
34754,683,9,263
20502,37,5,28
1760,46,8,15
25142,555,3,209
45653,48,12,89
42996,670,7,236
18290,677,1,314
6499,654,12,272
1364,659,5,324
20797,899,2,397
41795,136,8,38
33535,151,12,29
47300,308,6,58
48176,737,5,248
17105,255,3,69
8939,61,1,5
14936,179,10,29
43029,783,10,296
16863,710,10,295
13561,144,11,9
11447,279,10,85
31624,295,12,64
47940,232,8,11
45646,982,11,359
13411,492,5,196
20465,855,9,367
39216,721,11,264
20642,589,7,237
32262,450,1,146
31363,734,11,281
3107,99,1,49
8928,974,7,459
49002,247,11,3
20317,921,7,395
26017,114,9,29
14528,443,2,199
14313,992,7,436
2559,938,2,446
16167,967,10,424
16343,535,12,213
39598,184,10,30
8523,445,2,196
29439,831,5,323
16524,912,9,410
14285,61,9,28
11973,816,10,339
23694,760,1,325
36774,422,11,126
5302,774,7,376
23391,743,10,277
5611,435,10,182
10372,319,12,98
25312,74,3,10
15080,355,10,123
16082,920,10,388
48409,900,1,347
43861,449,2,135
31677,991,6,406
21874,704,10,279
9378,808,2,369
2597,353,2,170
12600,760,4,340
4747,425,3,174
14879,49,8,31
14017,554,8,218
25815,536,6,216
19964,594,4,244
29812,240,7,37
41200,846,9,326
25714,613,2,252
19890,513,6,202
5725,773,7,365
44205,272,1,50
21684,583,6,209
27325,340,8,91
33542,58,7,62
47037,484,2,123
14092,790,2,386
31382,957,4,382
40770,858,5,325
26457,430,5,159
7131,431,11,181
47029,511,2,147
26215,457,7,147
13612,498,8,193
38305,802,2,328
14091,968,4,441
36103,91,12,56
38089,601,11,194
30759,239,11,35
47022,23,3,85
1559,881,4,446
1713,932,5,433
38361,309,6,68
16184,399,2,147
16261,921,10,403
21372,823,6,357
33140,374,9,115
34024,762,12,258
48342,954,12,334
33544,99,11,41
1037,85,8,7
44032,155,1,24
13697,418,9,153
42420,722,12,238
49698,366,11,51
32707,867,10,346
27016,980,11,407
35600,78,2,29
49285,797,12,254
24984,538,11,169
6167,899,1,431
1432,733,6,351
5151,863,1,423
48680,996,6,379
7411,256,2,102
31788,799,12,298
27623,98,11,32
23104,577,7,210
1256,774,7,362
34439,819,12,300
34257,691,4,286
40657,134,2,18
45674,481,12,106
19066,645,11,264
46371,145,7,24
33746,621,1,229
3460,592,12,252
38297,984,11,380
35743,519,11,151
4216,848,2,407
15267,121,12,24
10581,645,2,299
5515,193,1,84
23076,471,9,161
45816,111,6,54
10776,714,3,331
22947,404,12,111
3963,224,6,89
7786,382,7,153
14866,726,3,308
39968,836,4,340
33305,517,10,185
18360,556,1,235
41113,253,6,20
33813,35,6,90
2193,160,9,48
5512,967,2,468
23666,639,5,262
17630,439,5,158
9983,475,7,191
1636,319,5,133
4775,358,12,131
3421,322,10,116
14025,911,4,401
10280,611,12,243
37951,95,10,53
12351,807,12,352
39091,933,2,381
46656,969,8,352
31171,799,5,320
4644,643,4,317
17142,940,9,391
8773,335,2,139
29466,519,3,192
11778,94,8,1
13501,745,11,336
48177,385,4,92
3108,565,9,258
30369,672,10,239
37382,697,12,240
26818,415,10,113
11251,250,10,94
24341,823,10,310
12678,47,9,41
15367,494,10,182
30672,314,9,72
5332,864,1,410
13002,446,6,178
21284,891,10,375
16700,110,6,4
14769,134,8,5
30318,178,7,4
25323,277,7,72
28610,392,2,134
7963,869,12,396
8838,109,11,18
46167,776,4,290
13243,317,1,119
28939,50,12,70
2845,848,11,376
47710,377,11,47
17766,843,7,361
37880,489,4,167
13780,759,9,317
49458,870,6,329
43856,147,6,27
2509,801,9,355
24957,289,8,71
46172,517,6,144
35346,432,6,148
18263,228,6,63
47874,709,4,244
27148,325,5,92
32533,210,3,23
43608,376,9,80
13931,476,11,166
2359,468,2,228
25532,87,11,41
21344,858,7,375
5242,798,1,380
21601,801,10,335
20116,893,12,368
36477,486,7,141
31782,379,2,111
46559,406,5,69
19880,147,1,31
4499,795,5,377
32587,752,11,284
45458,773,4,277
27020,504,1,196
9080,263,12,86
24207,958,1,436
34957,924,7,359
14908,38,3,29
31652,415,10,101
31344,686,12,259
26034,248,9,49
26788,387,9,122
13751,77,12,26
48482,300,10,31
34793,576,11,171
33839,121,9,31
39314,67,1,67
36453,581,12,173
10385,612,4,264
19232,831,1,357
44344,78,1,53
35790,180,9,17
16831,122,5,9
21125,865,1,395
46708,431,11,95
18682,805,3,358
37870,202,7,0
18288,436,2,168
36794,135,4,24
40477,893,2,354
25405,418,9,134
39737,976,12,395
3620,798,9,357
36414,695,12,247
38633,674,7,217
36057,456,7,131
41138,337,2,66
14854,835,12,363
10677,625,10,250
45111,269,12,1
25074,930,8,387
18824,466,1,203
1765,516,8,238
46439,362,5,67
32615,446,4,153
49926,837,10,297
37860,847,2,347
13975,259,3,88
10341,78,10,26
29141,546,2,205
13334,816,11,336
49845,222,12,23
16835,768,4,318
27548,485,3,165
36434,315,5,61
26039,306,7,75
33530,92,9,52
39736,745,5,293
41409,542,8,180
19565,356,2,126
10834,756,6,338
37656,337,8,64
1840,222,9,92
14873,250,11,47
32568,923,4,386
11846,582,4,252
6899,76,7,8
21502,663,4,273
1565,439,5,178
39773,934,2,370
42924,299,2,63
44242,828,11,303
10187,324,10,108
8226,485,5,214
43147,756,12,262
39658,193,10,33
46881,823,10,308
5311,285,2,119
45214,266,12,13
42616,97,6,43
26689,666,12,248
7083,671,6,307
13598,873,12,357
17940,272,8,76
27880,494,12,135
3580,195,1,79
47612,440,7,107
43321,990,12,384
10386,951,7,444
20522,591,9,221
27224,480,4,148
15635,883,7,394
1671,273,12,104
34545,539,6,176
27855,922,4,395
36790,126,10,36
47585,190,12,52
15260,77,8,31
2074,356,3,162
43676,361,8,76
10475,961,5,441
13878,309,4,104
16120,103,3,3
24147,136,12,28
2986,731,10,355
44593,553,7,161
33430,238,7,23
42961,757,6,265
18430,936,3,419
3176,802,9,367
19722,920,11,390
43815,121,2,25
19617,676,3,296
28115,475,1,164
38376,678,7,234
12906,792,2,356
41002,810,10,299
7610,870,8,390
44292,545,9,139
14411,285,12,76
10180,306,11,92
48993,160,2,19
11073,914,6,421
38251,425,11,100
31960,312,1,96
6901,954,8,447
39897,925,5,369
44183,50,9,92
5482,190,3,81
43454,374,2,92
26428,224,7,49
8400,497,11,197
40574,951,7,392
44284,310,10,26
8396,130,5,49
8338,87,7,10
43718,714,12,229
13500,392,6,145
12545,215,9,60
6241,145,12,19
24778,706,3,293
23821,281,4,92
5695,906,9,407
12530,943,10,425
48080,817,8,265
15318,174,10,34
23331,600,6,252
27355,127,12,44
12324,442,3,180
29149,54,12,72
4218,890,9,415
21141,63,9,38
37784,674,11,230
3837,742,6,336
40802,435,2,136
41077,304,7,54
15379,466,9,168
5239,537,9,218
45896,749,3,278
21812,46,2,33
30669,246,12,15
49624,815,5,302
10611,920,11,409
5150,444,10,199
12109,587,7,228
35214,387,3,112
27016,329,12,65
12936,867,4,400
12036,124,10,13
40236,37,2,67
15021,224,12,48
37943,62,12,105
49158,108,11,81
38848,605,10,188
16471,176,12,19
48661,285,2,38
24244,153,7,0
49777,483,2,136
39985,620,1,213
39440,767,4,301
2502,151,6,40
35178,760,10,268
4770,53,10,34
43865,102,4,31
5001,948,1,450
21946,151,1,35
1598,447,9,184
31316,885,1,368
26567,223,7,46
27508,818,11,314
44744,355,12,55
40159,981,12,381
31276,516,12,178
24671,461,7,146
17450,847,1,387
15908,277,1,114
45358,311,6,44
36518,985,8,394
32212,144,7,4
43684,975,6,391
7806,682,10,284
40197,890,3,353
41891,778,12,276
19015,194,11,30
40220,903,7,354
18158,511,6,218
16456,888,8,378
28588,833,4,351
23491,99,9,23
25188,638,1,260
28079,831,12,311
5019,934,7,434
13419,324,9,119
34697,529,10,168
20396,363,1,138
40032,589,10,203
30892,110,3,21
8973,666,7,287
43465,881,9,326
22113,188,1,55
12136,353,6,132
20203,653,11,243
32285,255,2,59
24039,418,5,138
2184,607,7,274
23727,840,7,370
17911,496,10,187
1916,554,7,247
4574,864,12,386
37087,604,4,206
18790,107,12,22
18625,634,6,255
6206,625,11,270
20517,980,10,416
38696,847,6,338
17105,797,7,335
36656,272,9,33
3690,377,6,175
37859,77,12,71
47728,962,10,331
1690,418,1,205
26103,540,8,197
35263,544,2,203
12085,938,3,447
26825,436,12,138
11720,412,5,147
39641,662,6,230
38271,241,7,37
12720,348,12,112
47732,391,4,78
1897,530,3,248
18094,172,9,37
37463,912,4,363
36454,898,9,349
24572,499,9,171
39546,602,11,170
16150,951,12,407
17799,876,3,400
10663,39,3,6
37948,612,11,204
38030,969,8,392
28007,247,1,84
36283,365,6,85
26671,38,6,57
26385,463,9,152
12236,696,2,327
23024,387,8,121
47872,918,7,336
40384,638,2,215
18376,908,1,411
38138,879,4,347
19157,745,2,327
20945,770,3,336
37584,166,2,6
24017,712,9,281
2756,523,4,245
36141,449,1,153
3576,867,8,405
26467,459,4,161
37952,217,10,4
32205,306,11,63
36165,584,11,185
13674,388,8,152
44094,259,8,11
44314,821,9,280
23353,306,12,65
30849,719,10,271
5535,414,7,165
48367,537,4,172
42936,814,12,282
18118,794,12,296
1632,580,2,290
14280,883,6,398
15746,731,4,324
38036,79,6,43
20285,564,8,225
19047,322,3,114
49089,263,1,14
11207,703,5,309
6591,226,12,53
28757,394,3,122
17226,302,6,95
30732,497,3,196
28206,41,1,55
21256,578,9,209
34822,368,5,97
42340,508,2,176
47347,963,2,395
44351,689,11,235
41775,277,9,35
49671,674,12,198
10784,66,1,11
38029,46,10,84
36157,986,3,406
20937,46,12,68
47707,416,10,89
12219,970,11,444
10399,164,7,48
34312,606,1,225
28657,718,2,287
21047,541,6,202
36007,140,9,22
11559,820,12,348
21157,481,9,156
36395,696,12,232
7618,401,8,179
45891,795,3,297
7780,692,2,328
28050,922,1,417
9015,437,11,153
4130,346,11,146
29083,410,9,121
17480,316,5,95
48599,649,12,200
36476,842,3,339
39165,794,10,284
12528,103,10,4
6914,165,11,41
38136,190,5,1
12179,353,11,113
21472,443,12,135
13076,328,3,139
25783,545,9,210
47716,680,1,233
14824,900,1,405
5299,782,3,345
47888,588,6,149
9118,366,11,114
11756,321,2,141
8953,941,1,452
38552,366,8,75
16185,427,11,143
42792,152,10,38
15674,701,9,279
45476,633,10,201
34927,125,12,46
1386,190,1,88
27617,659,3,260
8192,269,5,98
11745,563,7,246
31020,747,10,309
43678,281,4,46
22159,861,6,366
4409,513,1,240
26745,263,4,72
46948,470,8,114
30455,922,5,382
39910,816,8,311
39735,309,12,41
30166,282,1,90
40973,868,10,342
29072,864,9,335
49774,333,4,53
13109,104,9,2
46802,434,8,96
3484,348,8,138
35622,64,12,95
45399,834,2,307
3597,352,3,156
41597,484,10,107
41954,219,9,0
4983,220,3,79
40452,348,8,74
44151,699,5,246
18040,259,7,66
45772,903,4,346
31554,817,8,318
28916,721,4,288
45871,602,5,181
27372,676,1,279
40080,378,10,85
41706,920,8,353
43722,740,7,249
30048,379,11,88
20669,397,5,143
10777,404,6,170
37331,739,1,297
21968,484,8,174
38809,241,9,17
12292,818,11,359
41794,694,5,239
14923,384,10,138
28703,91,7,24
19657,259,10,62
4629,523,4,236
3114,433,6,201
35445,146,2,4
36862,506,4,172
26574,616,5,243
33349,546,9,179
23257,267,9,54
36052,501,8,154
38820,331,12,26
18973,463,4,175
26737,302,6,75
13047,21,7,34
23113,93,1,2
1694,83,1,25
16588,792,4,367
46823,366,3,69
49848,343,10,30
21067,258,4,76
7704,416,9,154
41136,356,2,93
2971,360,4,163
48361,298,7,26
41823,372,2,100
12441,965,8,426
32476,911,10,365
15677,482,4,195
28818,481,9,129
2868,732,1,352
19055,312,7,86
2728,817,1,391
8632,752,11,346
13043,426,10,158
7403,181,11,29
16732,522,9,212
19526,467,12,160
10340,714,10,285
39952,474,12,132
23394,904,10,364
34021,284,12,47
5102,151,1,57
37310,853,3,336
20159,139,12,15
7212,911,7,429
32824,238,1,39
38405,436,5,133
12525,691,6,318
29760,524,3,203
45239,319,6,59
46268,128,4,48
28457,257,6,43
49015,312,6,38
11532,598,4,274
14518,847,1,397
7476,206,3,80
20743,55,11,35
2004,580,10,267
44054,275,7,28
38485,454,2,146
4271,638,4,309
46482,27,6,110
1209,767,5,373
26463,197,6,39
6539,261,5,90
20977,60,9,42
9606,376,11,139
45384,776,12,268
35052,132,2,6
4148,896,4,435
34536,787,1,327
6607,185,12,42
20586,523,7,208
30250,873,1,399
19594,97,6,26
8399,738,10,334
26117,842,10,355
34126,897,9,341
34617,215,2,37
8498,421,1,187
38290,852,12,305
46541,83,11,94
10628,671,11,276
1329,905,11,424
39619,444,10,126
8032,61,3,13
49094,392,6,79
39034,975,7,384
38122,325,11,58
21622,228,8,43
29584,486,4,176
48850,951,8,357
5722,323,7,143
18772,986,11,418
21569,604,8,258
42679,411,5,94
4235,172,10,28
5576,666,7,305
27707,381,4,114
34868,283,1,73
42632,235,3,23
42476,740,12,255
31285,735,10,279
25154,641,9,247
21054,562,11,225
18165,543,4,220
15439,658,5,302
45518,844,3,326
23515,213,12,41
27962,671,11,250
43549,46,6,85
38763,65,4,71
45754,666,5,227
46278,848,11,301
20464,973,7,436
43036,77,12,75
31413,32,7,80
34270,968,9,384
43299,631,2,232
21269,980,4,456
32541,68,8,71
9009,822,4,393
18007,113,12,15
27462,626,3,258
12542,676,10,294
18434,603,6,245
30765,470,3,156
24769,398,12,107
23465,29,12,74
22868,693,2,305
21156,745,9,301
21300,535,3,213
14435,243,1,104
5114,400,12,175
47336,560,12,149
37135,321,9,67
9095,222,5,91
38909,961,7,402
4951,608,2,295
22468,590,1,231
28073,976,6,405
48655,215,5,19
35341,341,10,77
47127,437,6,96
3768,638,2,293
39070,361,7,66
47514,408,1,109
34979,28,11,84
26351,551,8,200
16445,168,7,29
49583,402,7,94
2160,548,6,257
23361,31,10,72
8041,495,5,222
19767,613,9,239
11846,598,3,262
39644,664,9,213
20924,975,5,425
46657,72,8,91
14882,455,11,160
15738,225,3,69
22019,963,7,408
2095,934,10,456
39669,764,4,284
41983,932,5,388
46679,73,4,64
15123,599,9,233
29132,509,12,162
2079,822,7,387
30657,363,6,100
46278,188,6,35
33375,928,11,386
25754,180,10,16
32153,546,7,174
19344,722,5,310
35241,546,10,174
38656,306,3,60
5979,894,11,414
2212,431,11,169
10001,541,3,245
14248,588,7,246
34187,218,11,16
16608,180,10,22
37427,794,1,322
32368,408,4,125
6283,493,10,208
26854,400,8,123
11715,784,4,362
17165,650,1,291
35108,611,5,229
27797,143,1,23
48573,844,9,280
11584,91,8,4
15780,187,7,62
38905,303,5,60
22573,513,4,190
34359,55,7,46
1526,843,3,404
8855,194,8,56
44463,218,5,23
35060,135,5,11
30482,955,1,416
17571,334,10,115
32740,958,11,388
20142,239,8,53
26104,910,7,379
9625,597,1,272
40199,796,12,288
16926,153,12,4
32218,650,4,250
45472,141,4,28
27380,852,12,338
21566,918,9,385
34205,989,10,393
44548,440,2,130
30717,914,4,374
42756,511,10,142
26135,618,3,241
29164,308,10,52
9953,668,5,304
39562,72,12,75
4574,224,7,93
21169,367,5,136
22604,70,5,32
25134,858,4,360
24202,941,9,414
1684,931,6,454
38001,59,10,90
46765,269,6,32
9007,237,11,70
36096,198,6,8
42787,570,6,180
10255,202,1,92
33262,755,11,276
19093,183,6,64
6782,765,4,364
2234,396,2,191
38973,724,6,282
35188,516,1,178
32996,616,12,215
30204,480,1,160
18152,774,5,332
43364,493,6,144
26019,704,2,287
20488,924,10,408
38123,56,8,74
20689,618,4,268
29506,660,12,227
18715,725,4,318
42029,338,10,76
14765,574,5,256
22942,431,10,140
39712,375,4,93
40894,690,11,246
39031,636,5,244
21478,984,10,423
23551,248,3,52
49068,748,8,257
29072,283,6,63
36561,949,8,404
3892,506,5,203
34966,580,7,210
25395,371,10,104
19756,461,7,189
23174,654,6,259
35651,478,12,138
1797,834,10,381
9209,44,4,5
42003,150,6,32
22346,960,9,398
49025,389,11,78
29024,455,12,117
30414,243,4,56
41818,630,6,209
6947,371,6,163
10617,821,3,379
21704,504,4,200
29702,216,3,20
2892,128,3,57
30754,879,10,332
4424,239,12,85
43218,795,4,283
14418,942,4,420
30886,739,6,294
35783,338,4,87
24057,101,6,17
5833,556,2,260
10894,717,4,321
49710,451,2,119
42833,916,12,346
1565,27,8,8
41180,655,12,206
19402,168,9,29
43845,117,7,45
11315,747,6,328
13834,120,8,6
3314,749,4,359
38180,386,10,77
4883,481,11,188
45152,944,2,382
11051,433,4,176
41984,278,5,49
12695,922,9,406
24123,375,5,122
8902,30,9,30
46955,435,9,99
18573,590,8,233
30374,269,5,59
13288,671,12,296
47978,866,2,317
7884,569,5,247
11559,141,11,19
19125,939,1,419
4688,84,8,14
24869,677,2,310
47882,321,7,40
39137,144,11,23
45706,331,2,81
5023,210,12,70
49750,794,11,264
18100,892,5,393
37735,469,10,118
8423,827,7,388
40218,713,6,265
13213,178,5,35
36983,372,6,89
34158,839,2,342
29460,818,10,320
32017,693,1,275
34000,282,1,70
27502,748,8,294
31990,931,3,388
20515,425,11,148
30991,712,3,283
8634,622,9,286
12498,36,6,25
11916,656,4,297
30377,279,4,59
34001,976,7,413
2391,909,6,430
44852,374,2,85
43215,508,9,133
15184,233,2,87
28114,258,8,52
12882,199,4,58
48606,438,10,103
18273,703,1,316
41670,162,1,3
46647,336,9,66
18129,263,4,69
43679,251,1,35
1427,703,3,350
32416,808,3,354
1731,608,7,276
1799,322,6,155
29873,350,8,98
8025,580,7,253
15481,968,1,462
26411,267,3,55
32358,302,9,70
41392,306,4,71
15961,959,11,412
22767,51,12,52
42000,519,11,123
37135,689,12,220
22392,549,3,206
14262,400,5,151
6229,82,8,2
24772,147,1,25
19799,547,2,221
47515,182,7,18
24555,977,1,438
27616,270,11,61
20333,668,5,283
5261,849,10,378
4466,314,8,113
47553,198,6,19
4088,248,3,93
46783,902,7,351
2115,413,3,188
5578,711,12,317
3590,415,5,181
8372,91,7,16
4573,337,2,159
3978,918,10,412
44407,614,4,204
10422,398,2,181
44626,926,7,368
24697,155,3,28
31820,749,9,285
38743,640,11,222
5925,397,6,166
30430,938,1,416
29834,138,10,19
25435,925,8,384
22676,549,7,213
44554,863,1,329
20814,954,3,423
15716,685,3,311
28528,542,3,216
2995,669,7,292
23414,406,6,127
14844,593,11,237
37659,602,12,187
16522,592,2,260
40913,663,5,228
9498,592,6,257
43322,923,12,359
3102,889,2,421
36798,288,1,54
9524,543,4,245
31846,566,12,180
9107,505,4,211
19268,457,4,144
48703,582,1,185
25399,574,3,224
10624,759,7,329
28126,130,4,13
24131,341,2,111
49591,546,8,163
21714,196,11,20
41631,693,1,257
36877,570,9,199
19570,557,5,218
13482,643,2,300
35318,984,4,396
34414,963,3,412
22040,492,7,171
14407,582,6,251
46468,898,11,310
34305,407,12,85
15166,117,11,10
7572,430,9,179
34002,394,4,113
27972,189,12,10
47835,75,3,56
43464,752,7,273
47918,344,6,59
23923,677,5,282
2909,976,10,455
45918,279,7,32
33848,660,5,247
3083,581,9,260
47146,359,12,64
48985,857,4,319
18140,423,1,180
3670,551,10,247
37519,193,12,5
45512,814,5,299
39029,557,1,193
15691,179,12,21
40620,29,1,77
35262,613,1,233
26595,275,1,80
34440,636,8,234
9630,671,2,305
32250,733,9,276
29798,363,7,95
44036,555,11,157
34212,392,3,119
42925,454,9,122
12982,953,4,440
9655,65,7,28
19582,748,3,344
36055,923,5,379
45725,74,4,74
5008,97,6,28
45464,510,12,127
42872,690,9,233
1496,875,5,411
35231,291,1,74
24212,679,5,293
21637,569,5,209
46227,130,9,53
17877,34,8,44
18810,97,5,0
10884,520,5,222
3723,607,2,280
5761,437,9,181
8630,859,11,387
17375,294,4,113
42509,513,7,139
26218,216,10,30
31565,395,6,111
38118,750,5,277
33975,82,11,58
28073,380,11,102
5190,992,5,471
2883,563,7,247
3886,764,2,376
9953,129,9,20
9381,696,2,320
24238,213,9,28
14795,538,11,200
31428,963,4,420
10638,670,10,287
5931,478,11,190
43623,874,10,333
39492,818,6,294
27411,959,1,437
46188,320,5,64
21534,987,6,440
37828,587,9,199
30181,691,9,253
38533,515,9,153
20996,168,3,42
7553,818,4,361
41146,788,8,280
19073,480,8,175
8130,158,2,50
30405,880,8,351
36954,855,7,331
6789,311,9,110
29930,354,5,103
49890,718,2,247
18529,854,5,374
8942,203,2,80
8548,326,12,94
19296,944,5,418
33244,917,9,367
1296,281,7,125
3409,946,7,455
35229,329,1,91
31846,363,9,94
36036,443,6,139
40322,676,7,223
28167,792,12,293
29991,533,2,210
18801,845,1,385
8358,543,11,238
23588,280,4,86
18671,381,12,124
18502,975,9,425
26128,188,9,24
32645,679,11,259
8637,219,3,89
1660,404,1,183
42675,331,2,81
7922,601,9,238
29161,331,9,89
45721,585,12,164
4970,414,1,191
4407,790,9,370
28843,370,1,141
10046,47,10,37
24800,898,4,376
15547,894,5,387
38528,651,8,233
32389,152,5,7
31346,399,5,121
23748,621,4,252
47233,547,9,156
37855,306,8,46
26848,303,9,45
8607,922,7,420
37787,761,7,282
34583,668,5,256
13563,826,10,349
47060,246,1,50
49926,446,12,90
34690,46,6,68
46697,351,10,50
30176,136,6,9
15925,108,10,11
22251,638,4,248
18648,752,2,330
21108,754,1,332
11979,141,3,25
3722,913,11,404
6355,885,9,405
47069,52,12,102
29799,622,1,244
36318,715,5,258
33705,907,10,346
44909,789,6,296
24070,417,9,144
12284,544,1,253
22737,43,12,65
24241,344,5,112
28414,53,1,38
21895,266,2,96
27771,874,2,384
2384,38,11,24
23689,49,5,22
28475,68,10,71
9252,958,4,437
31844,931,6,370
31151,199,5,15
41006,389,2,125
24365,903,9,365
7026,757,10,327
33767,964,8,394
29523,414,9,125
11482,609,11,241
47569,515,6,160
49888,450,5,101
49348,226,5,6
42432,54,2,66
26108,781,11,303
1493,602,4,300
17465,432,2,191
40767,383,2,101
30550,329,12,68
14833,298,8,93
3970,171,4,76
33779,246,12,11
30958,262,4,45
49319,29,7,102
18145,848,4,387
36953,411,9,110
2806,67,9,2
6664,643,12,268
29900,223,3,23
15126,913,6,400
46662,176,7,24
6154,874,3,410
23208,45,4,39
14767,440,1,187
21043,839,11,328
48994,697,9,230
2525,780,7,358
34528,793,10,292
17978,283,7,66
47648,548,9,172
2055,607,12,251
11046,977,6,459
36851,489,8,162
16678,273,5,98
45876,737,8,268
27624,565,12,179
43418,166,10,50
39725,345,1,97
6255,357,3,159
10411,759,4,335
43459,137,11,68
37163,184,9,11
34971,569,8,195
32235,930,8,391
20194,889,2,410
20476,827,7,335
4044,668,12,302
41040,840,3,325
22057,777,6,329
4514,217,4,91
10990,393,6,172
39960,597,4,209
44535,611,3,191
8507,583,2,269
5857,148,4,45
13118,433,10,175
4146,399,2,186
27401,899,7,376
27177,20,1,46
39524,186,11,23
5414,35,1,1
18494,676,5,296
21437,131,7,9
4937,387,1,181
37731,121,12,72
22326,613,12,233
39665,425,4,126
9974,526,5,231
48145,630,2,209
18500,690,7,277
49824,59,4,86
2750,686,8,324
5027,567,1,264
45296,400,10,64
6745,778,1,372
22448,535,1,222
43447,516,4,142
29451,905,1,404
29207,984,5,417
6938,300,6,115
13150,370,7,135
14406,353,8,117
20781,945,8,419
38621,962,2,400
19325,780,12,319
4148,543,4,262
29879,302,7,85
8933,960,9,422
10436,747,9,324
18669,338,11,108
7474,842,3,406
48447,433,12,84
12228,613,7,252
34538,33,4,56
2843,75,9,1
1073,422,7,173
17059,361,6,123
21733,813,9,344
41768,218,7,6
26395,879,11,357
21202,697,8,287
14273,984,11,431
49889,311,5,46
34099,677,4,268
8512,460,1,205
29231,97,8,43
24274,131,6,11
38699,554,4,198
46510,394,3,85
23409,135,5,10
47194,161,4,15
6113,216,11,72
42187,809,11,300
3881,559,7,262
46913,318,6,33
47324,95,3,47
20249,549,12,191
36343,119,10,28
13714,498,11,202
39953,992,12,388
9656,487,1,215
6741,655,7,295
17661,896,5,398
32555,311,1,95
29690,144,1,15
33833,538,6,195
38030,42,4,74
6704,181,8,50
49123,648,2,223
42362,525,4,169
13175,901,12,385
13696,883,8,381
40023,40,12,90
41209,783,8,278
29054,857,5,362
22076,483,3,191
15986,502,4,209
47118,521,3,146
15440,962,11,422
8960,328,2,161
23462,615,4,258
18821,893,9,362
28258,572,6,228
28353,222,4,61
24416,435,1,158
23115,659,7,255
47433,161,2,17
25968,875,12,344
23731,634,6,256
23785,126,10,5
40397,548,1,173
14828,556,7,234
5541,595,4,288
41644,988,11,395
14311,873,3,386
31531,906,10,358
15588,768,7,323
13380,707,3,299
43645,310,8,49
18818,824,11,320
31857,330,4,91
22711,932,3,411
6097,687,7,296
29393,404,7,122
23076,72,9,46
19738,604,10,237
30317,202,7,15
40229,388,6,82
8044,720,3,329
6497,32,4,5
14751,578,8,235
30882,979,6,414
43072,179,9,23
44194,303,8,24
44826,584,8,177
23449,306,11,65
45028,27,10,112
34402,91,10,66
33543,911,7,378
30362,117,10,34
28315,106,11,55
28746,861,1,377
11057,120,5,1
47113,300,7,43
43915,902,10,336
22061,308,9,75
35157,768,12,276
46839,215,4,22
12322,410,8,152
5276,628,1,299
13306,469,4,201
35017,387,4,114
28742,449,2,182
32600,115,11,35
18629,280,11,62
9245,531,3,236
32414,140,3,14
44870,385,9,57
31098,804,7,327
49994,351,2,78
11588,71,9,24
1442,415,8,182
40744,337,6,71
38443,694,6,225
12803,721,12,286
41721,296,2,57
38145,616,3,218
11599,213,6,63
8058,712,12,317
18206,40,3,29
12894,418,11,152
3939,734,11,333
23149,221,7,47
2031,485,5,236
11208,170,4,66
1562,915,8,437
44498,178,11,25
21951,329,11,68
49920,970,2,365
47766,523,3,162
29351,45,10,71
19680,840,12,345
22586,85,4,9
10308,954,12,430
10609,282,10,93
30495,491,6,171
18675,186,5,42
29064,819,5,316
9720,173,7,47
43940,362,8,82
15457,737,6,322
3939,432,3,187
48113,684,4,213
49926,203,1,12
39203,690,11,233
24365,213,5,39
6392,21,12,48
26905,234,10,35
8972,706,8,311
31653,606,3,235
27329,816,10,336
20184,658,4,267
15799,502,4,217
16052,580,6,256
7044,988,9,458
20871,51,10,29
24767,689,3,290
48183,34,4,87
21234,337,6,109
22381,865,6,375
18274,262,7,73
47626,36,1,99
23304,553,9,228
18572,775,2,329
39412,945,4,396
26965,100,3,17
19384,675,3,277
18855,455,11,159
18920,27,5,41
17702,979,7,426
38921,698,12,225
2894,306,7,138
31985,799,7,310
29287,820,3,343
8991,205,9,53
16439,543,6,216
30084,812,11,313
43235,441,12,98
28659,835,11,322
25976,485,10,165
39703,102,11,69
18107,586,8,240
3329,662,1,302
43095,656,4,225
3770,502,7,220
5846,344,12,130
17651,438,9,158
15633,70,12,37
14628,46,3,28
1569,696,12,320
2973,931,11,440
36590,812,12,301
34038,564,6,200
8641,81,8,4
9930,676,11,280
7680,190,3,68
2257,305,6,132
9250,828,9,355
39138,136,9,60
29757,23,6,71
5858,85,5,11
42349,79,1,49
14491,924,3,435
26294,521,3,189
46204,818,12,283
46638,876,4,333
7908,248,5,92
11844,119,11,15
38629,138,8,45
3911,88,11,5
9991,683,9,303
12572,811,12,355
44066,240,7,19
30693,960,10,397
41004,242,6,32
39333,696,3,257
18493,973,9,419
40697,523,10,163
18634,230,1,54
25561,810,9,337
19033,950,3,448
8351,594,9,247
26921,905,10,369
20340,901,1,411
15901,281,8,83
11638,537,6,228
39596,267,9,20
22378,760,4,325
45324,817,12,287
23820,276,5,73
26060,82,6,37
33642,411,12,103
26378,559,9,200
9150,876,6,389
43875,436,9,103
25059,72,2,6
35525,783,4,308
19193,57,3,19
44967,327,4,59
28801,865,1,370
27246,670,2,274
13807,917,4,416
18535,72,10,19
6492,625,4,265
32357,625,5,232
7302,471,9,205
33314,480,1,185
49697,794,8,269
5747,505,3,236
48006,854,9,301
42170,156,11,61
11686,993,8,449
38449,391,8,84
19891,978,9,432
37196,275,4,48
30928,414,12,118
8494,56,5,8
37723,673,12,223
30877,166,7,15
28981,27,2,60
15026,270,7,57
21422,666,12,255
10244,590,3,262
34481,654,6,233
24644,466,6,165
44848,282,6,24
9521,651,10,282
2746,458,2,224
18591,278,9,80
27718,342,8,102
3696,549,7,263
13012,320,11,103
15688,884,12,397
24457,504,12,171
6036,111,9,37
40895,183,4,18
30960,675,2,274
37486,354,4,118
23159,944,12,389
8910,334,10,117
3693,933,11,432
16858,964,3,423
29810,257,2,57
21092,705,2,307
24243,102,8,27
49700,688,5,214
31505,985,12,406
8692,128,6,37
29555,197,8,15
7398,269,7,115
8252,784,7,352
12721,586,12,215
18939,686,7,285
12825,922,12,415
26251,110,11,39
37955,358,11,54
25151,657,7,284
1036,868,8,403
29412,188,1,26
19171,158,3,27
40051,536,1,183
33761,597,8,206
16202,642,2,285
9060,203,7,48
9065,799,6,362
30873,189,11,24
37648,381,1,103
6932,263,12,81
27470,862,6,367
9328,157,9,27
7333,47,3,8
47638,538,12,144
12268,417,7,167
6067,352,4,165
49384,984,1,373
45843,336,7,67
18045,582,1,249
41741,445,11,114
23770,155,4,32
43770,709,9,242
8887,660,5,299
34182,728,7,259
33370,286,7,51
40618,126,12,56
25918,579,3,221
36497,157,11,25
29026,930,8,389
12929,634,1,295
48756,66,4,69
37665,684,10,234
35937,387,4,124
14563,25,2,20
29546,542,6,181
13888,548,1,240
38338,674,3,252
35283,291,9,53
17958,843,12,358
13634,85,10,27
20251,439,6,160
47566,358,2,83
20928,953,12,402
38245,517,12,155
17455,488,9,181
28144,350,2,112
29013,787,12,293
22876,658,7,277
27962,150,1,15
29084,549,5,196
43319,738,7,263
22143,620,3,243
27091,457,4,156
15179,262,5,75
33807,482,3,175
11222,369,6,162
24949,36,3,44
17116,485,8,205
49817,754,7,262
38564,901,1,371
38374,382,2,101
18667,229,4,64
9775,630,5,266
30655,544,11,185
48632,850,10,307
15193,801,11,314
15676,718,4,317
31776,439,4,143
44225,805,9,293
18199,152,4,36
49812,33,4,94
16066,812,4,351
19895,63,2,12
1246,396,8,196
22209,314,4,112
40284,415,5,93
17800,123,8,27
47110,464,4,133
24086,81,5,27
21101,584,5,230
17491,840,6,362
28207,431,7,129
42798,950,3,383
21897,649,10,261
30492,340,11,78
2421,150,3,49
33015,830,9,339
13970,837,1,392
8283,218,10,62
29488,924,12,374
16945,55,8,25
1255,810,10,368
12019,235,3,83
16487,605,5,245
42797,325,3,62
20346,586,10,212
36050,912,1,387
9744,31,10,60
25756,102,5,1
18861,51,8,44
26146,427,5,156
43687,105,4,30
47103,982,9,353
22976,763,1,336
1591,430,5,210
7277,976,1,474
3260,806,6,385
44907,732,10,248
1347,582,9,265
25741,851,11,355
38211,275,2,54
44856,260,4,28
42542,736,8,243
7869,917,3,419
29082,951,7,396
23080,915,12,371
29979,926,7,393
20422,727,2,310
36613,471,12,99
23993,775,10,321
13386,851,4,393
35033,20,1,66
46213,620,8,192
13938,301,10,91
12159,670,10,288
3274,618,9,289
19854,533,1,232
32815,998,11,392
11482,880,7,376
19961,699,1,301
21044,138,12,6
34836,919,1,379
22975,524,9,203
15706,99,10,12
6974,642,10,283
11928,696,6,309
22213,913,1,415
2950,976,7,472
20477,238,3,52
11411,536,10,221
22695,930,4,414
47156,746,4,267
18771,726,8,299
5274,485,1,213
36053,813,8,309
8045,537,9,220
30714,910,11,379
35386,831,7,321
44747,521,1,176
9562,77,7,6
28759,356,6,114
13026,529,5,227
41611,833,5,314
32589,633,1,244
43663,445,6,115
32738,579,4,218
27844,389,1,143
24447,430,12,134
25879,807,8,327
12966,985,8,458
18732,902,12,380
6289,694,11,305
21012,863,4,374
19812,451,7,137
36801,982,3,409
42628,215,8,2
41581,396,7,87
47628,967,5,375
24092,384,5,125
26105,855,9,335
15294,663,6,286
4621,954,6,435
33442,424,2,137
22699,511,11,169
3347,85,5,11
30486,931,12,355
48650,410,4,84
18110,102,10,29
5923,500,3,227
16611,796,9,345
49135,248,11,8
20199,804,12,336
10066,750,7,337
37047,244,4,42
27754,132,9,2
37575,671,9,224
25260,204,12,2
47733,531,7,156
49891,192,5,25
17991,907,9,364
23553,542,7,191
25174,928,9,397
22957,690,11,257
1634,224,3,101
30881,761,11,277
13771,557,9,201
19298,338,1,128
15340,178,5,29
34356,297,2,81
36999,921,1,388
7351,167,3,80
4838,797,7,352
2973,102,3,53
48114,438,10,104
38812,557,10,169
11247,602,11,225
45440,568,9,185
32655,411,3,127
44039,152,11,31
7683,959,6,429
12244,657,2,296
30058,646,8,223
40551,623,10,208
39362,261,5,41
29371,470,2,180
4822,219,7,64
29878,738,3,286
37157,136,5,15
6914,238,11,62
19164,324,9,98
28180,262,1,91
4688,311,2,135
15683,995,5,443
14080,813,4,355
31953,320,1,92
10916,848,7,385
30677,703,9,268
28360,407,1,135
38805,607,8,198
14453,228,9,64
23703,333,2,110
9640,636,1,288
30263,45,6,63
33849,882,7,352
40046,98,2,50
17078,147,5,32
24383,432,5,152
16536,156,7,15
8410,353,12,121
16926,567,11,216
49268,407,1,109
35248,590,10,207
32159,249,8,43
43039,440,5,107
37366,143,12,33
48800,107,3,53
41761,868,9,304
30090,160,11,23
21567,935,3,417
44663,804,7,294
16367,70,10,42
41412,586,12,178
45716,948,7,361
36367,424,10,111
6813,356,12,112
37621,681,8,241
35269,684,10,245
42190,982,8,376
41318,750,4,261
38018,750,1,308
40759,385,4,96
17498,927,6,419
26989,930,10,367
38174,873,11,338
26568,277,6,59
2041,407,6,189
40695,64,12,102
31099,288,7,37
25364,330,12,66
41639,691,11,230
40143,297,1,77
24482,876,10,357
4676,494,1,232
46785,586,7,155
22781,164,12,1
31048,985,4,426
4065,254,6,99
3036,710,6,335
36814,739,9,270
17924,155,2,14
33844,464,4,161
49648,372,4,65
17407,413,7,154
22518,294,1,99
18059,403,5,151
24052,929,11,393
5267,342,4,143
6988,202,2,104
28974,592,5,226
25036,459,9,149
9680,82,8,8
2485,892,9,409
15713,746,7,332
21043,891,10,378
3419,670,7,306
49080,962,2,384
37263,665,12,220
18140,53,3,24
44484,724,11,245
46210,886,10,314
13961,851,8,376
44075,496,11,135
7487,106,2,19
32110,229,7,34
43432,481,12,132
17360,100,6,2
37843,341,12,56
25882,434,10,132
18502,870,4,397
49053,209,11,33
8631,969,4,456
4017,879,3,437
21725,252,6,81
25762,411,3,143
1784,957,9,451
29020,188,4,33
39459,462,4,146
16765,782,2,352
32127,187,2,24
4196,250,7,97
10552,169,5,50
42300,683,3,228
32921,569,6,206
5746,405,6,166
3999,400,1,183
45070,828,3,321
16595,294,12,95
23063,636,5,261
7200,917,11,428
39164,879,11,346
24377,883,7,377
14410,81,4,1
46971,486,12,115
4598,547,8,257
11564,881,3,421
46516,169,6,28
31898,161,6,7
21598,135,9,6
41404,843,4,327
18862,84,7,19
11265,448,10,154
10705,329,1,124
26544,725,11,270
15298,873,1,423
33670,449,2,136
43471,180,4,14
47104,994,12,373
41934,325,6,41
49884,380,4,81
7050,297,6,95
44952,315,2,73
22034,570,9,218
46480,892,11,341
9484,188,3,71
32323,478,7,141
21796,599,1,258
30069,26,8,63
22827,616,4,238
36361,730,11,258
11315,151,12,16
48968,607,5,202
27519,781,7,325
10107,366,3,156
4869,974,9,470
16447,740,9,302
28370,615,8,221
8971,754,1,352
32269,272,12,49
26651,429,12,118
36757,562,2,210
24446,374,2,120
39108,732,3,282
10643,984,2,464
4823,583,1,273
14454,387,11,129
4932,603,5,309
11220,530,6,242
9554,552,7,244
3429,547,10,233
29208,966,7,386
8444,547,2,254
11510,421,7,158
45045,194,2,6
11537,843,2,406
8147,943,12,419
41399,869,6,340
4598,97,6,31
38097,459,8,112
7718,771,5,351
43691,568,5,190
14782,251,10,72
1051,419,1,203
17702,232,4,65
11184,212,1,100
13468,591,10,225
23072,720,5,297
16479,286,8,95
29467,145,1,14
24402,734,3,305
8210,853,1,392
46702,401,6,77
37724,563,10,156
7057,521,1,233
31916,422,10,108
28268,843,12,321
44978,280,3,27
48358,406,5,97
24259,431,5,148
14864,365,2,152
35293,113,3,32
47045,347,9,55
8043,119,1,43
42473,816,1,339
39893,480,12,104
41642,334,2,90
13529,44,8,33
31868,937,6,381
27309,513,4,176
24284,372,7,121
48723,888,6,342
36268,136,9,41
4464,218,6,70
19643,298,2,100
30265,601,3,230
16954,866,9,372
24880,98,7,11
20043,443,6,186
1255,373,5,152
2502,545,3,258
5656,560,4,248
11302,675,1,315
6430,496,5,224
42366,874,7,336
28425,29,2,46
49744,578,11,145
2860,522,12,218
7158,279,8,84
6806,543,12,233
21738,829,10,343
18106,757,6,325
10474,791,10,337
17997,615,3,270
33599,879,2,355
6790,879,8,396
11170,25,4,38
10004,929,7,429
43746,778,7,297
26792,54,10,66
31216,194,9,3
8232,461,10,207
13674,596,8,241
17052,166,12,10
49542,588,8,176
6913,212,7,56
47870,32,10,106
49157,923,5,331
28913,549,9,180
11567,265,12,66
39379,694,11,230
10432,874,7,388
1319,133,12,34
25469,813,11,335
46454,252,3,7
27490,697,12,263
21584,341,6,111
5791,557,3,271
32736,145,6,17
1329,332,8,150
9851,530,9,214
45078,503,2,159
24126,300,6,81
22300,817,3,338
11164,997,7,467
25509,922,11,382
6703,302,4,133
28109,670,5,259
44417,632,10,193
23554,411,6,143
28676,542,11,169
24804,401,8,127
46440,235,2,25
37923,561,4,179
30802,625,11,220
25795,135,4,6
3611,528,6,240
23075,519,4,199
17479,290,11,65
10180,459,5,185
10304,310,5,113
15610,58,8,17
9437,43,4,9
44118,795,12,275
13521,62,6,20
25028,189,7,25
40328,359,8,60
28301,188,9,4
39015,834,10,303
22740,557,8,219
37845,711,4,275
22282,491,4,194
11858,681,10,287
45159,664,11,197
44714,162,5,16
16186,695,3,322
35185,120,2,31
32194,594,2,231
26230,624,9,233
28018,738,8,279
25665,494,6,166
42722,964,9,379
47359,330,5,53
41159,603,12,169
45132,79,10,81
44139,972,1,384
22516,48,8,47
36272,550,3,182
25673,92,9,46
6239,413,11,144
27415,888,1,381
38888,413,3,124
28195,777,1,326
40161,500,1,163
30323,492,6,167
35964,332,4,75
37234,457,10,118
31763,971,4,407
35674,343,5,63
19105,984,3,453
45651,106,12,78
30739,378,2,121
49205,714,10,247
32969,216,8,24
15497,775,11,338
2816,859,7,395
27483,996,10,426
44481,404,4,115
23159,137,2,18
4849,517,12,216
22612,927,9,395
40617,950,8,381
34826,903,4,361
45498,481,11,118
19706,515,5,193
25563,613,10,235
5359,989,6,472
31669,266,4,66
13809,994,2,464
39428,253,5,39
30454,436,11,113
8254,486,1,246
46590,501,7,119
25785,384,9,116
3093,172,3,79
45498,291,6,18
41985,411,9,96
33009,566,11,187
17558,744,4,331
18718,742,6,318
17705,449,3,175
23082,670,9,257
13342,208,7,68
13239,831,7,380
47622,926,4,345
47665,271,6,27
33274,414,11,108
12419,681,11,281
43832,872,8,310
16003,238,6,56
31866,613,6,221
22988,209,4,53
44027,253,8,9
25908,707,10,265
6674,251,8,74
6002,377,9,152
28567,497,6,185
1910,594,2,282
30072,966,4,411
34717,448,4,126
22809,256,8,59
27651,52,5,40
45291,232,4,1
44989,591,8,186
17484,398,3,158
5646,21,2,9
40713,928,4,359
3400,469,11,196
45331,588,1,212
23185,446,1,162
19727,832,5,364
34120,818,11,290
49257,669,1,220
2018,298,4,145
18563,233,8,48
6193,770,8,338
16701,304,2,129
4536,562,3,266
49217,737,3,266
45610,989,1,389
19886,293,11,83
37587,30,3,72
30410,890,8,341
34744,66,6,34
39665,534,5,172
16957,661,10,265
49127,457,12,119
47008,603,9,197
33875,690,7,248
49292,923,6,345
2626,446,5,201
26279,451,5,159
7229,149,10,18
7877,41,9,46
34642,911,10,345
39311,408,6,131
33356,154,12,25
4809,551,11,219
44371,239,4,23
35875,352,4,78
45513,149,12,49
10465,51,4,5
1559,621,11,267
9308,790,6,354
22353,444,1,180
16250,317,9,86
47023,523,2,180
36814,864,2,342
47624,780,5,285
17427,704,12,264
34276,376,12,75
7107,474,11,193
14476,420,4,179
4439,915,3,456
21312,578,5,232
22795,728,7,297
14136,939,10,401
15167,474,2,208
18300,910,6,397
18182,53,4,18
5971,785,2,360
27909,267,1,76
20659,965,8,424
32403,61,5,37
49651,820,10,285
34586,142,2,2
11360,46,8,22
22424,481,3,182
33499,590,7,210
45695,166,2,6
49791,515,7,141
4065,646,4,305
4259,505,10,220
13300,479,1,226
34370,918,5,390
5295,730,12,338
28209,147,12,21
43751,395,4,93
37295,684,8,252
21927,900,1,398
35579,802,2,328
45871,870,5,330
10032,975,10,450
28718,102,10,49
13877,554,12,197
41731,542,2,178
48992,718,11,236
27666,647,1,264
42684,693,6,251
7766,122,12,23
23829,774,12,296
21221,538,10,207
26102,381,4,135
35433,703,5,288
16932,275,3,84
26714,266,10,34
40743,211,6,1
3552,645,4,295
46987,554,6,178
15274,889,5,402
46380,333,11,33
30250,295,2,91
3808,942,4,455
44858,392,2,117
46028,463,5,127
16295,667,3,294
48605,888,6,324
15669,214,11,59
11523,277,5,117
46530,809,2,293
14769,601,10,230
47499,890,11,323
45645,379,8,59
26207,567,6,211
36224,127,9,47
26557,43,3,38
39191,671,11,221
15246,484,4,203
13846,41,11,57
38085,521,8,162
46403,870,7,322
14470,860,8,393
14176,735,9,313
42881,911,8,328
14546,755,8,311
7805,520,6,228
17788,754,11,309
30348,612,2,252
9080,426,12,155
36886,349,7,76
24764,722,4,294
7630,305,3,144
34333,166,4,9
16701,813,4,363
15859,403,3,148
22183,30,9,58
41438,295,3,41
32749,905,2,375
32887,587,1,233
43244,704,11,224
9776,983,1,459
16021,322,5,112
5327,223,12,68
49043,364,12,39
8614,779,5,346
2245,845,12,395
42011,285,9,30
11355,41,4,12
34305,858,5,326
49692,555,6,167
30714,725,10,266
18198,115,7,7
2415,464,9,200
44798,282,6,20
2652,603,1,294
44625,774,8,286
21446,402,2,137
19740,569,9,222
4810,936,11,424
17569,411,7,151
35319,908,7,372
14584,620,10,260
27783,559,10,209
34529,111,12,55
13511,585,5,243
10471,178,8,42
46235,903,10,323
7163,247,1,107
17065,492,3,201
45654,391,9,77
18920,395,1,157
39969,572,11,184
49348,56,8,108
20154,656,6,273
41167,953,12,363
21229,710,10,288
27997,863,5,364
22101,56,12,48
41391,120,6,43
11327,562,11,242
8187,209,5,82
30685,531,9,162
35948,677,2,246
35728,109,10,44
38921,25,6,108
8035,924,12,403
12471,158,4,27
29460,114,3,12
22071,650,12,247
1582,897,5,421
49282,651,2,210
27189,405,3,142
16531,142,7,13
17672,304,12,110
41747,385,1,113
21243,908,2,391
4060,710,3,343
14731,509,10,196
13294,344,12,111
21719,426,7,160
48042,538,4,162
27325,915,12,369
23597,843,8,359
2903,658,8,301
15551,96,1,26
28751,253,5,54
25278,849,1,372
26653,605,7,208
16141,503,4,215
3377,483,12,191
34615,290,8,66
48148,840,12,263
28452,958,8,394
23725,486,9,166
10524,488,11,184
48999,651,6,209
12698,566,7,241
44339,738,7,269
22175,289,5,83
13314,624,7,252
45197,984,9,393
3365,397,12,134
33017,196,12,5
33126,293,11,44
44372,710,4,261
45134,660,2,234
38823,656,8,223
6622,46,7,9
31540,595,6,215
41551,79,7,66
2949,750,12,327
43800,236,3,16
32912,700,6,288
33161,680,10,247
45387,289,7,19
17508,135,7,3
46592,264,5,35
44713,679,3,245
2919,623,2,302
43595,104,7,54
10617,618,4,277
10732,926,2,441
34298,651,8,243
41617,469,2,124
7929,871,6,400
38117,555,4,191
15456,906,9,388
45063,108,5,36
22140,568,4,222
19185,873,8,389
38924,914,3,367
25240,526,9,194
22845,427,8,137
10228,290,12,62
22686,543,12,189
12920,513,8,222
8432,626,10,273
45971,467,5,123
7189,562,1,251
29039,968,11,404
34910,369,10,66
31226,764,9,286
8614,871,2,412
48021,347,1,66
22224,831,6,366
19013,305,1,121
22446,54,10,34
40673,552,10,142
38657,642,10,214
5839,507,7,219
37725,850,7,317
31203,879,1,388
1557,506,10,228
31666,164,5,0
38389,543,3,169
48700,775,11,248
34607,165,12,26
25578,770,2,325
10243,522,11,196
10596,623,5,285
7998,847,5,390
11129,854,2,394
1510,646,6,305
12596,546,7,228
13974,291,1,131
2137,553,3,269
47468,649,4,241
28897,900,2,379
5666,114,10,14
9906,466,11,182
22818,434,5,154
44246,276,4,34
3654,862,11,394
34758,281,2,79
25204,106,11,35
35928,924,1,397
31552,455,8,137
48904,995,2,381
11336,849,4,372
48037,589,12,159
17206,761,10,319
35831,127,5,18
44563,38,2,80
19361,384,10,143
42335,672,9,232
9933,398,2,181
26816,179,6,14
16619,119,7,6
38687,284,6,45
27943,769,11,297
27819,769,11,298
12741,68,12,31
9798,696,4,309
26143,818,1,343
33747,434,2,144
48334,78,12,104
34651,202,10,14
22182,678,12,265
10415,466,10,174
12085,917,12,404
16008,320,6,98
23102,627,8,241
19452,574,3,243
9120,373,7,156
8820,788,9,355
45669,232,4,14
19170,208,11,21
17259,662,7,278
23099,366,7,120
10649,831,12,340
31255,922,10,373
42037,820,9,310
12805,156,3,57
44147,49,11,89
9744,165,1,60
47053,843,8,303
42241,487,4,153
33305,636,2,261
26857,522,5,201
11679,818,4,387
48373,987,1,424
30829,210,12,31
11985,490,7,197
29287,709,4,287
13391,364,8,125
5861,770,9,353
35364,20,8,79
17863,129,1,34
32499,869,8,354
28794,806,5,338
43923,902,1,343
8919,913,9,413
44102,765,9,275
21282,83,7,32
48396,775,7,270
35840,72,11,79
43255,281,1,46
6624,548,9,232
34706,321,1,85
9176,987,12,435
34529,905,7,375
13941,253,9,70
2669,92,9,11
40896,376,5,87
21246,970,12,411
45859,622,6,189
41076,503,2,161
21323,25,2,32
34894,729,10,261
7021,896,9,397
40205,727,1,287
40807,827,10,310
37903,878,12,319
48879,853,12,283
45732,156,5,27
9711,798,7,360
8904,423,12,149
36051,647,10,229
21942,574,6,249
25251,762,6,311
26058,589,6,223
36245,225,8,7
4093,429,7,177
25918,825,5,329
8207,625,10,263
10394,55,2,21
27974,249,10,27
29172,246,6,46
33283,714,10,250
48609,281,5,37
39995,150,4,14
14280,596,10,241
37303,911,11,350
28453,467,5,153
44350,205,9,24
3913,648,12,272
26765,205,2,49
3340,293,6,115
27179,682,11,242
28873,371,9,93
39057,432,12,116
1597,170,10,61
30119,403,5,121
16025,55,12,52
8145,345,11,133
36670,484,6,151
42723,485,10,127
8694,114,12,14
5830,153,4,50
24930,181,5,22
24752,575,8,212
43602,319,12,26
11489,814,1,381
33692,375,1,110
16768,259,10,62
44132,583,4,185
3160,957,10,447
47036,812,3,298
21133,605,5,234
48253,826,11,274
36690,769,10,269
23870,186,8,19
25496,159,1,9
37572,158,5,8
3368,900,5,431
48925,254,2,6
41861,22,5,92
37700,275,8,29
30203,390,10,122
12552,297,7,99
6608,535,12,215
46667,923,2,356
23485,801,6,330
43060,231,10,3
10862,235,11,38
39299,289,11,41
11412,495,1,224
22354,547,10,189
7344,947,10,439
41655,83,3,50
18993,770,11,306
29682,479,11,152
49926,35,6,94
29415,583,9,201
20323,38,1,26
18997,344,12,104
4679,927,6,435
30489,112,2,11
41308,792,9,276
10488,829,2,397
40842,36,12,91
4996,642,3,304
6695,859,12,383
31204,891,2,367
24382,507,11,170
15235,113,4,7
3366,29,4,19
28467,743,10,293
47932,768,1,271
7764,785,8,353
26360,547,5,229
49295,508,12,117
32923,163,8,5
31175,573,6,219
17292,534,2,236
2614,938,7,443
21939,489,10,183
48164,396,9,62
19800,687,7,272
24246,513,11,149
32688,704,5,272
28962,503,4,186
30764,471,11,139
33470,555,8,178
39501,806,6,293
4216,94,5,30
23072,59,7,48
29242,321,11,59
38132,571,3,171
46037,81,9,93
18861,769,4,316
47597,522,12,110
5960,264,4,115
19781,37,8,37
42069,671,6,223
32126,417,11,115
42609,613,1,210
23578,208,2,52
41498,639,9,205
18883,765,6,323
30782,799,7,310
17979,123,11,4
34746,942,9,387
1730,665,3,321
1056,363,5,163
32457,390,5,98
3243,52,10,15
2701,768,7,355
9303,393,2,174
16100,867,4,384
46766,197,11,26
43161,31,4,71
1947,882,12,390
21505,972,8,424
7553,760,10,339
34525,840,3,356
15866,800,2,358
31472,909,9,347
45348,475,12,128
6651,889,11,414
8273,662,4,298
11033,268,9,82
4535,467,6,211
19677,589,1,258
18488,23,11,61
42621,255,3,52
1908,192,7,84
5617,341,9,142
43816,390,8,87
31431,567,12,188
24453,810,5,367
36079,768,12,289
17020,806,8,339
47353,315,2,52
47785,859,3,316
46320,419,8,88
27562,77,9,43
25373,894,10,376
47105,549,8,166
31164,567,4,218
2885,427,6,181
2049,660,11,288
44271,532,5,172
2161,83,12,3
1815,593,4,275
37534,897,9,341
28498,439,10,124
26037,862,3,369
37007,165,1,8
14942,291,7,94
28278,36,10,79
9272,811,8,355
34637,117,11,45
39294,471,3,136
8741,758,3,334
5694,994,6,442
31306,917,2,364
2934,262,6,75
22556,498,5,175
19907,220,7,76
7159,925,9,419
49487,968,9,373
30158,492,1,166
21293,198,7,39
46761,527,3,157
47581,472,4,130
34932,289,2,51
34387,253,1,67
41750,643,10,201
4066,505,3,246
22256,597,10,245
42406,357,9,65
36105,880,1,377
6594,968,3,477
3460,776,11,364
7820,776,5,361
37210,467,3,141
17191,603,4,270
20095,376,4,125
11529,68,1,13
33175,515,6,184
18675,365,11,100
44158,721,12,227
47798,312,7,31
6374,708,12,303
26976,983,7,427
14142,692,6,287
13204,169,7,37
8394,601,3,273
34593,564,5,194
42964,815,7,291
12652,875,10,398
34740,279,5,55
45036,341,10,55
1443,96,2,24
24903,129,6,21
34522,836,7,325
29180,915,11,379
49791,670,2,235
22119,566,10,234
11363,442,8,164
44665,413,5,108
39164,254,11,4
32541,349,8,91
4465,731,3,350
3711,344,2,162
26198,170,7,28
23488,565,5,237
39515,655,5,214
24608,898,8,383
28898,51,9,67
2919,291,8,89
32171,855,10,337
47241,841,2,315
21599,655,10,251
17965,943,11,399
48003,387,7,72
49478,511,11,136
15434,335,5,136
47246,609,7,189
37649,607,3,205
2999,591,4,268
15849,616,7,269
11903,387,2,158
48468,99,2,56
6445,905,1,435
36396,191,1,18
19040,277,12,61
1246,298,1,144
32153,523,6,185
6212,752,5,351
4339,577,10,268
24142,510,8,177
20394,604,5,241
36136,585,1,201
13186,858,12,361
35607,752,8,283
39973,912,6,353
5395,356,8,146
16290,540,2,238
23151,345,10,120
4691,191,8,58
8470,103,6,12
4841,861,1,405
38116,860,1,336
18776,543,10,200
7060,500,12,212
28584,563,5,221
49293,437,7,97
5300,358,4,147
4338,820,10,362
6487,339,5,146
37282,323,10,78
30529,291,3,88
31262,709,2,305
12280,133,2,33
44075,426,5,112
29804,45,4,46
10915,256,2,95
12158,329,5,129
9621,703,10,283
11547,252,9,78
24177,568,8,229
47253,284,9,46
3459,32,9,23
29768,515,8,168
39041,335,9,56
43225,637,4,233
39191,657,8,235
18434,867,2,374
39247,403,9,98
16419,661,9,277
36017,335,11,49
36577,275,3,66
3921,460,6,208
5676,134,12,7
21425,318,7,82
36185,934,3,372
14463,143,5,20
26474,275,1,61
41935,670,11,209
2469,737,3,351
8292,66,12,20
26409,748,8,300
24526,850,3,379
24465,922,8,410
31955,482,9,141
27785,369,6,112
22033,142,7,15
7931,50,6,29
2091,74,8,3
26772,172,7,13
17363,475,10,167
29490,305,1,91
1260,55,3,20
11456,837,3,374
23320,929,3,406
14435,816,4,380
43145,942,1,378
49581,904,11,313
28025,275,2,58
29109,197,12,1
21754,567,5,224
5301,273,11,88
8207,527,6,240
28920,693,9,234
23203,40,2,52
22545,825,12,322
25016,94,9,33
32098,738,7,298
9556,479,9,193
47563,197,4,14
21102,401,7,148
39893,56,1,49
2924,990,8,470
20479,139,7,14
40451,934,7,348
19922,649,2,280
19660,20,10,73
47099,740,9,254
10945,955,11,426
1306,330,8,138
23959,227,1,61
5231,173,11,54
39796,781,1,304
13207,702,5,321
40426,334,2,62
7336,326,1,151
47664,523,10,128
10630,638,12,267
18256,674,11,255
34909,539,8,180
42168,625,12,193
34719,929,4,385
43017,116,2,31
46704,509,5,161
31013,26,12,78
15455,805,11,335
5722,31,12,37
13812,533,6,232
31276,965,8,402
37776,368,7,88
11060,936,7,424
14056,26,1,22
7655,519,3,225
23574,494,3,187
14027,543,7,232
5030,871,12,382
25243,76,2,28
34289,609,10,222
20739,605,7,235
35168,252,9,16
45698,810,1,317
37491,49,12,93
31013,386,2,132
7579,845,11,377
19242,626,6,265
5781,839,2,396
21448,75,12,49
46641,29,2,89
22446,934,5,401
12043,166,7,31
20853,383,4,124
21079,618,6,255
18101,272,12,89
1642,718,3,351
29016,959,4,413
19932,764,4,322
45653,272,4,55
25945,462,12,140
8549,755,1,344
14397,359,4,139
26362,535,4,197
48842,372,6,77
47539,643,9,192
34717,724,10,263
24016,672,6,276
15732,342,6,121
27911,159,7,6
18866,880,7,382
43607,970,1,396
28621,464,8,151
13823,114,1,24
30986,572,9,195
15690,439,4,174
40107,533,9,171
11956,809,8,358
22303,169,9,0
37533,572,6,187
30674,370,9,85
36595,135,4,22
3058,651,3,308
12519,256,3,80
32115,289,8,61
1730,880,2,436
2832,310,12,96
42368,453,6,115
23889,28,9,58
49386,770,9,266
40938,649,8,229
5179,883,8,410
7299,846,1,396
8830,843,11,393
45207,494,7,125
38570,541,1,183
23441,556,9,214
7615,704,3,327
7762,756,1,365
39311,30,8,79
25709,632,7,241
38651,796,2,309
24434,922,7,383
22343,346,5,131
16739,949,7,424
1666,614,10,267
34044,295,12,34
28883,389,7,113
15063,509,2,208
34649,364,2,105
35828,792,7,298
48445,387,3,96
40470,752,4,276
10429,330,7,136
49621,750,2,280
33926,620,2,244
49764,504,9,109
38997,34,11,90
41724,777,1,298
33269,707,12,245
32704,23,12,95
29391,865,3,375
25187,395,10,113
46334,388,4,99
3526,484,5,236
25686,552,3,199
8803,739,9,327
33668,156,5,2
7574,853,7,380
9733,382,11,130
8257,994,7,465
37051,950,11,364
16909,235,9,51
25146,387,2,150
12802,136,3,40
8896,198,4,72
29133,265,8,49
14526,147,1,27
12278,377,9,143
47010,97,5,76
26551,760,4,309
26298,312,8,95
36338,793,9,293
23191,101,3,20
34092,361,4,101
24871,357,1,132
10721,838,12,366
39413,597,3,205
31279,115,10,22
15404,164,5,18
5486,596,8,251
36198,540,1,187
29687,416,1,156
14156,376,3,135
1567,205,9,58
3179,689,9,295
3019,562,1,267
16919,170,4,37
20703,338,12,87
19704,773,8,317
19030,687,2,285
4909,78,4,29
9015,29,7,28
4420,876,7,401
48653,143,5,53
17740,375,7,132
41253,365,6,79
31328,813,2,337
20465,256,9,55
5131,352,5,155
11652,36,2,20
22507,443,6,153
48147,343,10,58
48671,42,5,81
49681,950,2,370
24806,478,10,127
20171,479,10,170
21593,540,7,214
10470,738,10,323
45308,576,2,185
22326,440,7,137
5597,984,6,468
38304,422,12,95
31788,350,12,79
43725,476,4,131
37930,502,4,167
34071,517,12,145
6067,46,6,18
6024,416,9,161
8715,972,10,440
32770,207,6,13
12226,159,6,37
36399,540,11,176
14412,765,1,349
48805,111,5,65
45415,96,1,48
13569,871,11,390
3369,263,9,96
45427,864,10,306
33021,686,4,269
1528,749,2,395
44270,978,9,378
31314,816,6,340
38443,681,11,232
19047,860,10,374
20748,107,3,16
36109,637,12,203
14919,934,2,430
48498,313,6,37
16256,114,10,0
5905,272,6,111
49307,570,12,157
49023,418,12,80
9884,786,9,351
29906,73,5,28
42911,947,11,362
6950,262,12,79
2360,129,9,43
38895,785,5,296
22946,643,2,285
48020,705,1,250
9730,720,9,314
23161,240,10,40
28738,780,7,308
4925,583,3,283
9463,181,12,35
18412,988,6,450
23402,54,10,46
35010,985,4,401
26717,56,9,43
42552,865,2,342
10797,848,11,378
21594,642,12,239
7406,389,12,134
14965,196,4,61
14733,540,1,235
27926,294,7,72
29783,652,4,264
18824,124,5,6
37394,175,12,28
43842,355,1,97
29287,45,2,51
17568,953,12,393
31436,315,4,92
22380,556,2,213
25796,374,1,132
9031,905,10,405
22947,88,1,22
4188,346,6,138
26669,170,2,32
36713,876,3,361
32813,596,5,214
7765,681,3,313
24171,339,6,104
11807,776,7,350
11204,471,10,189
28066,589,6,221
43120,687,2,267
38367,131,9,43
23658,654,2,271
38081,481,6,156
35986,884,9,338
14786,983,9,452
30283,381,2,120
1056,222,9,73
46301,506,8,132
33911,499,7,155
40986,23,11,110
9559,148,8,27
27058,45,10,61
23745,820,8,342
1615,996,1,480
9062,46,9,28
29214,61,6,58
45288,984,1,389
39745,602,1,230
45187,83,7,63
43548,44,10,77
11681,91,2,32
7984,501,6,235
28579,892,5,396
26274,919,5,394
38739,287,10,24
28399,845,12,326
32481,114,6,33
1944,414,11,170
29457,888,8,360
10114,383,5,149
40846,334,8,63
19130,136,5,13
13312,183,10,39
33596,896,6,375
39551,809,8,303
10751,596,2,282
7907,325,7,117
29114,791,3,323
26009,759,9,286
20310,219,10,47
36725,751,7,295
19996,199,3,66
7047,377,8,135
40017,759,10,273
29767,271,2,85
17347,318,10,90
37527,892,12,338
25102,449,8,160
5263,23,7,35
44049,672,12,213
2902,697,5,322
31823,273,4,57
31540,960,11,357
36335,684,10,241
11190,598,12,251
41843,586,10,186
28690,115,1,13
3994,186,4,71
38997,852,6,335
3010,350,6,148
8377,917,2,422
14036,984,9,420
27467,907,1,392
1048,873,4,411
37978,81,4,33
48606,193,2,13
17038,272,8,80
33576,480,11,151
8878,643,2,307
28609,234,2,62
49115,258,2,22
25070,434,1,175
41647,758,5,274
22996,761,11,292
19161,764,4,333
47022,694,2,249
41148,145,1,14
3228,960,1,475
27365,272,2,61
26188,864,1,398
43582,969,9,374
9888,730,2,355
24130,216,3,45
40159,653,9,217
43197,432,5,107
19790,475,8,172
25824,795,7,321
34405,73,6,42
25474,666,2,275
18333,358,4,138
43864,378,9,68
37355,170,7,1
34879,119,3,14
9367,253,6,91
1722,563,8,239
32145,81,8,48
38634,960,8,359
11139,215,8,47
3128,561,10,247
42886,774,6,279
21617,125,11,19
29080,314,10,98
36285,664,11,244
18533,470,3,184
33624,553,9,177
47996,175,3,19
47947,425,12,92
28956,915,12,339
43443,745,4,268
34077,757,10,270
4952,816,1,386
47639,702,2,248
43460,573,6,181
23796,591,12,203
32746,394,1,134
22249,608,12,214
1015,474,9,206
26957,221,8,27
17005,751,2,334
22292,471,2,194
32876,206,8,15
48046,627,12,169
15817,873,11,365
26470,743,8,284
10759,387,1,160
49432,359,5,71
7412,281,11,108
21504,860,2,373
43964,943,1,382
9507,608,3,269
22050,562,3,214
5820,570,10,247
8835,325,9,125
28631,865,10,355
35617,745,1,298
14587,657,11,280
35721,184,2,11
46499,777,9,265
7840,640,5,285
38834,107,9,34
32440,219,6,15
36183,290,10,41
31636,70,10,54
3389,508,3,232
49979,217,8,22
1763,42,9,2
24925,684,2,287
27549,242,9,45
40023,961,4,393
40941,240,8,9
24457,682,5,286
22423,285,6,74
11518,92,4,20
44020,900,5,335
33360,96,12,48
46215,563,1,163
48857,900,12,308
29173,454,3,162
10395,956,4,455
45835,84,1,58
20207,980,3,430
39055,376,4,92
47229,955,9,362
27639,37,3,60
47170,695,11,217
29924,818,3,347
8433,585,4,241
31104,594,9,201
45052,788,9,273
38594,770,1,310
4664,455,8,195
11528,460,10,185
29190,28,1,49
1497,489,2,230
8641,651,10,298
5643,367,11,152
6056,621,5,292
33899,391,11,110
6443,989,11,457
18241,843,12,334
47211,194,6,27
9712,534,2,248
9221,149,10,21
32346,585,5,224
16660,312,3,94
39915,715,7,259
12588,946,12,432
38372,372,12,51
43220,243,1,35
18942,543,5,198
37373,973,12,367
47052,726,3,257
2607,778,11,369
45477,528,2,166
3016,387,12,167
4574,685,12,301
47309,609,3,199
8274,671,10,276
43703,519,4,166
16748,109,11,34
21175,675,2,305
40174,968,2,406
12826,91,3,9
18472,452,2,206
35129,708,6,278
5473,367,2,162
24490,282,1,80
41087,290,8,49
42435,528,10,154
10481,527,4,225
9520,636,2,310
27415,439,4,154
18570,91,11,22
20798,93,2,19
4536,674,11,290
2773,522,5,240
30894,593,7,206
44023,165,6,26
36326,65,2,37
6079,760,11,328
26838,124,4,12
22804,128,8,2
48109,336,12,34
20675,140,7,12
26594,518,7,183
43749,62,12,90
37292,959,12,379
9998,118,4,36
14697,725,1,329
47374,330,7,56
14429,233,6,64
49807,482,8,122
8140,760,11,302
42553,442,5,119
15901,408,8,164
24279,716,10,278
29525,131,11,23
21491,930,8,391
4280,878,9,403
35980,291,1,66
48981,844,3,288
30989,121,12,35
9078,229,12,53
27118,758,11,281
24985,812,6,335
49704,41,4,75
17997,779,8,322
15274,178,10,48
1868,910,1,431
27398,760,12,302
17042,949,5,406
32820,362,4,103
49175,419,12,66
22246,473,1,184
21561,718,10,276
17254,162,6,48
35512,869,10,340
36024,889,3,359
24996,416,11,124
29618,555,11,189
12859,160,5,37
24580,980,6,425
6423,259,4,83
38857,311,10,34
7608,836,10,358
43485,101,12,91
5876,579,6,255
22038,884,7,386
29006,889,2,383
36775,190,7,3
31810,793,7,310
15325,996,2,475
36892,599,3,213
2753,545,3,269
30531,561,1,197
18996,129,1,16
4275,231,10,79
9747,795,11,344
46211,457,6,101
1824,341,9,155
14880,919,9,408
44809,733,11,239
2081,103,1,65
12517,975,12,428
22683,395,7,136
17876,72,6,42
38532,886,4,355
9266,515,11,216
12183,275,3,113
22066,605,9,258
13877,239,10,45
10982,674,5,299
9968,119,8,17
27598,148,4,3
15639,937,4,420
5674,238,6,89
5316,496,6,229
49082,802,3,299
10695,477,2,210
49582,41,11,118
32094,709,9,277
23187,579,2,238
42147,648,9,200
2214,348,12,146
24940,907,11,363
45406,710,8,253
26685,499,11,168
44481,804,10,303
16977,893,7,389
45839,358,12,59
36904,891,5,377
26538,878,3,376
40386,198,2,2
39033,440,11,105
8965,501,8,205
10597,68,2,1
42476,846,8,321
28740,925,5,389
7569,786,9,329
38981,49,4,67
12881,104,8,11
37996,808,11,292
33177,521,7,177
38177,565,12,171
1590,348,8,139
27119,629,5,251
28915,453,2,191
3708,607,7,277
39749,706,3,260
45989,872,10,297
23106,268,10,47
18131,871,10,373
47553,153,12,59
7553,709,11,309
18881,384,10,115
2379,759,2,370
26255,594,3,228
41128,799,4,289
4770,444,10,157
20726,434,11,157
48217,789,7,295
10088,675,10,297
35314,531,12,159
39976,404,1,124
17350,407,6,138
42643,834,6,322
35063,468,8,151
16861,583,2,238
14973,322,2,120
18769,118,1,15
48249,992,3,402
18326,325,7,94
37048,576,8,192
47365,61,7,87
3786,487,9,206
36001,459,8,120
2620,346,8,139
37303,588,11,193
20589,52,2,21
3882,431,1,198
25524,645,6,236
10745,831,7,377
37665,133,6,22
16861,527,7,201
27171,75,8,32
27199,575,2,233
3837,743,1,361
9599,371,10,132
16911,348,8,106
21553,565,8,214
40489,289,8,39
24813,215,10,22
39255,432,7,132
48889,656,2,223
30520,98,4,40
30541,786,9,297
1236,676,8,312
28350,102,4,25
45397,761,8,278
12549,156,10,19
28453,558,6,204
36191,708,11,248
13906,738,9,318
15988,952,1,427
28723,943,6,401
34800,325,11,71
40107,330,4,88
28430,407,3,159
33535,744,5,288
3940,885,10,412
22793,934,11,401
13262,568,8,236
45420,525,11,132
38710,407,10,97
7961,312,6,121
27499,198,1,29
41498,691,6,236
32283,448,7,137
1633,899,6,438
7822,543,3,252
26968,700,11,263
40255,331,9,51
48899,99,10,82
20830,33,10,49
6738,73,4,7
4098,466,5,193
30888,785,5,313
9097,84,3,9
14136,391,12,135
39244,522,2,178
9253,589,8,269
26208,115,7,17
5887,552,5,277
45411,279,1,61
10492,604,10,248
36421,267,1,68
2454,146,8,64
18522,518,4,209
39575,65,4,43
4192,287,9,98
46580,659,2,226
16775,561,5,214
11402,113,6,12
14074,755,6,312
16245,335,10,115
37527,631,12,210
26936,90,3,21
28002,612,10,221
16683,468,6,181
13460,929,10,408
31482,386,10,102
17447,831,5,375
49228,639,12,192
18729,633,8,264
21545,429,4,169
29204,110,10,34
10814,528,10,220
14890,896,3,414
2740,547,6,236
31121,129,10,33
12218,794,9,337
7055,691,8,296
23705,784,10,298
35722,108,8,41
43000,626,3,215
7439,291,1,133
31921,266,3,69
34729,380,3,126
24211,397,12,124
31614,225,6,37
18601,364,3,134
28796,849,2,372
7007,817,12,368
21514,779,9,340
18776,474,6,188
3076,927,5,442
26350,86,12,46
39964,577,3,203
17292,998,7,446
32510,62,7,55
29000,248,4,42
44083,970,10,370
31383,832,2,349
12785,463,2,213
41910,253,12,2
40028,218,8,6
25855,516,4,200
25281,867,7,374
49302,51,3,86
5841,283,9,114
32668,132,10,35
27918,992,9,395
47152,849,7,298
18443,478,7,181
33250,295,1,72
2922,165,10,54
32976,376,8,111
12991,25,2,21
39869,359,8,82
23733,513,11,190
3473,127,2,68
9108,944,1,454
29715,791,11,293
49218,90,8,76
43811,958,4,381
33210,359,11,81
49978,693,10,226
38317,119,6,31
34362,346,10,62
5889,52,11,34
25021,162,10,9
9212,263,1,102
32971,755,9,269
4201,745,11,342
41622,651,7,194
40531,699,5,274
44421,880,6,336
25346,236,3,93
38958,920,9,348
14715,993,2,473
6681,453,12,188
37446,886,10,324
47870,853,1,330
17720,748,1,329
2667,73,10,6
29152,739,2,315
9204,961,6,435
38890,611,6,208
25537,926,9,383
12217,911,10,407
49351,964,4,373
34741,170,8,3
21654,74,4,26
2408,536,3,254
43903,467,4,127
19672,54,1,12
42506,880,9,310
48117,138,11,60
2218,216,5,85
37145,585,7,191
44732,790,3,305
31105,793,5,323
5098,874,10,391
8619,897,4,435
12939,843,7,370
19226,533,5,227
26322,613,2,263
17878,881,3,407
7560,441,8,177
39278,971,3,371
37212,536,7,185
30299,705,5,276
8543,158,7,31
24946,724,10,277
32740,669,9,249
46197,828,7,294
8253,647,6,294
14775,63,12,33
33813,877,1,377
28632,820,4,330
49365,238,8,7
3057,587,1,287
34431,773,6,296
38436,927,2,380
19413,277,9,70
31225,532,8,172
39485,980,9,381
3696,396,9,172
46968,912,2,373
17101,308,2,106
9831,489,9,203
20047,991,2,438
6004,122,4,52
23705,823,2,367
46924,168,1,12
22509,103,12,31
38170,951,11,357
44555,45,10,107
15662,194,7,45
39680,754,12,254
1394,660,11,313
48403,441,5,112
37365,673,3,245
11524,365,8,135
34097,321,5,63
27673,317,1,110
18156,154,9,5
2645,74,5,22
30049,75,3,37
10815,393,6,166
2848,607,8,272
35329,850,2,340
34541,939,11,360
8311,358,3,152
22563,476,7,164
16203,374,2,142
10290,151,11,25
35818,512,11,149
18131,573,12,205
31143,883,5,346
25509,129,9,19
23244,601,7,245
37741,815,3,319
27898,145,2,8
35383,879,10,345
48318,315,9,47
21138,198,9,25
44262,944,9,356
6506,829,10,371
21605,905,3,402
14054,216,1,82
29231,792,9,318
14861,120,7,6
12587,956,2,440
14515,592,6,253
22675,202,11,10
39622,943,9,365
17600,828,8,347
28892,898,11,362
18743,28,12,61
4774,432,6,185
22801,737,6,306
38695,953,8,387
29853,849,9,325
5429,585,8,259
5606,711,1,361
5478,123,2,49
49844,145,6,61
19280,565,8,208
41134,696,4,251
5427,964,12,427
47244,829,4,294
6361,289,2,125
26475,485,10,149
1641,820,1,412
22730,137,10,4
22113,885,9,371
21011,111,7,15
43853,631,9,188
20659,504,2,206
37818,106,10,44
38321,253,5,13
22309,932,2,417
19688,143,10,12
29176,222,7,26
4343,51,9,44
3056,376,3,172
20192,482,1,197
24476,983,4,423
10416,570,4,243
40994,113,11,47
1886,541,6,234
9584,746,5,340
28766,427,12,119
19830,119,5,16
21289,263,9,65
12530,77,11,34
4591,984,1,468
29342,376,8,101
22395,510,8,211
17738,339,11,108
3631,38,8,17
18905,376,12,118
20056,136,3,12
45138,155,10,51
24546,858,8,342
36447,315,2,97
38190,544,8,175
27014,120,12,22
8463,399,8,164
43381,174,3,8
2780,613,4,286
27107,619,9,222
32587,124,9,22
43192,661,10,217
40339,803,9,293
25968,545,10,190
34593,147,6,8
44923,420,1,123
24660,591,8,224
3395,985,9,473
37913,758,8,292
32848,548,1,207
16779,576,12,218
6492,569,6,242
30722,143,9,1
8111,379,9,142
46855,83,7,87
10984,908,7,408
33016,784,4,321
28640,793,7,322
7792,975,10,424
27924,643,5,239
33577,121,11,33
8711,580,10,250
21012,296,5,87
35333,246,1,45
37435,42,2,74
40227,863,9,326
5096,716,2,357
2019,83,10,10
25312,176,11,9
10476,814,12,377
9254,409,2,183
33419,168,9,19
12584,858,3,387
6965,382,2,174
12464,700,7,308
13439,483,12,184
38489,664,9,233
42176,418,11,84
33963,424,6,113
29440,845,12,320
4273,151,7,53
16330,216,3,75
22494,666,11,240
11886,54,3,7
4212,439,8,194
36523,396,7,103
18905,418,5,170
23058,239,6,67
2080,917,9,433
33675,907,3,368
23007,716,12,279
49269,536,3,153
18105,602,11,230
31279,361,6,114
47815,772,11,242
18946,882,8,391
1639,435,5,205
13502,475,1,212
38958,316,3,63
29363,957,8,402
4736,350,4,162
17473,724,9,292
35019,699,6,264
43062,358,10,57
22087,767,4,303
29489,825,4,346
37820,317,10,48
20325,779,5,346
1271,696,7,330
19414,331,12,88
25220,602,7,215
45466,762,10,276
49657,74,7,87
43425,713,5,266
10387,553,12,223
12279,814,9,361
28584,124,2,6
45783,194,8,20
40809,313,10,55
42476,899,8,373
11857,570,3,257
43261,930,5,372
9052,394,8,159
17995,469,10,177
14580,464,9,171
19240,79,7,26
18910,411,4,169
11216,831,4,369
39997,830,3,319
47111,409,11,82
25911,231,8,41
35866,686,6,244
16438,704,10,294
8865,554,6,234
17557,259,10,62
13211,507,10,189
34268,740,9,269
4646,141,11,34
43816,272,3,38
24924,160,4,10
45112,471,3,129
10910,871,3,398
2778,893,1,440
46752,851,10,287
20441,172,6,24
6190,912,9,400
16304,745,5,337
40765,327,12,49
28289,579,12,199
45788,336,12,32
5747,548,10,240
10286,315,2,139
1045,862,10,389
30742,364,4,110
8758,600,12,241
24437,616,6,249
20585,301,7,81
34223,227,12,1
10854,971,7,430
18349,571,4,247
31692,115,10,24
22348,471,10,162
35296,781,5,293
36744,392,4,119
20455,667,12,267
14288,92,10,8
7387,832,6,381
36289,804,11,295
40293,700,7,257
34894,352,2,108
24016,412,10,129
47116,729,12,242
41484,878,3,358
31215,125,11,38
17102,120,8,8
4404,378,7,164
38260,766,12,274
36111,811,1,327
1106,348,4,159
16195,908,5,412
47009,637,3,217
28153,414,4,141
30605,54,10,79
46343,176,10,35
38569,923,10,363
6580,292,7,128
6400,986,8,447
40643,415,12,91
31649,771,9,292
31496,226,2,36
21637,776,4,340
42424,624,1,232
40015,640,3,230
7177,325,8,101
8269,645,7,292
15974,555,8,227
15037,824,11,341
19756,481,6,177
17167,271,5,91
24218,286,12,74
26167,886,12,357
44148,228,10,22
7617,974,9,449
22534,586,5,225
26459,558,9,210
21542,854,4,364
1303,522,12,214
30756,975,5,411
13683,533,1,224
33695,599,6,215
12025,933,3,414
21890,167,11,8
19715,850,10,359
5561,993,2,476
33847,859,6,356
37531,661,1,250
28407,102,12,34
22580,61,9,51
11169,175,5,41
18116,688,7,294
37744,472,11,132
23043,638,10,233
3124,303,9,99
40420,207,9,4
39051,636,7,211
8176,643,4,286
26774,493,4,173
19676,526,7,226
46177,152,8,31
25760,290,7,58
46087,641,11,203
1997,92,10,14
44769,947,4,352
38432,455,4,144
14117,877,8,385
12231,312,12,91
30751,674,9,237
8440,956,7,434
20911,791,12,323
44986,776,3,289
16608,456,12,161
30665,871,10,335
28157,686,1,284
29779,680,5,263
30968,79,6,36
28387,617,11,199
5090,723,9,333
25945,346,5,85
41239,962,1,397
4743,201,11,49
31924,818,11,311
11196,804,4,380
27279,786,2,337
40776,453,4,122
4324,538,7,250
42400,657,9,243
20641,102,12,8
28482,47,3,43
33994,285,3,75
15863,302,11,86
49795,416,4,91
38486,981,7,386
39440,782,6,290
25111,719,5,274
49030,402,4,75
4199,830,12,380
39038,600,8,192
46518,338,12,34
8897,857,4,410
42432,630,3,227
15892,212,7,69
9271,246,2,104
38926,470,4,139
25815,201,8,14
46612,951,4,348
34357,346,10,66
10552,624,12,251
17267,674,7,263
19268,222,2,51
49927,421,11,83
15263,663,5,287
6399,491,12,190
30811,798,4,339
30006,665,9,242
42271,909,7,345
2076,198,9,61
8235,717,11,300
24221,975,10,412
17417,37,7,42
33539,482,2,172
35609,854,12,310
38249,932,2,381
34902,628,2,229
24645,565,5,236
22682,945,1,437
46907,422,7,93
24401,412,2,164
8771,955,4,438
42335,319,9,38
9915,370,8,137
14898,206,10,46
2913,366,2,175
38065,642,4,224
28068,428,4,140
2942,778,2,386
21388,90,2,8
18715,840,5,353
1337,963,11,440
48024,346,4,69
24450,231,8,45
11057,328,4,134
28713,127,8,14
9983,196,5,75
20995,446,1,177
37468,759,9,293
27092,550,8,189
13145,853,1,400
39886,437,12,90
24489,267,3,85
32036,228,3,42
30613,235,5,40
29484,732,7,298
3673,457,1,213
35890,788,1,331
12977,637,10,258
24466,330,6,83
42018,802,5,296
28009,402,12,113
4688,290,12,88
4748,140,3,28
40110,426,3,121
14665,264,4,97
37898,85,11,67
21641,961,10,419
33500,247,2,39
36797,901,9,347
20230,156,12,7
46950,213,4,5
26046,725,10,285
37803,677,3,256
48895,676,10,210
36667,508,11,130
10638,603,7,270
21827,373,9,108
22173,949,12,401
14222,984,2,440
38010,723,6,277
19095,575,5,243
2439,176,1,72
39381,977,11,377
21014,495,7,176
6375,35,1,10
24487,97,10,32
42645,71,9,87
26702,533,4,221
21600,523,8,191
3466,763,1,374
41592,80,5,73
46097,151,3,4
45398,401,4,105
47971,583,12,173
7928,828,4,384
23480,711,8,282
10111,562,10,230
41888,429,10,93
30489,174,3,6
44832,652,1,230
10404,70,5,13
34639,114,2,13
13582,707,11,286
1863,542,6,247
48651,923,4,359
45913,543,9,142
28684,374,7,103
4055,64,2,8
13186,821,7,359
3682,224,10,82
46650,750,8,243
39046,859,3,336
47573,450,3,116
22832,275,11,50
17997,267,2,94
35640,552,12,163
12346,60,1,3
41491,478,3,154
47639,809,10,293
49714,296,12,33
8189,943,11,418
46520,214,7,0
45333,90,11,74
22770,289,9,80
40710,354,9,84
48498,604,6,176
45151,327,6,35
1244,446,11,205
33788,218,5,23
30805,95,2,8
14917,806,7,344
47489,814,1,295
6767,677,6,299
29390,544,4,210
11247,894,3,423
4515,660,11,292
35678,249,1,43
23266,104,6,10
11750,181,7,39
30583,416,11,114
9076,896,1,428
19006,390,11,123
16051,582,1,256
5314,234,7,101
29670,20,11,73
36221,396,12,73
3015,431,6,187
11236,654,7,266
36568,819,8,321
42791,219,8,0
45652,202,9,15
27367,429,9,143
17352,417,7,170
46650,235,9,7
11346,771,6,334
26156,368,9,109
15035,599,11,240
17108,850,2,385
3853,613,11,264
19620,673,2,294
5176,942,6,447
35923,60,3,55
26920,770,2,309
7829,22,8,23
35654,113,7,21
40239,78,8,59
26130,759,6,310
46357,426,9,112
9391,37,9,28
20324,513,2,204
47118,770,10,271
41667,891,5,350
1306,527,9,227
36843,605,3,220
31543,907,5,374
8244,351,8,136
7611,188,2,72
23706,795,6,316
20076,691,11,267
47902,868,4,347
34043,700,12,244
6271,960,12,414
8331,225,6,77
12553,888,3,428
32340,540,6,198
12573,524,7,217
22409,365,10,116
21434,323,3,93
25464,134,5,12
43840,683,12,218
49785,106,8,71
21662,114,2,8
19228,762,7,322
8386,447,1,192
7862,717,7,324
41108,469,1,151
27252,645,4,260
10487,805,4,387
48829,995,12,354
41403,560,5,175
15604,734,2,330
18427,21,12,58
28201,97,11,29
4042,343,12,133
11386,762,6,341
12692,117,6,12
16225,648,8,263
17693,129,10,8
7661,698,12,306
44021,476,1,148
19261,507,4,206
28378,828,12,314
22219,986,2,457
12937,390,11,130
1794,356,8,150
48366,909,12,328
7786,618,4,278
37782,990,8,390
41160,41,2,49
46313,741,4,246
39121,324,12,48
37175,943,9,366
28032,291,5,70
27427,509,6,180
18358,855,10,366
30790,465,12,134
21621,951,9,405
49821,297,9,19
29365,670,7,240
14189,872,11,378
12213,396,2,177
8248,251,7,88
5369,764,9,352
9050,611,2,293
29605,445,7,150
39183,74,12,63
16398,988,7,453
41883,822,3,304
34055,460,6,133
4195,53,8,6
26451,348,10,102
8450,864,8,410
3925,473,3,222
15515,407,6,148
6310,783,2,374
32817,449,2,143
28408,495,8,171
45528,144,11,49
48664,542,10,138
20280,501,5,208
18105,336,5,115
19547,141,11,3
11774,566,4,250
16457,600,11,221
43311,332,10,42
4980,506,4,247
21886,670,8,271
12576,31,3,12
32891,144,11,26
37181,830,3,342
34262,678,8,257
1947,96,3,37
1022,599,12,261
2128,737,2,366
14986,255,11,74
33322,590,5,229
49929,789,11,258
17160,273,3,97
10808,923,6,428
30612,425,11,110
22725,262,7,90
7998,480,3,210
40950,296,9,25
24418,488,10,186
19040,239,1,98
21557,244,7,72
22825,944,4,426
9998,120,7,9
37080,873,9,338
47097,653,9,185
16802,749,1,342
12167,526,10,212
36092,606,12,182
43407,350,4,102
14338,256,7,77
11753,358,10,120
6984,771,6,342
19895,525,9,187
48910,184,7,29
44831,865,3,321
1362,688,7,307
4454,742,10,326
22004,952,5,427
37023,808,2,322
18601,747,10,298
6349,237,3,100
40963,764,6,275
11047,395,6,158
8750,31,7,17
30393,451,6,145
23463,102,9,9
10399,450,5,187
14686,644,5,285
41803,497,8,135
35275,802,8,318
23787,726,1,293
15776,388,3,164
30527,672,6,248
40351,974,6,390
37695,988,1,410
16797,655,2,281
37999,160,10,24
6302,739,7,338
39059,646,1,244
1908,737,10,354
16123,475,5,182
13877,521,1,229
15239,422,6,166
22435,972,7,421
28313,307,8,77
36354,374,12,99
43103,362,3,90
49408,168,3,24
18715,229,11,52
24235,131,1,14
27129,673,12,238
11534,995,3,471
35574,555,5,206
44060,68,6,73
18189,819,3,360
21531,350,4,103
11967,384,5,158
17455,30,5,35
1027,207,9,62
9660,528,8,229
26339,599,1,238
40823,464,2,139
10616,109,12,9
11440,641,5,288
37600,920,12,358
49738,695,3,242
14107,467,7,184
29646,737,11,290
47545,51,6,93
27251,346,2,104
16954,93,8,1
17943,270,5,75
41725,469,6,145
46434,925,8,353
21215,374,6,126
11110,552,10,223
41112,315,3,53
22555,317,7,86
17462,347,4,124
14696,321,6,120
2031,531,6,248
24765,357,11,106
48858,604,5,194
16816,393,1,143
18868,572,8,225
11437,113,10,2
16453,151,2,41
23222,630,4,266
15258,929,12,397
35318,929,3,383
13977,72,6,22
38450,515,11,152
48207,248,1,29
19213,659,9,272
37519,231,5,23
46682,816,5,289
11223,810,4,360
49166,523,4,134
40369,514,1,186
21843,872,9,362
4856,690,9,304
13661,883,4,417
16591,252,10,53
7182,90,10,24
8970,736,4,340
48922,208,12,13
35862,682,7,218
31755,27,4,61
45863,351,1,71
20416,631,11,241
14672,35,9,32
18932,685,2,288
47996,688,5,233
9559,112,4,37
1064,281,8,121
4299,568,6,267
5849,180,7,58
6639,370,2,169
12055,193,4,62
23058,336,4,105
30427,956,12,354
17980,37,2,24
11866,505,10,207
4889,386,4,149
49226,370,9,45
32335,547,8,179
27162,891,11,357
24913,454,1,170
25687,952,8,424
34220,289,11,59
11995,890,9,385
3631,87,8,2
35954,49,10,59
6967,335,1,159
23758,840,8,355
22742,756,12,306
38116,183,5,3
27580,945,9,383
35227,339,9,82
2942,33,6,7
48664,298,3,54
29069,451,12,136
22806,687,7,261
15407,653,3,286
49390,282,7,2
15557,701,8,287
17445,541,5,227
18878,983,5,437
18564,191,4,52
14093,377,3,162
36556,32,12,90
27451,744,8,285
44168,692,11,230
25086,251,6,60
17489,495,6,200
29004,490,2,167
21471,179,4,36
27284,658,5,263
37693,579,11,184
19292,280,10,68
19433,592,5,241
15568,653,3,277
46424,621,10,191
10466,378,5,135
26521,274,5,76
37672,621,2,228
16467,534,5,214
33019,299,3,75
11419,136,3,36
17676,629,5,273
30255,181,9,4
32514,871,2,363
44182,906,9,337
23650,317,3,121
23754,935,12,378
13165,316,7,104
11683,613,12,275
33556,377,1,112
16442,679,1,306
5860,537,8,249
4729,397,9,172
32351,716,3,297
48168,445,6,117
25346,783,3,326
9619,556,6,235
12164,572,7,235
39878,188,5,2
7955,534,3,216
1106,383,8,190
5754,702,5,335
45293,449,1,128
22662,588,12,219
7408,102,9,12
41403,349,3,82
2225,710,2,348
13196,152,3,54
5250,617,7,269
16372,476,12,161
18279,372,11,101
45865,802,12,292
31193,363,10,81
45823,113,8,51
27868,401,2,140
39187,887,7,351
49481,781,11,268
29475,314,5,77
45552,217,9,26
3433,98,7,1
11998,697,1,311
45343,570,1,202
32133,839,6,339
35069,233,9,20
7858,662,1,307
9950,688,3,308
9938,913,5,426
26168,178,4,12
33099,853,1,334
6644,758,10,332
44846,576,4,192
10260,220,4,67
48458,41,11,121
37075,358,12,62
17488,261,10,66
1395,760,4,351
11845,925,3,439
37059,257,7,34
19394,168,1,23
29457,804,2,337
46906,598,1,202
38305,26,4,78
43628,252,5,33
22352,888,11,378
22146,823,10,343
18435,787,5,343
40386,598,2,200
38491,781,11,278
20968,96,3,18
48605,508,4,139
9539,945,10,415
2263,106,6,24
14305,783,6,329
25398,986,12,406
44702,241,2,24
33080,432,2,154
11265,603,9,243
33152,221,12,13
28724,948,2,403
31624,590,2,224
35119,295,3,80
40958,240,9,10
30389,176,6,14
17650,200,11,46
27014,744,12,279
11885,148,6,15
8434,262,12,88
31028,949,10,409
2022,191,5,56
25331,522,7,205
3037,499,11,193
9756,896,4,403
47326,289,10,19
18443,440,10,160
35192,182,3,0
5123,974,7,454
17603,43,10,62
1405,516,1,247
43597,212,6,17
19702,897,11,368
43719,409,11,71
27250,516,11,167
42751,983,2,401
22442,825,2,366
18693,148,11,13
25005,572,8,213
45793,562,3,190
38697,55,9,73
29988,476,4,164
33333,380,6,100
30992,784,1,313
10522,969,11,428
46406,896,10,320
42470,234,10,4
44532,306,3,55
13121,787,4,354
15219,944,5,406
2617,388,1,182
44016,488,4,156
25276,918,5,391
35351,205,4,28
7704,493,10,208
41756,80,10,74
18959,281,7,77
29522,807,8,317
10953,130,12,14
27567,848,8,360
23560,961,3,426
3613,160,5,58
37660,764,10,278
46104,554,8,159
40501,98,7,49
38199,513,9,144
25496,50,10,63
18765,535,7,201
26721,528,2,190
4515,990,4,469
5454,649,12,277
41537,85,12,76
23873,529,8,186
9384,931,9,419
14727,390,7,163
4534,306,5,135
34523,195,1,11
32889,142,9,3
26465,250,12,33
31593,574,6,200
22330,23,2,38
9302,721,11,316
13907,835,10,370
25430,431,10,133
42752,269,2,46
48153,675,10,196
8181,506,1,229
47213,364,12,56
13875,913,4,414
28219,352,10,96
37182,472,11,130
16005,177,2,68
43269,596,10,185
15245,856,11,359
7457,289,9,104
7749,606,2,273
34064,437,11,105
10821,459,9,174
33761,48,1,66
39051,997,7,389
14119,354,6,130
8664,257,6,95
30281,172,2,24
41279,625,1,234
32821,768,10,285
39233,853,8,328
25647,134,8,5
46325,827,2,307
5382,750,4,358
17449,777,4,357
18263,418,2,155
25643,51,11,70
10408,551,9,239
24606,72,12,44
28603,737,4,307
47458,750,4,275
6069,214,4,104
20623,324,5,110
45440,726,10,246
17891,992,12,408
8704,364,12,127
29290,101,8,27
28460,20,4,61
18509,186,3,60
18269,336,11,98
8975,202,1,87
45837,984,2,393
7565,917,4,427
23467,881,9,372
5870,292,1,129
19909,688,6,293
10117,392,6,168
2938,381,10,145
29390,919,3,381
45322,220,10,13
37000,211,9,3
21128,360,10,123
32781,318,3,76
4465,525,1,236
1440,607,2,289
6413,159,4,56
12663,325,4,139
39523,215,2,17
38780,80,10,73
20547,988,6,424
17126,379,6,140
40520,326,3,79
1005,499,1,252
38544,352,10,78
8038,885,9,395
7414,102,4,25
23123,353,9,99
4970,536,5,242
12050,750,7,334
3606,943,3,464
17482,785,3,335
34293,493,8,152
7337,413,1,177
34948,619,8,211
25451,740,8,299
27265,711,3,296
26714,739,1,321
21875,804,9,319
14057,596,4,244
33400,399,7,115
6922,40,9,27
4071,969,3,471
23025,898,5,403
28503,196,10,17
24765,382,11,101
36560,41,3,72
47612,856,5,318
33782,979,11,396
19799,567,2,249
36453,269,4,53
28476,680,12,250
17212,971,2,448
10428,92,3,28
32419,110,5,28
9159,195,9,51
25310,145,3,16
37868,223,10,6
40142,933,6,363
7004,265,4,101
39289,630,4,212
12412,290,11,74
12755,63,10,29
20017,753,10,308
4890,960,5,462
29840,628,11,213
18175,567,7,238
10191,187,11,39
1151,454,4,222
20447,49,8,50
23751,813,12,315
30175,616,9,220
25288,376,9,81
47629,510,9,140
48800,652,2,218
38367,818,3,318
13274,267,5,90
13218,715,12,298
24792,272,1,82
3977,976,4,450
18226,804,11,332
30022,740,5,288
4793,885,9,422
2659,401,8,173
38930,555,1,174
44473,653,12,207
17040,756,3,340
5270,919,3,423
14286,924,11,407
4603,917,6,439
47540,438,4,105
18600,142,4,2
3291,313,1,138
14123,704,12,287
4811,162,10,28
14347,957,12,416
32276,918,11,366
47619,530,4,143
16513,946,1,424
6142,967,5,460
24246,700,3,282
26507,76,10,58
27714,61,5,38
13194,840,3,383
8526,650,5,305
20362,140,4,17
47281,843,9,306
45852,782,6,283
47117,362,12,64
48836,351,10,35
5595,475,2,209
31394,456,1,149
16402,360,1,144
28140,360,1,124
23595,435,9,140
43723,868,5,328
47764,201,4,22
25911,696,10,264
26752,283,5,72
20405,229,9,39
25220,542,3,230
34953,201,3,7
37053,463,12,114
4447,270,2,115
11662,157,8,25
5899,237,7,76
29582,770,2,293
49828,473,4,128
2935,902,7,413
43213,868,1,340
43042,106,1,28
11335,829,8,356
18669,312,6,97
9545,111,2,26
41247,227,10,2
39023,223,10,1
19269,205,1,52
38830,104,3,31
8066,846,12,371
11712,683,4,295
16991,175,5,48
36790,312,11,38
22649,552,10,200
35315,180,3,1
31806,405,5,118
13210,504,12,193
37972,522,7,168
41358,870,11,326
35136,175,9,1
45297,162,5,26
16945,788,4,346
30665,638,10,221
43477,303,11,34
14644,581,9,228
5917,54,8,21
20868,243,5,45
12877,687,9,299
14224,412,11,131
4052,427,9,174
28272,722,1,298
42150,407,12,86
31668,715,6,263
18316,768,11,311
8240,316,5,138
32559,342,6,104
4238,835,10,377
44175,873,3,333
1565,507,3,247
22762,589,10,221
6558,58,5,11
17375,524,7,208
26710,522,4,190
12103,772,6,348
16174,556,5,218
42490,335,2,72
22793,515,11,177
28597,136,12,40
9753,361,1,171
39397,901,6,346
7318,259,5,114
34069,706,9,255
21151,464,12,152
41274,871,7,327
9701,759,1,373
7962,506,10,203
39197,784,6,282
49634,430,11,87
31041,911,7,378
8248,642,3,299
20829,772,9,307
3203,755,11,345
26370,317,11,75
36247,71,2,53
11386,752,1,357
1434,323,10,117
43998,307,10,40
35474,683,12,234
25644,918,9,371
39493,137,7,41
19288,942,10,405
4959,988,11,459
48289,443,1,106
12143,810,4,370
40593,666,10,216
40115,228,3,17
46609,146,11,47
23540,312,7,100
36481,538,5,174
30969,241,9,45
12561,96,11,1
23578,357,3,115
13787,882,11,376
7512,809,6,367
11596,865,10,383
32746,869,2,350
20930,758,3,336
48950,932,4,375
31201,294,6,83
19687,882,11,367
36989,826,1,336
31183,136,6,20
21758,311,4,93
2082,290,8,117
42405,466,9,135
31832,176,8,6
46891,591,8,182
46810,203,2,14
47901,443,10,97
18976,675,2,283
39376,692,6,247
6526,620,5,283
32086,35,6,60
22563,945,9,395
7472,780,12,349
3775,117,10,21
16828,981,7,435
45776,635,5,209
18974,319,10,100
23388,766,7,319
16055,441,8,161
19615,326,11,89
38886,975,12,361
23838,293,1,98
41728,280,10,38
13464,258,11,74
41364,955,11,372
8240,793,7,343
5942,351,4,144
20622,134,5,7
14536,287,2,104
2600,31,10,19
6700,92,5,31
39839,893,9,344
11248,425,1,211
46291,836,3,309
18093,197,4,49
20355,995,9,429
18177,791,2,360
20483,965,7,422
44815,278,9,16
39533,419,12,90
1026,289,10,123
40461,851,4,340
22706,651,5,258
25660,700,12,265
40377,505,12,118
43082,599,12,187
17258,78,10,24
39077,661,4,244
33779,906,12,352
25154,285,7,81
30684,94,8,20
16389,109,8,8
27324,524,3,183
28685,376,2,129
28195,173,6,9
22797,919,12,380
47439,237,1,22
6774,505,12,209
32633,559,9,180
1796,149,7,47
41047,85,8,57
29389,163,7,6
8188,399,5,154
24696,332,5,90
3024,426,7,187
8666,426,7,183
36985,992,2,425
7584,296,2,132
26462,634,7,247
28044,428,5,134
6285,333,2,167
8370,568,1,265
18903,268,9,74
33499,964,11,389
33368,480,8,144
23995,418,2,162
40624,687,2,258
36200,470,3,145
23841,490,4,188
5866,663,9,280
14566,578,12,232
38822,453,6,159
42876,975,3,388
29552,465,8,146
35549,726,6,264
25914,122,8,19
44830,347,10,39
45542,702,12,221
23333,620,2,247
16958,265,8,66
21954,77,11,33
10638,124,5,30
35147,711,10,258
10675,991,12,417
25054,88,4,12
44034,321,3,59
32661,172,12,16
18184,556,9,212
48963,908,10,325
26822,54,7,44
11929,976,7,454
6267,34,6,4
37025,125,9,46
13069,749,3,335
1981,915,1,448
44436,93,7,81
19472,875,9,347
20336,950,6,426
26587,304,10,55
12656,569,2,265
28326,216,8,32
19510,299,9,82
41831,806,10,281
19975,705,8,301
10665,836,9,369
28097,575,1,227
26741,988,3,446
7437,685,3,314
26185,172,9,8
11375,310,3,118
28107,951,10,394
31484,161,1,18
36629,787,3,288
46610,331,2,74
26835,665,9,254
30743,51,1,34
31917,45,11,76
39995,930,2,376
12424,274,1,97
10643,964,9,439
11310,754,7,336
19951,75,1,8
27568,312,10,89
16233,656,12,248
14200,249,6,111
22548,72,5,31
11532,973,10,399
24465,120,11,28
22291,486,5,176
43448,865,4,333
31580,823,3,348
27149,888,8,358
22346,286,7,91
11619,814,5,381
40918,21,12,103
2766,41,9,17
4549,597,12,266
19693,231,7,48
32922,255,10,27
43402,899,2,356
35744,548,7,198
49328,407,7,75
13165,33,4,19
24564,538,12,185
36258,866,12,329
26301,241,8,60
45763,931,4,372
21765,635,7,243
45787,981,4,371
8425,422,8,165
13857,532,3,222
28463,306,2,73
23444,403,10,108
42457,266,6,24
37744,919,7,369
15205,110,7,23
1704,845,6,400
6452,331,11,118
46617,456,8,85
39862,745,12,250
4681,62,6,2
21522,93,6,6
19300,773,3,338
10566,580,12,220
8501,899,2,429
2845,895,7,434
40181,335,6,78
41758,753,1,304
43396,881,2,355
14230,163,2,58
18754,348,1,128
35404,228,3,27
23564,118,5,18
33362,719,4,281
19227,133,12,7
25760,194,2,36
30723,290,8,65
48475,82,9,72
18215,815,8,356
6538,423,7,171
22699,244,10,37
44085,978,2,371
13454,180,6,55
49217,55,11,93
42223,400,4,123
22711,672,5,274
16059,337,9,104
49398,727,9,244
2286,682,4,340
35297,475,8,123
43768,288,11,20
40423,363,5,98
35645,59,9,65
43709,769,2,268
27485,433,4,140
33267,399,3,127
46823,241,7,15
28086,300,2,74
17484,244,3,92
4087,476,9,198
39596,173,8,22
19675,299,2,93
25680,372,6,111
18077,58,3,22
39174,748,12,256
12432,775,6,342
4491,640,5,277
47126,994,10,373
47122,592,4,181
4392,508,12,213
3268,964,7,465
39400,956,11,371
37551,217,10,6
29088,295,7,79
15479,191,4,67
26465,803,3,328
49155,527,4,159
23357,424,2,162
6969,290,4,125
9981,954,4,468
22032,573,12,190
42618,720,5,269
25408,791,1,332
25241,683,2,295
48940,150,8,49
18402,645,8,252
26766,404,8,136
4657,753,5,356
22230,416,8,146
19680,585,9,231
18158,869,4,378
20195,315,4,91
43340,402,7,97
36950,531,5,174
13979,414,11,159
8867,573,10,214
16155,624,1,272
14006,279,8,79
5329,300,4,132
23551,375,8,106
36865,439,2,138
2404,211,12,55
38869,656,12,223
2369,447,4,205
40433,827,2,347
19448,367,5,123
36533,448,10,115
25175,411,10,144
1716,360,8,164
14850,566,11,228
2711,959,7,448
26801,421,11,152
22751,66,5,47
40029,684,11,236
26173,769,7,281
7086,444,5,193
48130,536,7,174
12223,979,4,469
17220,977,4,442
14392,656,10,283
21051,898,4,405
3246,347,11,159
21010,106,8,8
3822,534,1,242
25667,184,10,18
18234,242,5,64
31654,880,12,351
10669,316,10,97
22784,935,2,421
30672,470,10,141
2082,362,4,173
12148,955,5,442
28494,360,8,112
41935,480,2,134
10557,411,2,178
45496,920,2,371
37719,556,8,181
48445,570,12,148
49737,440,3,105
42735,400,5,105
40536,636,2,224
15039,24,6,36
3303,667,10,305
48931,23,6,100
40925,700,2,268
19281,335,4,98
49897,841,11,287
23209,937,2,409
29173,97,10,52
43287,550,4,176
26190,736,11,273
34012,374,7,98
42716,855,5,328
42783,52,10,86
44787,681,4,243
21191,724,10,284
3779,158,10,52
19230,291,3,110
47491,215,6,14
24405,146,2,7
13803,368,4,128
28825,762,12,291
14698,63,8,5
35560,761,2,322
16376,747,9,300
19118,263,2,79
14117,28,8,43
40983,781,8,278
38956,731,7,260
49786,865,10,284
48469,98,6,55
39049,776,1,316
23242,209,2,47
1944,105,7,20
32695,504,11,166
2511,290,4,120
46486,793,9,281
23502,532,3,205
25805,39,4,31
27993,508,3,208
9369,951,7,430
45888,149,2,43
47489,857,10,303
36383,789,12,267
18997,662,12,271
16629,26,2,17
32949,871,2,359
3840,772,12,337
15051,723,4,324
28523,956,8,391
2774,329,8,140
14262,828,8,360
4871,646,8,286
9273,920,7,402
18229,492,6,200
28385,121,12,38
43176,357,7,63
30289,338,5,71
4260,532,8,218
33019,44,2,57
4145,740,5,366
32753,449,7,133
8802,162,9,25
3263,728,10,338
27913,676,1,288
9155,168,11,15
1922,712,9,313
7695,74,3,28
21672,490,1,198
39526,382,7,91
46344,669,3,217
20014,228,8,33
8816,204,11,48
26743,84,2,7
41324,568,4,194
49993,131,12,52
29539,282,2,92
31102,95,11,75
39698,315,4,69
12633,197,12,40
24384,785,1,342
4512,20,10,30
7066,167,5,50
32500,895,3,383
14207,690,9,274
21106,855,4,380
15322,799,6,368
35828,681,9,256
47781,148,2,27
20418,657,7,257
3387,532,3,242
9031,918,1,425
2799,648,9,304
36548,991,9,382
34895,521,12,150
25914,168,11,2
41133,288,4,57
15635,720,9,311
41379,672,7,227
46414,124,4,44
8535,485,12,208
48272,783,2,292
43132,948,5,377
3808,921,8,417
14055,300,10,88
28605,426,10,130
27665,875,6,372
33767,632,12,210
5297,813,12,366
44977,919,11,351
21943,377,5,126
34216,694,4,267
6008,222,11,68
22277,631,6,252
17820,300,11,76
7012,935,3,458
23253,276,2,94
30202,113,1,22
30236,343,9,73
2620,810,1,376
47352,758,11,243
34716,381,4,102
10319,681,6,303
17575,370,9,138
13204,81,4,5
12952,660,7,284
18787,206,7,61
34872,599,6,206
30376,934,9,368
1548,561,11,252
12640,916,10,406
27437,323,7,82
23145,806,3,357
8903,658,6,295
19168,455,7,166
27863,232,12,16
44381,425,7,103
29548,837,6,336
9990,981,3,464
12467,153,6,32
24901,979,2,430
24301,936,10,414
38006,934,1,395
20644,238,8,42
5367,440,3,221
39419,338,8,62
17204,176,3,31
20755,207,2,45
3093,495,12,197
5001,181,8,39
31783,148,3,11
23940,323,8,93
8810,108,2,23
45040,914,4,369
38322,936,9,355
27008,181,1,34
19901,941,2,414
28433,55,2,38
42465,246,9,1
23189,170,10,7
46139,612,5,201
29730,66,11,63
10236,735,4,350
47537,959,10,355
8061,679,10,298
19588,250,4,88
4902,558,7,255
35120,720,3,294
35364,184,9,10
42535,743,5,277
34447,839,11,313
29874,606,9,231
21096,623,1,267
13020,593,10,238
45864,85,12,84
45153,939,8,347
42277,99,2,72
22685,159,8,6
39502,419,4,125
16675,951,2,446
25365,149,2,22
23276,785,6,323
13693,465,3,196
24513,851,11,343
24621,48,10,56
24711,221,3,51
41175,256,9,16
45554,618,5,194
28785,627,7,231
3542,818,12,377
18062,358,5,119
6366,418,2,179
27465,458,11,143
33286,308,11,51
41178,271,8,34
43603,996,9,392
14647,711,11,300
39309,119,2,19
44201,935,2,359
44315,604,4,202
10860,441,8,183
11745,662,5,295
7818,713,5,319
15101,725,7,297
6028,37,12,35
33725,490,4,166
49566,657,12,176
44722,742,9,257
22087,26,4,40
46538,438,8,113
10438,399,3,176
19156,527,6,219
19548,133,1,37
40879,871,7,334
25767,530,11,185
39881,615,7,195
3563,870,2,419
49657,892,5,325
9498,995,4,462
9131,633,10,279
26107,488,9,167
29793,112,12,44
3696,511,2,260
24705,847,3,383
24397,121,1,7
8704,512,10,211
17442,782,5,376
10765,555,3,265
11002,504,12,204
12390,498,4,207
45436,896,4,350
19946,186,6,24
7641,159,10,41
34709,113,7,28
46583,200,7,37
40309,595,11,175
16624,23,8,56
10966,625,3,289
24814,408,5,142
35189,291,12,39
6765,814,10,366
31222,151,6,7
18223,603,12,227
37769,835,6,326
13647,923,12,401
39016,612,8,190
5959,531,5,247
28257,705,5,286
32984,831,1,361
23212,982,1,451
28215,71,6,34
37657,309,10,48
30057,465,10,134
35094,256,5,34
39669,808,11,278
37126,510,10,161
35353,299,6,69
14500,63,9,14
45328,901,8,318
17772,785,7,330
49586,956,7,349
4332,944,6,457
23218,378,6,125
36588,665,1,251
16472,587,12,239
5959,545,7,245
18443,709,5,298
46134,481,7,149
26874,120,6,27
2301,711,8,320
44319,480,3,154
25080,788,8,320
21683,287,7,74
30656,902,1,385
23455,381,3,135
5112,427,10,174
46531,56,4,85
45542,487,9,117
17882,985,12,414
33145,735,6,276
42388,278,7,28
33735,528,5,176
8245,686,3,301
45599,769,5,279
3105,328,12,139
43513,631,7,195
22711,292,9,69
6630,644,12,267
4206,129,9,38
19953,674,12,278
36396,698,8,249
11068,279,5,105
14394,676,7,288
2067,761,4,370
16245,926,10,400
10859,287,5,114
30164,51,12,86
40410,942,4,380
16377,959,3,429
37834,830,11,302
34715,750,1,290
21773,196,5,38
34939,123,12,54
49599,255,2,15
7114,112,6,8
33939,220,5,20
13818,830,11,362
10335,918,2,434
43819,762,8,282
7209,944,5,446
44148,786,2,312
4577,616,1,288
9380,54,2,20
5076,136,1,66
33925,707,10,252
41545,477,10,117
42205,490,3,172
12095,954,3,440
49047,939,12,329
20179,807,10,350
40968,418,1,142
29400,616,7,228
19761,136,10,6
48615,381,7,77
42809,223,9,3
2810,165,5,62
22574,463,4,154
29562,746,5,321
41663,636,8,215
19510,880,8,381
7953,316,12,123
40091,887,4,348
23131,600,12,223
27883,506,8,182
39373,786,4,315
6891,250,4,98
36844,222,11,1
19728,381,8,129
34387,414,2,123
12094,267,4,94
3407,459,1,202
13644,933,1,447
36772,415,11,115
21298,780,8,317
44446,675,4,239
37807,814,6,327
35072,375,5,112
39398,420,10,94
29669,260,6,43
31161,360,4,98
8282,906,4,423
27539,248,7,50
4307,562,1,271
18745,640,9,253
40433,950,10,362
38062,558,3,204
35555,874,4,344
2073,691,9,314
33683,548,5,214
26741,286,12,66
23286,148,4,20
4599,239,12,72
28293,101,6,24
16389,580,1,261
45113,572,10,153
13318,39,1,18
49875,346,5,59
4055,56,5,21
18043,401,11,134
7320,931,9,428
40281,58,1,38
5642,128,3,39
28158,448,3,157
10321,83,4,19
15432,194,12,28
23757,810,7,327
38234,51,7,77
27044,964,10,404
22971,740,5,285
45226,910,9,333
49647,550,7,161
26727,125,2,13
23559,501,12,185
9284,225,3,97
44526,266,11,16
18665,854,7,359
28476,698,5,284
11991,108,7,10
20561,335,9,109
5511,30,9,30
11796,68,3,3
4881,930,8,446
16668,915,6,407
36181,998,4,412
35312,592,4,215
29106,190,4,25
28222,162,7,10
16729,226,6,53
5784,482,2,231
39394,528,5,161
38282,220,5,18
34913,24,6,71
10102,230,7,74
45266,48,12,103
39218,209,11,3
18950,207,8,45
5507,856,12,391
47303,786,10,254
38016,169,8,7
14523,544,11,222
25667,965,5,412
4992,903,2,454
42290,962,10,366
9027,385,8,162
23144,176,6,19
26530,99,3,11
45740,887,4,349
16305,292,12,79
44561,679,1,243
22731,737,3,319
21673,645,4,271
34297,537,2,185
26842,809,12,311
24827,251,6,63
38502,668,8,232
47666,179,12,39
27173,363,6,99
19909,308,10,101
32007,224,3,34
13985,857,9,369
23525,324,4,110
47757,379,6,85
36510,689,4,248
38403,889,4,358
38193,419,11,86
42429,468,2,153
4830,125,10,24
1533,101,2,47
48018,361,2,83
21946,801,2,347
24504,971,8,420
46015,440,10,100
29255,68,4,29
37855,225,4,19
42721,237,10,16
47061,837,10,281
42850,695,11,238
36123,455,3,151
35723,810,5,319
36739,341,4,105
6539,250,7,91
8493,730,10,313
36604,506,7,159
22311,448,6,162
38707,902,7,359
4644,745,12,331
21445,303,7,92
36934,505,8,165
10511,295,11,84
1183,452,1,205
10475,204,3,78
20230,741,12,304
27008,652,3,271
12332,235,5,88
48941,116,10,65
43756,974,7,376
5722,138,10,16
16194,384,6,158
27631,813,4,330
28912,422,6,135
18166,637,7,282
47840,416,4,113
16976,477,11,166
39623,337,8,74
47062,401,5,95
13046,161,3,47
34444,476,2,151
24634,520,1,220
5090,926,4,434
46266,342,2,60
31008,287,12,55
23107,822,3,348
46545,506,1,162
9382,897,6,419
48774,698,4,243
10034,179,5,52
9526,762,8,345
25073,33,11,76
47698,724,4,259
2110,174,6,85
17445,120,3,17
1386,591,8,282
19584,62,3,15
46674,212,7,12
35451,330,7,80
48801,640,3,231
49476,624,3,214
31549,747,10,267
7321,484,10,195
25440,182,12,4
32566,370,11,70
42446,253,8,3
33521,947,11,371
45692,422,3,113
24798,370,2,136
14565,186,5,48
24027,167,11,2
42500,47,7,90
33095,278,8,59
6631,947,1,467
25329,617,12,224
44020,639,2,225
46206,461,7,101
38937,969,9,403
7787,957,3,460
39000,648,8,214
27875,895,10,372
25514,546,3,213
23580,230,4,46
21291,849,2,369
5288,562,9,237
7734,464,5,204
18464,813,5,353
40008,472,4,142
8814,716,5,331
44154,423,12,79
8851,85,1,35
2600,424,10,183
7866,902,10,397
4692,847,12,398
21373,594,6,235
34100,454,11,115
47477,247,4,24
47877,495,12,112
15847,487,4,199
15507,120,12,14
10963,442,5,184
7106,375,1,159
8333,158,4,47
49826,650,10,187
32913,588,3,211
32283,150,5,18
40423,568,10,183
39076,487,5,163
30815,499,8,153
21584,130,1,17
26382,172,3,5
2064,936,5,471
42848,781,11,273
44883,261,3,32
7820,739,6,327
9512,899,10,381
37725,701,3,266
20615,788,6,331
40776,298,8,61
49812,382,4,77
18884,644,8,257
48455,427,7,101
18952,194,11,23
10711,620,11,253
21473,154,4,6
19249,525,3,223
10597,313,5,129
22984,514,5,205
49022,834,7,302
17388,890,11,393
48137,438,1,122
41727,225,9,2
19782,337,2,108
7608,92,9,5
34115,278,9,31
46180,377,3,79
43773,167,7,26
7500,244,3,99
36342,124,8,40
21209,575,8,215
21977,947,3,426
39040,375,5,89
42462,557,7,173
4521,835,1,400
2300,280,3,110
28075,590,1,239
24979,592,2,260
31802,836,7,334
13225,945,7,436
12481,932,3,429
22217,89,6,8
45813,973,6,378
38153,466,2,134
15755,976,9,411
25914,466,8,154
36592,802,2,331
27269,276,12,39
39732,928,4,377
25555,963,9,418
20874,915,4,384
37535,949,7,379
47344,656,5,213
46036,945,10,354
8925,550,6,234
4107,138,1,66
21852,851,4,371
31183,85,5,44
28617,264,6,59
9722,76,6,9
23631,63,5,40
32622,543,3,201
8883,909,11,408
20708,443,2,185
47221,767,7,253
18197,555,1,227
22134,414,12,129
41386,469,12,124
34550,276,5,47
15642,973,4,439
21439,815,7,348
33243,855,2,356
41557,380,11,68
25583,782,8,314
29349,625,9,223
15002,399,12,131
20523,462,10,153
45749,986,1,404
6007,911,5,427
21435,553,4,229
41343,493,5,155
26093,176,9,10
49952,108,12,68
12294,221,3,70
39405,481,1,132
46538,500,11,106
48310,728,3,253
11908,576,4,233
13699,473,2,199
35633,489,1,173
2376,399,1,192
15255,420,8,146
14647,98,4,13
39176,570,12,160
9163,955,2,454
40051,815,10,304
35744,405,3,141
7443,997,8,461
14324,686,6,307
22143,680,8,262
41363,362,10,71
5920,922,5,424
18375,464,3,161
38996,71,6,59
12748,270,10,78
29535,963,8,395
16715,913,5,411
48252,678,5,226
7450,348,3,154
26010,927,3,389
1020,513,12,221
15717,369,8,142
48348,986,11,375
43885,789,1,312
10664,804,4,373
2099,478,9,199
24225,517,6,184
3637,144,6,38
42349,223,10,3
41512,787,11,268
20797,662,11,259
41225,40,7,65
11807,609,11,238
18738,866,7,381
7402,582,6,260
5521,381,9,156
9382,380,8,142
46460,797,12,268
38121,135,8,30
16065,74,2,17
20934,311,7,94
15425,70,12,29
14111,861,1,391
41799,804,10,277
16510,273,8,71
38851,511,3,175
9816,592,11,240
13317,878,9,385
3175,990,5,476
12341,928,7,428
26654,980,7,413
22608,882,9,358
18579,244,2,63
31194,488,4,158
35837,867,12,330
4358,122,8,38
19822,989,5,455
42576,67,11,95
38012,756,5,279
20727,361,3,136
35579,252,5,47
32018,601,7,203
17555,578,4,232
6906,247,8,73
41751,541,11,148
5063,716,6,323
44214,611,6,220
9644,32,6,18
43378,518,4,140
9142,464,3,210
32644,845,10,325
34521,359,6,77
12564,343,6,120
40619,615,2,230
6104,617,10,278
28299,176,9,12
48958,675,4,220
14421,594,4,253
24211,450,10,142
12202,574,12,230
44871,426,11,99
43185,177,12,38
42127,204,12,12
4685,817,8,381
25661,510,3,198
43637,854,10,302
19366,971,7,433
38712,555,7,187
25276,376,2,141
16410,736,3,328
49239,381,12,46
10678,243,4,90
25575,632,2,259
42401,223,9,2
42230,27,10,98
14888,491,11,192
17727,191,6,46
49971,739,1,272
4081,115,1,47
24021,693,8,279
10449,822,11,355
16657,627,6,263
36059,325,10,67
2532,676,12,282
38130,277,7,36
17015,493,6,197
38756,969,2,406
7344,319,3,127
42198,484,8,142
49461,633,4,192
10106,708,8,324
35206,917,3,351
48587,347,2,75
10652,129,7,35
25550,729,1,317
7389,924,11,417
23361,148,3,24
36847,984,2,409
40063,890,5,347
14703,156,2,11
19642,929,10,394
42326,558,5,193
37509,668,3,252
14881,183,9,33
16414,368,10,126
15329,482,9,177
23831,887,8,364
42091,662,5,238
8588,523,10,218
1903,904,11,434
45416,170,7,18
43723,909,2,364
36572,265,3,49
18610,129,12,7
35052,604,11,207
34457,817,2,323
22527,294,10,62
38550,889,11,323
30011,86,1,36
38275,69,3,41
35764,835,4,330
33004,534,12,156
25064,245,9,23
29702,597,12,188
21165,525,2,217
9631,174,9,57
22852,893,1,410
5507,499,9,205
1527,130,6,43
29981,502,8,174
36764,827,3,351
37235,912,8,349
48540,787,11,275
34471,293,9,36
1662,174,7,73
25940,670,4,276
42882,186,6,4
7256,38,6,20
29432,364,2,124
9367,922,2,438
47228,754,11,253
39065,588,5,210
26511,917,1,402
9573,313,5,120
16582,664,10,262
6378,481,3,213
14500,357,3,133
1305,823,8,403
22881,471,11,157
5697,363,3,170
8222,736,3,342
8933,650,1,303
18849,784,8,328
25236,104,10,12
45231,716,10,214
34170,756,6,269
13901,679,11,285
7940,408,8,175
49790,811,3,269
20054,246,11,39
41863,305,6,43
44610,303,12,39
5544,712,2,323
26318,966,3,430
7074,128,4,40
40618,154,9,45
34518,957,12,378
26444,310,4,88
21446,906,7,377
29543,821,12,328
25789,634,8,230
2617,732,5,330
36298,527,2,186
4333,648,11,270
41002,863,8,333
23152,841,5,375
25091,48,5,21
1511,413,7,177
48314,46,6,96
38850,486,3,162
17636,32,7,52
21517,573,12,214
32786,952,1,420
9820,464,4,210
37244,243,4,21
10178,482,6,194
2725,40,6,2
19477,406,10,137
47533,667,8,220
35469,345,12,90
9496,752,1,370
13270,486,7,197
11472,676,4,297
21724,541,6,212
31416,244,10,45
36575,672,9,220
16654,494,3,218
12078,637,8,270
29030,799,3,331
8572,725,6,304
18408,477,2,205
20359,659,9,261
9698,232,2,89
5856,682,12,305
28527,980,5,415
40492,500,6,155
10245,915,4,428
44634,199,12,19
43864,848,7,303
29946,557,7,199
38355,546,12,168
38690,41,7,56
38814,364,11,53
32645,596,7,211
20278,782,10,308
8203,941,11,409
49171,40,10,112
22658,764,9,301
43596,427,2,108
16797,506,5,215
33806,547,10,167
31958,435,9,124
7265,291,12,104
7598,224,11,55
36183,317,11,63
18142,691,2,298
27998,965,3,415
26890,572,7,218
29878,127,9,42
15306,656,3,280
48345,171,10,33
12885,32,8,46
45145,734,11,247
44826,98,8,61
8443,925,12,400
32839,573,4,202
18084,188,11,27
24911,268,6,50
5383,140,11,34
27777,406,12,97
35361,458,8,142
15758,291,12,74
30521,319,9,75
21529,740,2,313
24091,492,1,215
40794,177,5,2
32381,652,10,225
36380,246,3,32
31932,440,11,129
45097,975,6,369
2908,992,12,461
40722,43,11,98
48953,761,1,281
31358,557,12,195
31412,589,11,181
19174,796,4,353
16496,657,6,285
3928,976,2,478
31632,806,11,311
33309,559,11,178
10280,922,8,421
41449,832,4,326
22635,147,2,17
27957,113,1,2
37895,722,8,257
5963,440,10,181
28521,291,1,82
33615,503,7,178
45529,24,7,111
47322,176,6,21
22695,71,8,32
10357,262,10,75
26176,682,1,283
19409,793,12,315
1987,439,1,199
2965,972,1,480
41084,948,6,374
32318,836,7,305
27015,444,10,143
30191,99,9,31
47814,714,10,223
1868,373,5,158
38146,638,1,231
49231,685,9,224
30032,312,5,82
29305,736,6,291
23640,135,9,4
19318,548,2,228
14246,499,3,215
34844,307,7,48
33602,687,3,277
22584,496,2,179
16169,44,7,19
26968,450,8,127
7385,297,9,97
9222,336,2,151
26444,657,2,270
39248,831,11,297
41545,377,7,77
6362,295,4,124
34718,896,5,374
9250,709,1,322
3818,363,6,153
37368,450,10,106
45109,578,8,176
16053,731,11,298
28426,582,1,217
48101,458,2,124
40023,481,7,152
25892,826,2,370
44675,289,9,45
30361,728,6,294
17007,450,12,159
15241,40,12,55
45858,162,5,36
46073,779,7,297
24902,887,10,358
25506,372,8,115
18562,484,9,174
21239,487,6,164
14065,532,5,231
46415,483,7,123
42291,896,2,347
39805,869,8,330
34295,413,12,108
19443,938,4,424
10290,805,1,384
1211,772,3,372
19098,77,9,20
20072,145,4,14
44290,860,10,307
20650,897,10,394
16115,480,11,164
6149,71,3,8
42992,754,4,284
18716,833,3,361
33188,894,3,358
14621,288,2,102
7820,115,6,18
48529,292,10,36
43800,342,6,68
31399,592,10,205
15002,852,4,371
44098,712,8,257
46511,152,6,55
29750,947,12,362
27074,108,8,14
18310,704,6,310
18006,843,9,348
10671,24,3,15
45345,376,3,91
28894,362,2,107
27193,223,10,39
11222,693,6,296
24786,592,7,238
32509,490,7,172
1386,483,5,215
2634,516,6,228
41878,721,7,278
5133,856,11,376
43144,82,2,71
39349,575,10,178
35735,258,12,9
22952,559,7,215
25816,217,1,43
22529,800,6,363
6767,702,8,320
42521,49,1,92
19383,685,1,286
5901,228,6,87
43889,82,5,62
15633,860,3,401
20163,76,10,32
11707,851,10,389
23576,739,7,296
19061,452,7,172
46101,327,7,43
45706,594,6,193
12548,779,4,359
16115,485,9,174
10843,672,12,283
37945,624,9,213
40979,126,7,55
41641,896,7,329
4841,619,8,267
7416,320,11,112
11633,639,5,256
38653,65,11,92
1594,96,9,24
15393,748,6,318
36380,188,7,10
46056,833,12,284
23743,148,7,7
32971,732,9,278
5861,727,7,326
38534,879,3,362
37126,287,6,54
15846,619,6,255
27177,784,11,304
34682,769,12,281
19228,604,7,246
35763,438,6,132
25009,889,4,366
1094,886,6,412
42452,180,3,13
16100,77,1,13
33917,403,1,143
18430,904,5,405
36571,822,11,292
25974,529,8,197
32129,449,3,147
48234,359,2,66
21860,597,8,252
8276,959,9,441
1551,45,9,8
49248,829,2,316
9486,608,12,244
18527,817,8,365
10745,391,2,168
42128,947,7,386
13997,55,8,12
19330,550,1,221
41078,809,8,291
39585,852,3,351
25829,844,1,367
44336,286,7,36
9070,813,10,356
2320,451,3,203
24507,38,8,79
39921,358,9,76
7589,159,2,38
28459,86,1,8
16589,843,8,366
37375,549,10,175
44085,388,6,92
44200,280,10,19
34168,643,1,242
27732,939,3,401
32511,993,9,397
23426,646,9,242
31982,697,6,263
17746,598,3,256
29514,786,8,316
4851,601,6,277
20796,991,1,437
11498,839,6,384
33852,222,5,22
35592,658,8,219
45845,954,2,374
16930,974,12,415
46317,429,7,83
43881,852,6,319
48900,99,1,48
42590,707,12,216
22159,132,8,1
30536,642,6,241
25252,840,3,365
25003,156,5,34
41186,664,7,245
36139,903,9,363
40836,859,4,335
23205,208,12,20
31523,296,2,75
45627,756,3,284
8464,122,7,31
18110,126,8,29
47316,594,5,194
8121,935,3,438
10840,973,1,451
38080,776,10,277
41768,192,1,12
10461,937,11,426
21927,864,2,394
25398,350,5,113
34086,741,3,295
16329,210,7,52
16791,689,2,312
15372,850,2,393
49703,244,3,0
28354,703,12,269
49469,342,1,76
45018,973,2,404
22537,527,5,175
35370,980,3,430
26405,567,11,201
42815,153,10,57
24703,56,6,53
16234,112,2,14
8532,94,8,1
41134,775,4,304
36416,202,3,34
7903,736,5,344
19242,478,8,182
14788,718,9,297
36249,697,1,274
35588,646,4,223
30513,428,6,132
44039,226,6,23
20542,264,9,78
33294,352,1,110
4684,692,5,329
24795,544,10,193
4651,313,1,136
11431,973,6,440
11131,935,9,429
25091,767,4,309
25845,292,10,68
25491,398,10,118
5830,645,9,293
29640,683,3,269
8334,45,11,31
48387,699,7,217
10304,563,5,252
48647,752,10,248
18032,737,1,326
26755,952,7,398
48353,873,8,303
1016,629,6,302
9308,110,1,29
30654,495,9,154
40244,908,7,356
6942,745,6,338
3693,207,4,82
16562,588,3,247
7259,638,4,296
49347,973,1,393
43236,214,9,8
5942,553,2,252
48419,717,2,265
37556,899,3,357
1371,104,1,44
28383,611,10,220
24404,860,3,373
8120,96,4,31
6702,349,9,132
9347,402,5,169
36429,452,11,117
40419,396,6,101
26040,360,1,130
38646,196,3,23
46859,445,7,125
38083,443,7,128
23542,986,10,441
43733,193,12,13
9308,425,12,149
40242,101,1,24
35142,40,9,84
45163,710,1,256
31690,417,7,132
8393,349,12,112
5403,244,12,62
4546,796,2,398
37745,421,9,99
29893,800,12,311
10388,782,12,350
42756,804,9,287
37660,913,9,349
24708,874,4,376
25726,940,6,382
15008,457,12,155
37017,291,2,66
1111,299,3,137
18545,242,6,36
41168,606,1,213
3379,682,7,299
31237,956,2,400
46948,890,8,339
22810,528,5,214
42120,361,7,76
18809,948,8,413
9469,636,3,287
28967,61,6,58
10748,195,12,32
24424,264,9,71
21976,272,4,87
24914,293,10,50
31067,978,7,400
43875,353,1,101
13942,623,12,249
20491,30,7,28
5533,171,9,37
24583,208,10,19
38049,979,8,391
28821,695,4,279
31261,657,3,251
38536,230,7,4
30945,992,12,394
18384,116,1,11
29410,840,8,333
13198,358,12,103
30354,66,1,49
8169,839,7,389
41129,755,6,279
32909,994,10,401
4830,76,8,11
22404,94,6,12
28757,273,5,65
36650,682,9,240
34766,590,4,218
16942,856,7,378
33419,971,6,400
17668,617,10,251
17246,189,6,38
25996,165,11,10
4065,858,12,385
11467,52,5,29
45844,534,2,172
22007,815,4,343
3543,276,1,139
29702,145,9,10
29833,978,9,396
11033,132,8,45
35169,834,4,328
17829,824,5,362
5522,361,1,170
21151,67,4,35
36319,383,4,121
27543,806,5,329
38584,417,2,117
31473,214,2,45
8699,870,12,402
3629,756,2,362
41455,744,11,248
11156,340,8,109
18441,813,12,350
31716,157,2,12
7834,374,6,131
19179,864,2,385
27219,89,8,37
38617,830,1,329
16782,601,2,261
16827,502,5,205
10431,739,6,333
37918,731,9,248
45057,78,6,77
10496,790,8,346
24331,408,12,138
40238,872,7,340
47025,370,1,67
24563,865,2,385
4712,888,4,422
29531,358,12,85
46489,696,1,266
33664,776,8,306
46263,615,4,219
13420,455,7,197
6315,469,7,196
6381,396,8,169
10497,978,9,422
30040,410,9,110
33375,500,7,163
14494,840,9,356
32752,133,5,8
26357,765,10,301
17950,793,4,338
16752,922,3,432
38390,191,6,6
5132,37,10,24
42598,254,11,25
29276,329,9,63
40763,914,4,352
21551,688,2,289
27975,742,11,296
3670,300,3,142
10364,850,3,396
27296,215,2,33
25680,134,9,9
19066,416,4,156
29892,691,3,284
11041,686,10,273
10054,582,6,263
12637,437,8,168
11757,303,11,82
42258,604,8,199
28484,347,10,89
13329,360,6,144
34538,641,5,250
28115,817,11,332
27038,240,7,29
37622,28,3,54
36886,928,12,362
10901,101,10,12
18374,851,2,391
47290,313,8,41
33806,394,11,95
18659,553,12,189
49770,434,9,81
24453,118,12,33
31498,701,6,262
5857,721,4,354
17312,637,6,265
2436,851,12,372
28569,989,7,397
25949,796,12,298
8693,401,8,164
46986,882,3,331
38019,959,12,376
10305,523,6,209
33646,466,10,145
28302,699,6,285
11590,363,10,117
41430,444,7,118
4123,644,4,294
5158,859,6,393
9700,325,2,149
11531,167,8,36
28738,868,3,375
10879,751,9,346
6543,473,8,200
47748,957,12,354
48924,52,6,96
43348,751,10,247
19581,520,2,222
37679,338,8,81
14582,716,11,297
44888,212,6,5
31276,892,11,345
39003,199,1,2
5799,886,6,402
26091,537,5,201
29234,410,6,105
47993,540,1,162
25605,376,4,115
37534,592,7,180
32668,483,5,157
5111,949,6,444
25686,694,2,286
8015,118,8,19
7856,167,10,43
17490,589,4,259
36194,746,6,271
15497,335,3,116
24194,201,9,30
45104,566,8,168
6316,322,6,137
39130,577,9,178
5693,618,10,262
42758,23,9,98
30954,797,2,333
48901,126,9,60
22652,94,8,16
15178,59,2,11
44397,658,9,235
15751,714,5,310
1425,138,12,13
4044,92,9,4
12480,571,3,261
44874,223,4,19
39997,996,1,420
2239,115,11,26
7566,298,5,112
20775,162,7,26
37981,134,7,37
4006,495,6,223
8025,903,6,414
20423,152,8,5
40326,187,11,25
26174,933,10,367
27663,264,9,36
34952,296,4,74
28326,994,4,407
32139,278,8,49
48198,65,5,83
9102,365,10,125
47637,866,9,320
8116,914,6,405
13937,256,9,70
31161,72,12,77
5383,167,12,37
21320,718,4,313
5507,552,1,255
15735,109,4,20
30713,252,9,41
17519,746,7,342
3025,900,6,411
20919,70,2,9
38622,684,4,255
39135,855,1,345
36658,647,3,234
20141,413,2,172
30696,233,4,56
4773,470,4,201
25956,358,11,98
16819,370,9,120
2528,668,7,312
21955,304,3,91
45588,952,7,368
6049,897,8,409
34616,602,12,189
21511,264,7,65
11119,569,8,234
11357,747,9,324
17167,658,1,305
46246,603,10,195
23253,245,6,70
35889,846,4,346
46678,460,1,124
30798,493,2,199
5681,463,10,185
15755,815,4,370
1472,431,1,205
33881,833,6,315
14690,265,1,98
26912,602,9,211
7473,726,10,325
42298,519,3,172
19669,970,12,398
34964,569,11,161
17462,136,1,22
21943,769,6,341
39785,383,6,105
36420,933,7,376
11832,223,7,63
6385,370,10,148
31362,338,11,67
15708,378,4,156
24438,536,5,194
18211,959,3,432
15571,508,6,198
22307,688,7,297
12002,126,9,9
37153,759,9,286
23440,673,12,253
2965,845,5,406
33556,191,4,24
3427,677,7,311
36609,538,3,180
26189,874,4,359
26138,884,9,368
7563,977,5,448
15387,832,10,343
6840,547,7,249
16154,339,2,128
25194,56,9,58
47861,518,5,151
23448,684,5,281
31924,284,4,61
24528,714,8,284
30402,687,11,251
5352,668,4,318
1184,927,2,461
11384,421,5,179
15319,621,3,275
21449,971,4,431
42205,237,3,31
11426,349,7,140
8504,205,6,76
34368,400,2,125
41572,228,11,13
47017,582,8,164
39305,307,5,47
33094,107,6,43
15685,963,8,429
9724,155,11,30
6084,177,11,49
35810,813,12,309
17741,939,7,406
17761,174,11,38
14336,482,3,209
21872,239,2,76
14414,478,3,206
5797,186,8,63
4307,341,4,148
47489,710,8,230
33568,860,4,348
3596,581,7,272
18167,832,6,379
23308,531,10,172
25215,106,1,10
12795,564,11,205
15984,294,8,87
13134,160,6,22
11782,737,2,357
43002,755,5,290
22651,644,12,247
25022,809,2,347
19922,935,10,404
15618,372,7,124
18245,24,11,67
19260,401,10,122
11027,743,6,325
14986,787,7,339
46168,353,6,50
4526,494,10,190
27261,947,1,418
45361,49,3,66
2622,366,10,136
39286,941,2,367
30533,613,1,217
36425,512,1,174
19316,767,4,335
9699,514,11,216
14955,875,1,405
32543,407,2,142
36424,892,1,381
17673,854,12,346
24395,272,12,56
39626,649,6,227
24707,958,11,381
20213,49,4,7
11401,642,8,284
22196,931,11,380
26976,785,5,328
9758,730,10,321
2473,826,5,390
14281,361,11,121
49732,828,11,301
33548,306,8,68
19371,964,11,425
29363,416,10,111
13057,528,6,234
41441,956,6,391
20644,263,3,94
29123,240,6,35
24874,175,10,14
24123,402,7,118
15281,767,2,338
4251,339,3,141
23289,392,6,135
6054,550,10,245
35484,234,9,22
42972,386,9,109
47874,133,8,59
2310,219,8,78
30146,44,9,59
30312,953,11,388
31981,140,11,38
49650,761,9,249
5257,630,10,260
16846,877,11,381
23483,22,9,50
27558,917,5,385
44188,792,6,282
14012,464,5,186
34236,273,1,69
39673,39,4,101
46076,223,11,34
49402,825,1,318
29931,995,12,408
33076,376,1,126
15801,147,3,19
10628,377,7,137
9728,311,1,126
18335,193,7,40
44773,752,10,248
29570,374,10,94
23459,900,1,402
41658,56,9,86
8077,329,5,117
2971,680,6,308
47336,936,12,347
34959,623,9,223
46588,601,11,167
41533,103,3,34
44022,529,3,164
4046,463,5,214
45518,439,7,99
13703,224,3,86
9043,507,4,220
38676,798,2,320
44395,107,9,62
3804,271,10,97
11176,742,9,310
4936,874,11,395
32174,50,2,55
18096,888,5,402
24232,440,1,185
43641,847,8,308
26909,80,6,29
45158,598,10,189
9366,245,10,84
20589,944,2,434
48382,982,2,385
7506,354,10,136
29842,858,5,369
18458,598,7,247
22831,659,9,264
9783,130,9,29
12170,510,12,185
15609,291,11,82
41090,832,6,293
45942,53,2,79
24035,231,6,41
17208,319,1,121
36178,392,11,77
14636,144,11,3
10039,122,2,33
15990,737,12,328
7441,139,3,66
9685,701,5,323
14778,566,10,221
46959,913,1,374
27862,350,12,79
28273,777,10,301
29413,871,5,363
43500,945,5,370
4956,328,4,166
7553,589,3,254
24253,431,7,150
24915,418,11,124
3365,953,7,448
7668,325,1,150
6000,672,7,302
4675,642,3,313
13907,182,3,55
18336,642,6,266
20684,683,6,285
29311,907,11,361
16136,84,4,9
44923,637,5,202
13219,235,3,62
4247,622,3,287
5415,933,9,432
7472,973,5,468
23380,45,1,22
38616,688,9,253
28280,603,10,218
22859,63,6,35
34805,109,9,46
49402,152,11,58
9262,180,7,48
12066,763,11,321
16554,399,10,124
8008,280,10,103
23315,402,7,140
16263,388,5,131
17238,130,7,16
39410,695,10,225
17489,96,4,12
18153,228,11,50
48299,32,11,116
44152,940,6,358
25283,589,2,219
47429,917,10,334
12687,875,3,404
23998,567,2,222
29887,44,10,60
47172,565,2,182
5355,159,7,69
34701,294,5,39
42534,389,6,75
6906,893,3,424
13572,241,10,73
13279,56,5,4
44491,894,5,337
11611,148,11,27
9261,335,4,149
5474,342,10,144
26878,452,4,159
29390,237,12,21
27925,866,8,334
17638,961,6,434
24471,267,11,46
5787,130,2,54
47343,835,2,325
8862,751,2,347
44724,727,6,246
11663,166,12,25
17120,363,1,157
23740,528,3,200
37510,524,1,179
3035,571,4,261
35735,153,1,16
2852,483,9,217
44315,883,11,312
40386,210,12,18
47627,182,11,37
9303,475,6,200
45118,80,8,79
1164,24,2,3
40726,56,6,64
35905,479,4,146
11215,236,7,69
31694,756,8,297
32253,747,6,287
25230,158,1,21
17925,637,8,254
7033,118,11,12
3665,699,1,348
28025,980,9,415
24533,283,2,70
46897,618,11,181
13125,615,10,241
21998,243,6,59
39957,30,8,78
24057,346,5,104
14708,717,2,322
19072,369,5,122
6095,398,1,186
32495,963,8,398
48177,250,8,24
41351,160,2,16
2637,637,6,292
15670,784,11,333
39734,975,8,380
38438,68,10,63
29658,470,8,131
6203,794,12,367
22518,510,7,194
9669,224,3,87
48736,888,12,314
3366,428,11,175
19910,426,4,161
32087,70,1,34
1366,194,9,70
49415,756,10,257
10907,280,10,86
40374,499,2,143
31289,753,10,296
33780,242,7,37
20623,288,8,73
36085,829,4,317
21426,912,11,347
49197,920,11,317
8485,938,10,430
34024,337,1,89
26469,404,5,130
16903,605,10,248
4212,645,10,288
39943,238,6,39
28799,73,7,25
47339,219,1,19
17087,903,4,404
8446,662,12,268
30281,358,5,107
15877,723,5,324
25723,710,7,263
13943,917,4,430
11306,324,10,119
37784,818,7,317
21455,771,8,303
25491,264,2,68
6912,861,1,420
30974,648,10,234
28371,227,10,28
34210,743,1,317
36712,530,1,185
4936,278,9,102
34166,399,4,121
26727,182,9,8
49464,757,7,251
29368,360,7,101
3995,951,2,463
40097,595,2,203
35984,947,12,377
45291,777,5,296
27563,549,10,191
23150,53,1,30
23061,843,7,355
30178,342,11,68
36336,200,7,9
1160,982,11,440
16648,366,8,127
41835,725,7,251
37672,211,8,1
4573,598,3,276
35593,740,3,288
14786,897,8,397
29500,698,9,259
10815,265,10,70
22966,264,4,62
14794,697,8,301
32423,827,1,354
34944,934,2,402
22302,742,10,309
22264,152,10,3
20604,216,10,31
28835,929,9,367
8820,366,2,159
2499,68,2,26
24814,83,8,51
25089,643,5,259
8626,887,5,425
33746,716,11,264
17137,123,6,18
22260,950,8,397
37476,232,8,25
27283,536,9,172
2769,138,10,33
43278,875,11,315
47994,780,3,276
16634,698,9,278
40499,914,11,346
11965,261,3,86
28566,299,1,87
34143,443,12,113
49285,382,11,76
20420,769,5,322
26236,325,7,99
7218,736,3,331
9495,505,9,185
34853,333,1,107
14073,532,6,205
12371,702,12,285
18594,186,12,25
12226,413,6,181
11046,789,8,380
44809,82,3,69
38117,291,12,21
5965,56,5,7
47260,35,11,102
14336,785,10,334
20843,362,11,107
18373,365,5,121
46452,867,8,317
7654,558,7,233
32280,978,3,422
41110,642,7,216
23407,252,10,42
3358,595,8,270
27583,628,5,245
29706,435,11,105
7360,924,5,419
4743,286,11,112
8159,345,1,150
33151,945,8,402
1518,763,6,356
17652,930,6,420
13925,462,5,190
48578,579,5,172
6475,881,3,416
37953,741,12,267
38929,95,3,26
43348,266,2,36
10886,847,9,382
12465,599,8,253
12221,332,11,121
25395,595,3,261
3335,713,5,329
37442,611,10,205
5576,362,5,163
48740,734,8,232
1500,201,6,71
27675,974,7,407
9083,745,5,338
42062,954,12,370
16720,651,1,284
6543,418,8,159
4276,260,4,110
31635,866,5,343
25180,733,1,322
7613,943,3,462
45497,311,2,65
2327,73,12,6
41540,164,2,7
11666,375,1,164
27255,617,6,231
21130,496,8,183
23068,41,3,21
19946,350,1,127
21547,311,10,89
20701,255,2,79
6769,48,3,5
25883,714,6,301
14663,957,3,437
39686,179,9,10
38323,929,12,361
36162,549,1,204
23852,569,7,212
21388,120,10,13
34434,309,8,72
23102,396,9,128
22536,192,8,22
13355,362,5,139
3234,947,1,474
40103,897,1,358
32147,598,8,196
24659,210,7,40
45271,458,5,124
40127,574,10,172
17560,654,3,285
47644,809,9,277
24088,362,4,134
3928,727,6,338
41385,864,11,307
41382,144,4,12
29184,627,9,230
21099,909,4,413
5274,688,8,310
25970,571,11,192
26744,379,12,103
38739,522,12,140
9389,192,3,58
18352,906,8,410
22148,413,11,137
32828,480,3,179
3504,704,11,311
39774,139,5,36
29743,292,1,81
29894,377,6,107
31995,405,11,110
41711,932,2,370
18748,895,12,372
24100,877,3,369
34691,906,11,349
23981,953,1,440
33708,952,11,388
11246,338,6,140
46243,280,5,38
33486,300,10,38
31340,348,2,94
20338,143,11,6
4086,495,8,207
26535,297,9,61
15860,112,3,5
18013,978,12,427
8407,566,6,235
34542,842,6,333
25935,147,10,12
42477,551,6,161
35111,792,8,299
11161,186,12,43
24581,850,5,363
33277,255,10,24
22400,51,10,43
12419,250,8,82
41565,210,12,18
20283,861,3,379
1934,955,7,459
35754,676,1,250
22380,632,4,257
15016,610,5,281
39233,527,7,160
23695,476,6,166
25952,691,6,269
43734,274,2,48
16721,298,11,92
2505,990,2,484
6363,719,2,339
49708,992,10,359
44614,741,12,242
2010,772,8,347
48692,75,7,92
47250,668,1,236
20861,125,9,3
25125,600,11,206
10369,721,11,301
4857,211,8,82
27671,297,9,68
10864,563,4,258
33490,194,5,34
11120,789,11,349
21223,654,5,291
33150,104,11,52
45138,967,9,366
3553,747,8,351
16489,235,10,47
5389,33,6,2
22950,56,11,63
12089,46,10,27
42999,683,11,218
4051,595,10,270
39090,89,1,38
29805,173,7,7
30442,457,9,144
45557,784,12,270
3555,290,4,122
13767,560,4,249
1458,93,5,48
49469,815,8,285
17066,590,11,217
5721,774,5,377
13446,860,4,390
7304,168,8,45
47333,525,11,129
43967,29,5,89
35688,663,8,243
14227,521,1,245
41462,81,3,52
7298,407,7,175
40397,914,12,349
46487,793,1,300
38914,749,11,275
11306,251,5,87
3589,867,6,403
38078,603,12,204
36009,547,1,189
14601,569,7,235
8711,708,9,299
22364,464,9,163
34706,340,3,73
30610,913,4,369
38069,102,1,28
4970,453,4,206
4999,36,5,17
22034,388,7,131
37176,687,5,251
47575,703,8,233
42730,927,7,355
17632,601,1,257
14385,602,12,239
6950,274,2,115
36694,475,7,149
8975,662,3,316
22314,580,2,223
24398,552,11,206
26277,411,12,120
27761,339,9,79
32533,239,12,21
7966,718,10,307
42901,433,8,96
7587,51,8,14
23880,734,3,306
6091,807,11,353
42753,773,10,279
32130,35,9,60
18061,428,8,134
23293,847,12,337
2561,192,2,94
42412,668,7,207
48553,198,8,7
4656,890,12,408
22618,592,7,234
21530,516,9,178
22872,955,7,415
29330,123,12,32
17139,336,7,125
33977,726,1,294
5983,787,2,378
40909,995,5,417
43886,607,11,186
22329,802,1,362
37734,200,12,26
43837,151,10,45
9818,682,7,286
11918,174,5,67
43418,378,5,98
2250,254,8,106
5758,779,9,359
38131,184,10,17
3163,736,1,362
43583,446,10,116
35621,696,4,236
18137,507,11,182
33103,232,2,64
22832,944,9,392
2868,785,9,336
49336,176,1,21
42862,708,3,270
20728,94,10,20
39006,454,8,117
29029,197,2,44
40857,815,2,321
29183,861,2,375
23785,664,5,264
19940,656,9,253
6280,331,7,119
38012,851,7,318
3164,146,2,46
28188,396,2,119
48917,364,5,83
15088,244,12,64
19405,36,7,33
3821,516,7,228
23516,492,9,178
11473,884,3,414
47454,330,1,56
43530,777,9,269
39737,156,1,0
13178,494,8,189
39936,236,5,20
28018,215,8,25
18097,220,7,46
15096,385,9,160
40971,738,2,290
4545,547,9,248
25798,419,10,128
1863,544,5,246
17148,609,5,260
22009,233,1,79
18809,360,6,146
19688,348,10,101
1653,978,10,467
9129,138,10,18
27418,444,10,146
24118,712,3,293
1443,855,10,391
28041,861,3,383
24843,886,3,376
22053,392,4,137
31848,668,9,232
38874,198,8,11
38204,451,12,124
43240,739,6,269
36807,964,8,386
29213,421,8,131
9291,413,1,204
44046,902,9,333
17285,585,1,258
27886,98,11,36
14944,802,2,365
36505,926,9,361
24340,443,7,153
31025,137,10,14
2607,387,1,199
3953,125,3,37
45941,124,1,23
6933,322,5,145
12386,649,4,288
48989,913,8,330
5682,760,9,329
48621,167,12,41
45052,885,4,348
12154,169,3,49
10047,835,4,379
23993,275,3,86
11338,101,6,3
15323,35,1,10
38693,920,2,375
24634,212,8,46
27292,742,3,303
39551,93,4,50
46111,296,12,18
10917,80,1,34
11145,992,3,469
30717,970,1,417
40491,555,11,171
17905,554,10,199
31273,362,5,81
27234,414,1,158
14349,962,12,410
2002,277,9,109
40034,217,7,3
33573,72,11,63
28803,670,8,255
12330,290,9,98
27504,220,10,20
15980,415,8,167
8017,397,3,180
42353,910,7,348
17011,695,7,298
19001,623,7,240
18044,554,12,199
39292,942,8,379
6250,107,4,32
41280,417,11,85
24289,201,6,31
34087,886,2,370
11416,302,7,109
26159,552,9,185
37368,580,5,214
6279,209,4,62
26157,224,2,52
16494,987,7,422
46166,63,2,67
26574,319,2,75
26333,659,9,256
34050,720,2,285
33263,701,10,246
33539,298,3,65
15030,732,3,336
23721,404,2,163
49070,656,10,208
6166,823,3,393
8121,330,9,123
15677,897,11,383
32241,547,11,169
17373,876,11,371
22873,293,3,112
38664,501,5,148
2293,825,12,360
23443,470,7,164
40725,551,1,194
19595,550,1,230
10740,544,10,209
13559,36,2,4
43741,737,1,284
40044,49,1,52
22747,489,10,180
41920,830,4,292
8973,323,10,112
16333,574,12,230
31129,112,12,28
1037,901,3,431
39758,597,1,205
33311,650,3,240
39206,840,1,320
49503,603,3,198
29207,865,4,375
44624,181,11,57
34241,992,11,401
1058,861,8,398
3636,347,3,166
31635,986,3,410
15834,800,9,354
16577,749,11,283
28190,273,9,49
8296,459,6,208
22383,590,10,241
46438,563,4,177
25660,870,10,343
43493,139,5,28
3674,994,9,450
49564,841,1,329
44833,533,7,148
23820,649,11,247
20504,568,7,215
26666,998,10,424
44794,116,1,29
3076,890,1,450
38555,389,9,79
33406,436,7,135
41262,276,4,48
26784,147,9,2
22125,378,12,103
24216,175,5,47
3581,676,3,335
16600,76,2,15
31284,601,9,209
21171,967,4,435
26091,575,7,205
15333,743,1,336
31535,706,9,249
24487,672,12,257
11404,95,9,6
44934,177,10,18
34700,104,6,46
19047,341,6,104
42516,328,6,54
16577,549,5,236
25298,303,11,82
16015,919,1,415
26568,61,4,37
49876,913,10,336
27204,904,1,388
32748,153,5,23
27267,633,4,253
22236,668,8,266
33615,423,1,132
2104,512,8,215
18654,241,8,59
46704,248,1,45
43369,825,9,288
4646,471,9,206
22471,325,6,95
26906,847,1,355
22107,928,7,392
48728,138,7,51
15878,630,9,257
10145,881,1,425
24042,957,8,404
19226,343,12,108
3802,940,11,421
25119,178,8,5
28185,258,7,52
7105,415,12,164
3749,339,6,161
43949,866,1,350
35129,208,11,8
25512,328,10,82
37541,268,11,35
14495,557,8,217
3064,720,12,304
31078,525,5,184
31011,413,4,146
6616,671,5,330
8975,425,5,179
11960,200,10,50
28992,40,3,37
22387,694,4,293
16324,602,4,232
7243,613,8,250
33628,174,5,13
10560,847,6,389
48452,886,10,319
42098,578,2,189
5923,213,9,67
40235,243,8,11
22325,418,8,153
28949,768,10,292
23821,299,5,102
7076,29,5,9
23032,395,3,146
9001,491,11,185
16303,171,2,43
17457,875,9,377
42443,635,6,236
13303,143,8,37
16128,716,4,317
19280,821,5,360
40427,572,10,176
32644,443,5,123
39014,542,11,159
7967,749,10,315
7661,532,4,246
13416,945,11,435
1510,190,2,75
42382,869,6,318
36200,813,4,307
2906,584,11,263
26534,144,4,13
49322,194,10,26
17448,523,3,213
38696,796,8,306
5710,796,6,365
45308,404,9,75
39892,730,5,263
41605,787,6,302
16583,703,9,282
18184,590,4,246
25853,971,10,410
7109,125,7,17
43677,966,10,365
7659,656,12,263
2238,547,10,228
16064,57,11,44
32115,414,11,110
32952,774,6,317
6620,940,6,454
35254,496,6,134
38449,486,4,149
45258,741,10,237
5470,524,6,232
23003,334,12,86
28571,304,7,73
25668,483,2,182
12723,699,11,291
47656,283,9,3
32040,629,7,221
40945,665,3,238
46969,448,10,91
33046,384,10,86
6441,200,7,63
12719,753,10,315
6397,895,10,397
35389,680,5,247
18945,263,9,67
23233,332,6,93
18800,95,11,13
5190,900,7,417
38822,281,4,51
2130,250,2,107
15071,722,11,305
20981,399,4,151
45704,665,9,222
3118,328,3,142
1663,783,7,384
16735,407,4,167
20158,776,3,359
32087,796,5,326
23578,344,2,119
20874,861,11,344
43531,898,10,319
18907,475,4,202
41821,531,7,165
23787,362,12,93
22705,535,12,189
4845,461,2,223
47264,568,10,177
40069,602,6,214
45653,281,5,21
17482,768,3,329
36056,838,5,305
27090,482,10,148
21681,886,7,388
33252,709,3,274
8796,627,8,266
8263,929,7,420
13777,246,4,85
42538,542,5,174
21343,797,10,321
41153,208,11,3
15862,228,4,59
42232,32,2,64
38649,908,12,353
49786,181,9,32
16691,591,1,254
26028,512,8,170
43135,454,4,124
32066,24,9,73
34181,221,3,35
18934,435,7,163
21910,31,3,48
48482,967,10,354
8141,416,12,142
46950,360,7,57
17225,771,2,348
35714,969,3,405
22587,392,8,126
33959,397,7,110
15175,244,11,51
11051,201,3,65
6892,316,8,126
4449,835,9,361
42095,326,2,71
39677,450,2,149
13393,709,7,301
30190,137,11,14
35709,371,8,87
32533,607,5,224
27141,65,2,28
37989,246,10,25
24908,375,5,124
40311,313,3,68
33322,259,9,36
15012,367,2,129
35889,160,9,13
18412,223,2,66
31614,681,1,287
45494,661,10,230
25657,880,6,374
6656,864,11,372
9967,288,6,119
20422,332,4,106
16764,437,2,167
16873,934,10,389
29949,156,12,25
44847,647,11,209
3271,370,3,182
2607,180,6,86
20523,686,4,271
49447,192,5,27
28990,149,11,23
4665,98,9,36
17308,998,5,443
6852,588,10,248
6462,882,11,392
32795,76,8,47
5270,419,2,191
49465,382,12,67
25491,354,6,107
37230,153,11,18
49242,33,11,125
1347,302,6,122
33830,825,5,323
2783,678,6,331
29390,440,5,145
9417,146,2,41
7566,791,5,358
18426,845,1,365
31750,237,3,56
11872,924,7,420
29695,764,4,306
49086,900,8,326
2234,699,3,327
35752,674,7,263
29832,508,2,192
18978,279,8,81
23641,237,3,54
28127,839,6,333
35720,677,2,258
19079,508,7,175
18338,968,4,436
4291,462,6,211
9548,118,2,18
48272,201,3,3
45555,188,3,1
34736,252,4,34
29022,975,1,434
5234,112,6,22
27720,648,11,222
42106,491,6,143
41117,535,4,160
14368,104,8,5
48969,698,5,251
49838,538,10,130
9734,400,4,153
42651,426,7,102
34793,251,10,29
13197,270,10,76
4359,104,8,24
39025,338,2,71
36719,212,1,27
8389,654,6,288
48434,956,2,376
15952,620,11,234
30075,626,8,238
19939,906,5,374
47995,319,2,57
16624,377,11,120
2735,576,12,256
25315,784,5,309
18422,472,2,188
40137,904,6,346
8127,582,8,256
36680,525,2,169
49232,84,6,69
13606,585,6,238
33743,971,1,419
35010,241,9,35
16636,485,12,178
26348,91,8,20
11108,907,12,396
9098,493,4,200
37180,699,7,236
19883,717,4,282
45400,674,8,224
46999,38,10,104
48951,541,2,164
8160,803,2,395
20929,702,3,306
18597,434,4,174
12123,383,11,143
29357,547,6,200
5960,99,5,37
34556,815,10,307
19255,209,10,52
14350,167,7,40
31881,694,6,282
19409,462,4,169
33635,284,11,22
3446,891,10,414
31657,669,9,253
22207,528,7,192
49951,320,1,63
9752,485,8,211
14440,384,4,168
45864,418,7,109
7499,512,11,196
22139,561,2,218
15767,835,12,355
23343,499,3,189
28712,187,1,20
20673,622,2,277
30488,110,11,41
27520,742,5,319
45105,861,2,336
49587,319,6,35
16784,193,6,31
39079,665,6,230
45220,392,12,92
21491,43,11,43
48342,220,3,7
49720,750,11,240
36268,26,3,70
15718,25,10,42
36597,649,7,220
33815,180,4,10
36132,616,6,229
27832,897,12,363
32862,267,8,17
13864,185,3,43
23842,447,9,140
9177,164,9,33
47115,530,3,172
41699,562,6,180
46609,952,5,374
12844,528,4,227
9594,926,8,429
14418,239,10,55
35854,664,9,241
24108,595,12,220
11419,95,9,7
23539,662,5,249
45370,843,5,326
44950,338,11,53
13835,892,3,409
18533,57,9,31
30515,585,1,250
36921,661,12,205
42968,749,3,290
23322,533,7,196
11223,265,7,82
11273,159,5,53
34519,827,6,324
25160,277,4,70
9849,636,8,295
26656,400,4,137
49988,867,10,299
11348,497,6,198
18924,204,5,67
39935,322,12,44
40132,513,10,137
2983,775,6,360
25890,183,3,23
15629,663,3,284
12273,222,10,65
32739,427,7,118
41416,229,1,21
8894,878,1,423
47073,120,1,36
46693,465,6,113
25343,917,4,383
44095,802,6,297
32174,990,1,424
45179,580,4,174
7900,387,4,171
49905,258,2,8
4800,746,1,369
36246,310,8,60
43735,391,6,82
43926,881,4,329
8054,450,2,201
39827,299,12,52
43727,486,5,142
45775,335,9,51
42201,96,7,56
30373,835,4,333
28525,170,5,24
39977,415,8,104
8115,515,11,210
32107,316,5,81
31486,688,12,254
14068,729,6,316
19640,966,10,418
33158,915,6,380
37136,426,8,120
17128,306,11,92
25942,512,5,199
3827,936,1,465
16990,555,4,246
36255,475,3,138
20987,511,2,206
47115,28,7,100
21901,937,7,394
17277,151,8,14
2643,96,10,7
24729,757,5,312
22087,150,1,10
22818,907,6,364
1019,431,6,177
34443,109,11,16
10457,517,8,220
34922,648,10,230
10820,641,2,279
33750,908,11,358
43586,373,9,76
37484,290,11,42
39010,411,6,113
38790,451,1,145
23869,758,9,299
35421,491,8,152
3502,775,10,352
17665,327,1,130
26600,527,8,184
30394,74,7,26
15086,56,5,0
37171,919,6,377
35003,74,4,51
14149,543,9,233
31394,934,9,368
15396,482,10,179
24324,716,1,317
48198,497,12,111
18169,768,9,330
47632,824,3,308
49274,735,12,238
45277,230,2,9
27243,245,4,48
32016,26,4,73
4194,751,9,328
33398,842,4,335
5789,559,5,250
21159,824,6,370
44406,231,4,14
6350,208,1,109
34301,94,2,15
25977,773,3,318
37431,133,4,8
1129,698,5,327
46331,637,10,198
35626,170,10,14
49503,455,3,123
28549,897,11,353
13342,103,1,25
37417,231,11,12
11978,798,11,338
38628,853,8,326
43180,800,8,301
9833,480,4,209
47903,956,7,374
34491,196,4,17
30473,802,3,319
1737,331,7,150
30429,713,6,269
47647,178,1,15
2299,720,9,344
1339,205,12,63
33920,490,2,159
43381,975,3,398
47523,328,5,60
49750,265,3,32
20435,848,3,372
34194,995,8,421
25509,403,4,150
43095,61,10,77
45289,304,2,74
2373,942,5,468
8082,319,2,146
26532,920,10,380
43661,455,11,94
19866,388,12,108
8593,893,8,401
10495,505,3,201
8837,968,2,461
12172,455,3,186
19680,825,3,368
31346,447,1,151
44085,200,3,9
24412,902,3,412
23863,917,4,402
31804,896,8,347
11934,713,9,323
31723,359,1,123
21405,510,1,207
19748,514,6,194
6230,992,1,471
47413,749,12,233
23354,182,5,29
9954,577,12,245
24139,475,1,177
46022,111,8,52
18388,124,12,1
40825,738,5,256
37523,458,6,139
36614,517,4,171
36732,347,8,67
42646,670,12,213
22021,560,9,208
28702,528,9,164
46416,270,1,49
36523,984,7,396
20116,210,4,49
7473,66,10,10
48322,898,11,326
23735,270,8,76
35461,794,7,296
12084,904,1,424
45771,83,1,51
29756,869,1,374
18068,339,2,116
29916,879,10,351
3919,799,2,383
24550,543,9,204
37524,311,5,57
4283,48,1,2
5691,670,7,319
24212,456,10,155
41118,985,2,414
29602,616,3,238
18540,605,4,252
36829,782,3,302
6919,755,3,361
23277,66,9,40
18676,436,12,149
43844,612,4,220
10752,470,8,201
17012,652,1,309
10175,574,6,236
41670,677,1,265
3067,93,5,29
32478,72,7,65
27439,252,12,41
35747,826,1,330
30810,894,9,363
19302,219,12,32
1700,693,11,313
37814,568,9,194
35841,956,6,369
45713,116,2,49
4048,68,2,22
34290,915,9,371
12101,541,4,243
30778,59,6,47
28425,933,10,389
42509,172,2,5
18852,125,4,0
25500,572,2,234
13674,695,3,298
24195,789,2,351
25371,230,8,30
34053,221,5,16
12957,452,5,175
8108,726,8,318
48758,584,11,162
18829,166,8,12
6837,518,7,223
16032,301,5,102
35234,329,7,83
27352,774,1,339
31215,70,3,41
10106,514,3,231
42247,428,2,116
29766,645,6,235
44048,292,3,62
39700,477,4,154
10996,139,3,46
2178,720,7,319
36319,65,4,51
17025,262,5,78
10780,330,7,130
23706,581,4,231
43916,350,6,75
10967,30,9,16
31856,927,6,388
38630,443,5,127
10179,67,12,57
39623,396,1,129
18587,587,8,233
24733,27,5,53
23770,545,5,202
34887,746,3,298
4975,389,10,160
13919,459,12,158
10602,776,2,354
46463,585,1,188
35060,503,9,148
43154,292,5,61
11140,960,10,420
22170,920,12,378
29830,150,4,26
45540,540,7,152
7590,743,4,349
47745,653,11,188
31609,133,2,0
18401,551,9,206
28729,518,8,173
38944,358,12,76
46167,40,4,98
29645,739,8,294
30047,52,12,61
23560,152,9,8
7647,939,2,446
22106,722,4,283
7015,994,11,461
22506,45,6,47
49613,383,7,67
25067,620,5,232
3056,111,10,5
32719,564,12,173
30328,257,10,33
13176,37,7,29
43771,293,11,26
32885,953,4,390
22269,308,8,80
47515,46,3,87
4114,836,3,401
14442,453,5,196
41151,930,6,371
2629,127,3,55
18927,992,10,426
32317,967,2,402
24896,757,5,314
29155,343,10,92
19288,886,6,404
22415,550,3,226
37085,754,7,292
12251,812,3,364
37884,123,12,57
26574,863,2,380
10623,351,10,121
21936,381,4,134
7123,940,3,457
4061,308,7,121
41857,463,8,123
37499,56,3,64
40095,367,6,86
29451,911,1,379
17361,775,5,344
16907,62,2,5
35814,145,1,4
20605,28,7,60
33256,545,10,187
12332,150,4,41
38832,344,5,73
30476,203,2,57
10445,301,8,84
34490,914,11,352
30767,72,10,51
47057,572,3,174
16210,869,7,381
25159,889,11,366
8564,552,1,248
42043,396,10,80
22219,314,1,129
28946,227,7,38
37587,682,1,268
4364,496,12,207
5318,989,9,454
12479,973,9,457
8398,88,8,6
3452,862,8,406
22672,944,4,407
34193,849,4,350
14865,456,5,186
26345,320,9,61
47275,46,3,70
21359,647,4,274
9799,949,10,431
24053,673,5,257
35892,572,7,206
18684,125,5,1
6015,605,9,280
32665,591,6,225
9657,829,3,394
22951,653,6,266
33063,966,6,389
33743,734,12,266
27521,30,10,75
11731,950,1,455
19744,678,7,278
19423,235,3,59
18568,905,1,406
48411,340,1,65
4934,479,5,233
12409,976,10,439
32410,834,10,321
31808,545,2,205
9172,598,2,280
28358,711,12,271
1777,896,4,423
20763,773,10,312
49673,179,11,52
36186,483,12,109
32170,541,12,189
21461,655,7,261
46222,292,8,32
3439,260,11,78
8804,955,10,420
46791,983,7,378
48594,978,9,363
14212,674,7,277
22653,884,4,377
22971,186,9,2
2989,588,9,258
8868,669,3,311
43026,346,10,66
34712,884,8,347
25604,548,1,229
23135,863,2,378
31544,292,8,42
38918,898,8,337
31847,395,6,130
44774,931,8,370
11680,394,8,167
48972,353,2,78
31083,22,3,57
35433,262,7,28
46579,639,3,209
27309,70,11,58
42719,901,2,365
11349,369,6,149
10543,193,2,76
10460,135,2,27
35553,714,11,259
29525,380,2,140
6948,374,4,163
15498,685,7,275
19991,778,6,332
25974,95,5,19
36398,946,4,401
8660,775,2,359
27245,100,11,47
1238,248,8,99
20920,91,12,40
47659,422,2,140
10338,237,11,49
43517,471,8,123
11349,930,10,419
47350,774,4,284
12643,386,12,110
29274,845,5,347
46013,609,11,176
41667,689,1,258
40913,579,2,207
39629,331,11,68
46819,317,8,33
17632,43,1,13
28144,129,3,0
13321,71,2,8
38091,958,10,365
30256,309,5,83
24485,463,12,141
3860,486,4,216
15919,278,4,103
34337,343,4,95
9411,670,11,280
10586,928,4,423
25312,837,4,352
24055,357,6,108
35890,806,2,329
29807,575,4,225
21384,948,7,405
48177,441,7,110
29925,278,1,81
4089,644,10,302
15242,758,12,318
40978,84,9,63
17433,182,7,45
34282,183,11,1
11983,697,6,306
44738,58,2,72
44578,684,6,229
43797,339,5,61
5671,379,9,141
25133,288,12,45
44209,343,1,82
1414,345,5,159
48861,606,3,189
22242,276,9,81
36184,219,12,2
39379,457,1,155
16231,629,6,272
22849,123,3,12
42163,391,1,101
32676,924,11,342
23056,183,3,29
42028,132,2,5
20947,634,10,247
46416,568,12,162
27040,125,12,17
47110,718,12,231
47978,383,8,79
26282,40,3,33
27201,679,11,245
7833,148,7,35
5752,502,10,193
25507,718,6,302
21169,815,7,359
45746,218,11,12
42495,766,7,282
25930,971,10,397
6023,639,1,300
1982,540,4,248
15305,980,4,463
17146,439,5,173
12201,245,10,87
17910,949,5,413
24031,228,8,50
24636,264,4,71
18314,307,1,129
28332,85,5,21
19330,887,1,405
16365,172,12,18
44501,510,3,156
11108,454,8,174
4360,722,10,312
43553,237,5,10
41880,448,7,118
49784,521,1,164
4625,685,6,318
39237,808,12,290
2223,613,8,275
40878,240,6,29
10157,454,4,196
47019,299,11,14
38760,642,8,210
14646,111,8,6
45638,543,6,168
30024,158,8,6
5787,686,12,296
24202,42,6,27
44908,436,4,99
37067,995,11,397
10360,751,12,324
33692,367,6,111
40219,256,9,10
13941,784,8,347
16993,953,7,417
15620,202,5,48
21193,527,7,206
22248,217,1,69
46852,701,8,230
6027,142,5,64
5260,944,7,434
38596,565,7,187
42540,400,8,98
10012,844,7,386
26823,534,6,198
9315,25,12,38
48027,323,6,34
13631,633,5,286
19258,211,5,61
26099,395,4,133
36891,544,7,166
37992,55,12,81
32376,994,11,409
11977,89,3,11
27694,308,5,77
48376,124,3,50
34978,735,8,287
10218,332,5,124
22788,74,11,37
21501,126,10,4
13453,672,6,282
39197,756,1,313
16210,326,11,111
9689,879,4,398
46489,840,9,315
28381,55,5,38
30508,152,1,21
43653,906,4,356
22142,44,12,51
41950,868,6,342
9916,56,7,17
1375,38,7,11
32449,54,8,53
24797,382,5,123
21782,437,6,132
28028,841,11,332
21243,449,11,149
30379,537,2,203
38780,486,12,129
31740,916,10,365
20984,218,12,49
1050,565,2,271
7590,587,3,276
41205,787,4,310
16162,230,6,79
14105,628,6,279
38499,813,3,304
37641,520,1,188
12628,260,3,101
43032,189,4,13
39516,878,9,325
22621,313,10,87
2476,941,8,452
41800,758,4,269
36788,334,7,67
25437,146,9,1
27240,487,2,169
46452,811,3,308
11922,386,1,173
49154,40,8,91
9066,335,2,157
13089,777,7,340
33600,109,7,1
47176,423,11,97
9167,537,3,242
13816,470,2,190
22164,797,3,339
21429,927,12,372
36001,628,8,219
32415,169,12,37
9117,465,9,204
48318,976,11,366
7359,99,8,3
15364,36,11,47
37965,157,2,5
29794,671,12,237
11293,870,9,392
10332,527,6,230
1615,571,12,227
46612,938,2,360
13401,699,9,289
42936,93,5,60
30372,93,6,21
43276,69,1,45
49322,29,12,126
3339,122,2,39
17246,881,1,393
9109,407,4,178
24758,404,2,155
24091,318,1,104
44056,358,3,96
14317,408,4,168
17762,493,4,188
4465,635,3,305
26622,821,2,344
7800,981,12,460
36539,811,8,311
37651,161,10,13
3600,828,11,393
6518,189,2,82
20627,32,5,39
30369,688,7,266
32445,468,9,141
17689,193,12,20
16923,693,3,300
39469,978,1,408
31403,151,9,18
1958,559,1,287
41363,614,8,213
4538,916,2,454
24404,951,7,406
10983,894,12,381
36371,288,3,46
25642,270,6,62
14467,389,6,164
1205,637,4,301
28409,792,8,307
13442,884,12,384
27290,545,12,185
27108,611,5,227
6691,907,7,421
39909,525,5,167
20504,691,12,272
31162,197,4,13
40496,686,6,259
39798,566,3,197
22551,278,6,81
14383,279,6,99
17496,154,11,21
42716,480,11,108
10088,508,6,219
47982,662,11,209
28444,100,3,24
25734,386,8,118
42745,78,4,41
35571,93,11,38
27415,258,2,70
16389,148,7,15
28744,431,11,126
19682,334,8,118
46038,393,11,62
35310,456,4,153
8259,157,6,23
46168,474,8,122
13546,634,5,270
3154,918,9,415
9766,922,6,421
49517,28,6,102
12230,251,12,58
18765,630,2,274
6902,749,7,338
2222,984,9,462
28050,416,5,137
35269,768,5,290
10050,753,12,332
49976,699,11,221
4574,901,5,431
37497,593,1,209
12157,337,5,131
20575,526,10,201
41244,541,8,184
18945,765,3,324
15962,106,9,6
36290,798,9,301
36159,735,6,278
25852,337,4,94
31684,352,4,96
45842,379,11,84
12796,260,1,95
25450,75,10,26
35846,129,5,29
46037,68,5,68
48130,774,5,268
18504,35,12,64
46728,92,1,44
31041,903,1,387
11715,221,10,55
22803,112,12,18
4370,668,2,327
2908,52,1,13
38075,619,8,197
22134,438,12,150
45065,222,12,20
4587,570,4,266
31023,645,6,236
46153,864,8,311
3413,778,5,364
26038,874,6,381
23555,940,4,392
11952,901,6,410
4457,739,6,345
9464,331,3,131
2150,963,4,484
48305,488,6,122
33264,413,8,106
41222,828,7,323
48553,891,4,332
45349,230,3,16
33786,886,11,339
10808,590,8,264
39345,175,6,22
5081,653,12,273
40222,651,8,231
9933,828,9,372
3671,341,9,126
44739,454,10,104
48738,593,11,173
32217,689,9,251
40155,59,10,77
40601,773,1,314
20008,59,12,44
22883,472,3,176
34282,889,9,356
33974,209,4,19
34715,765,10,274
44401,34,12,115
16380,143,2,28
19212,759,1,350
29174,918,5,388
7861,299,4,120
7094,956,5,449
40113,978,11,368
47728,67,5,76
25363,208,8,19
23310,323,6,88
40300,578,3,204
6943,715,9,328
15569,124,8,2
43616,388,9,67
9793,520,4,232
39207,479,8,133
26287,266,11,38
34971,283,3,77
43351,225,5,4
48179,526,7,149
32369,549,1,191
24023,383,1,133
46885,782,3,285
24897,769,4,306
24010,359,1,125
41154,426,8,94
36899,472,2,148
21114,852,11,355
20050,896,5,403
22125,833,6,340
29558,597,11,205
45846,867,6,317
21396,984,6,427
28125,169,11,10
23580,212,1,48
39973,927,3,375
24574,166,3,10
25619,425,8,125
14869,202,6,58
1658,125,2,58
48150,255,1,39
13122,657,4,272
44827,977,1,399
14335,198,5,50
22677,451,12,148
29223,420,11,114
30814,544,8,178
19075,762,10,301
44185,559,2,175
12258,910,8,421
31527,342,8,77
11139,280,6,81
43325,631,8,208
41503,719,2,258
20514,418,7,157
21917,356,12,93
30097,319,8,75
18788,138,4,38
26061,577,9,215
10947,432,11,151
16544,599,6,243
21014,403,12,124
15795,499,3,201
33632,324,4,98
20352,702,12,276
24653,889,4,392
2579,215,1,117
32758,352,10,72
44755,39,1,78
39760,642,1,241
33818,677,4,264
7452,723,1,358
38921,452,6,132
16340,902,2,406
47668,445,1,130
48738,248,7,6
3787,543,6,261
47149,236,1,41
49357,610,12,170
16839,394,10,127
3155,55,12,20
8019,795,9,368
21614,47,6,36
27190,391,2,132
41375,105,7,59
11928,207,3,89
49425,324,7,42
9598,785,9,343
45339,441,5,125
21581,99,1,1
49974,205,5,5
45655,24,8,110
48796,577,8,155
49743,885,3,344
47607,516,4,161
14919,528,12,187
39180,633,8,210
5499,990,8,455
38677,21,7,76
49246,236,6,3
44862,556,4,176
26602,276,10,46
30692,754,9,282
41422,472,2,149
49750,443,2,123
22760,343,1,115
3920,518,11,214
25085,600,12,230
23925,216,3,60
6615,523,3,231
38083,291,4,76
46228,713,3,264
3783,978,10,441
10605,37,6,12
46557,126,9,40
45608,548,8,166
20192,144,6,21
4331,502,8,224
32856,613,8,220
3846,23,10,30
34697,646,6,222
38586,370,2,114
36030,370,5,108
13775,668,4,286
8549,818,12,340
23437,920,6,409
24958,247,2,66
25243,35,4,50
43177,829,8,305
43424,444,1,149
29984,483,3,157
37942,743,4,308
38538,265,2,72
6833,817,12,356
24386,813,2,355
35813,196,6,0
34805,562,6,210
7242,528,3,238
29704,581,8,189
43419,674,12,221
25832,583,3,224
13321,252,2,87
39930,697,5,256
33407,57,7,76
5073,510,1,242
18667,463,2,194
17035,39,2,21
7732,630,8,299
4487,746,10,353
35952,575,6,198
30425,130,4,13
47658,506,4,157
20571,108,5,16
30075,338,3,106
43185,137,12,52
6495,453,4,182
19681,937,12,389
15781,258,4,79
40865,91,7,74
9469,841,7,361
46167,924,1,358
17202,418,12,130
20928,835,3,374
11985,423,9,164
40599,694,6,255
17775,270,6,74
1968,888,4,423
11382,214,10,42
6151,591,9,246
27804,629,12,227
44586,949,3,372
33259,887,8,334
21748,886,6,383
20691,604,12,224
33020,241,2,51
44560,650,3,225
28256,201,1,38
7125,915,3,424
5370,749,4,357
5838,275,6,105
49943,927,10,346
4134,107,7,36
46459,892,3,334
44199,806,11,296
12556,511,7,204
34822,355,4,104
28977,557,1,230
21113,426,1,163
31566,652,8,216
3669,308,10,112
17081,381,7,139
13938,460,4,197
6717,49,1,17
13282,938,6,427
48659,733,11,227
43065,913,12,333
15201,567,11,222
17289,656,10,280
25406,242,7,62
32286,766,6,311
13873,143,12,11
17512,702,6,299
29927,981,8,390
24461,712,6,287
21710,234,2,72
20952,137,7,3
14448,246,10,55
16198,910,4,409
8622,463,11,183
41848,568,11,153
3402,848,3,406
37324,627,8,227
29467,651,10,240
35961,456,12,116
44007,31,12,105
21739,141,5,7
19518,566,4,247
27547,508,11,157
29936,270,4,67
21287,598,5,247
42351,501,12,121
26476,569,4,220
13875,299,3,119
11686,761,4,347
18536,356,10,112
35062,187,5,13
49216,980,12,352
26041,972,2,429
32653,347,7,79
22673,265,5,88
11367,610,9,255
20629,645,6,250
47105,320,11,38
24100,748,1,325
7654,219,9,54
26063,912,5,412
20322,519,9,176
20010,883,1,393
13693,773,2,353
10241,32,3,23
30778,385,12,98
37843,738,5,289
13651,793,6,355
26966,116,5,7
10275,90,1,26
46606,834,4,309
2658,880,6,416
29963,761,4,306
7932,376,4,146
15248,831,5,373
25437,563,8,193
40727,269,5,25
19201,273,7,98
42150,790,8,299
25355,201,6,44
15999,871,6,370
7376,993,2,476
4476,185,10,58
5366,23,5,1
49974,482,1,128
26733,164,9,5
13458,184,7,65
33795,363,2,91
21615,893,6,386
12164,124,10,4
40316,567,9,176
4024,333,12,128
30559,188,5,18
2264,539,3,252
10047,982,11,445
45985,945,10,369
7587,617,11,283
7577,455,4,200
18635,628,3,264
46564,531,1,171
4870,428,10,184
35094,455,11,130
10217,334,7,125
18602,561,8,216
1605,632,2,308
23343,598,8,235
14003,919,12,382
44257,880,9,333
33089,972,7,409
18661,82,11,26
17782,51,1,25
31029,618,4,228
14487,230,7,66
48501,482,6,137
40042,582,11,187
23065,594,8,230
11844,99,6,12
20323,362,10,115
26397,251,6,41
46957,897,10,294
18328,632,6,269
44739,148,7,43
39733,38,5,85
46389,376,12,64
30715,438,11,132
40116,978,9,391
18580,625,7,249
1823,100,1,38
27472,634,11,218
8084,900,12,376
13455,685,12,274
11607,800,9,349
17919,137,11,9
48004,873,6,315
20394,513,11,212
11819,810,8,361
12969,511,9,223
18333,894,11,381
12700,244,11,56
32792,438,2,130
34311,799,2,349
37668,156,5,25
12945,245,5,84
37992,353,12,65
47526,248,10,10
48717,342,10,45
36634,127,2,8
19630,831,10,352
42036,464,4,144
25944,936,9,388
24360,26,4,60
13813,147,1,34
5601,372,5,159
13930,286,2,116
5333,704,6,320
6399,947,1,440
18839,233,7,67
41204,266,7,22
21195,637,4,260
28848,614,9,230
24693,823,3,351
48715,393,5,88
47729,440,5,118
41854,734,8,269
37450,60,10,68
2854,736,10,344
32558,367,4,87
3985,580,1,289
44585,162,11,57
20278,160,5,21
41264,584,1,224
34326,126,3,6
20280,52,6,36
35022,219,1,43
16667,138,10,4
19065,819,3,381
49846,248,7,3
22655,649,2,274
11006,707,6,294
7283,983,7,463
42622,204,12,26
46076,849,12,283
4325,869,2,409
31783,234,11,9
4143,752,11,335
36805,149,5,18
13417,864,10,381
32300,291,12,39
27526,777,10,314
29896,654,1,272
38443,27,3,93
28606,422,1,141
40916,947,12,371
8551,598,3,269
36436,646,4,248
48680,388,12,54
3246,819,12,363
40421,636,5,220
44901,556,4,183
8649,72,4,8
42209,266,9,28
1888,356,9,145
42983,300,9,39
30424,52,11,54
42559,818,5,312
12075,567,11,243
23699,362,5,113
48972,910,2,357
10950,258,6,93
6413,511,2,230
40305,748,10,269
4569,196,5,96
2242,63,11,10
38097,323,12,56
31085,689,12,250
11487,288,5,100
19309,702,4,310
31771,752,5,294
27638,419,7,133
37163,761,10,277
22615,622,2,262
9039,941,1,447
9198,990,4,458
35354,450,7,151
4824,440,1,200
24999,150,4,16
4436,429,6,205
29014,757,6,305
41857,244,1,45
17057,162,7,15
2310,597,5,293
10819,559,6,238
49233,144,1,32
14457,231,7,62
1477,953,4,455
9906,447,3,200
10868,456,12,182
19546,611,11,254
34276,257,4,46
8319,663,9,293
34149,347,5,78
49055,831,12,275
2845,138,5,34
24684,65,8,26
30858,103,7,22
46330,813,3,300
43678,371,1,82
27667,32,12,100
26293,656,11,238
25893,856,2,370
5629,191,3,67
6704,253,11,86
2776,200,1,99
49281,70,1,72
48996,800,8,271
32236,700,8,262
2244,414,2,205
2333,952,8,437
4669,847,11,394
18584,819,2,365
49347,448,11,88
28277,293,5,81
2933,880,1,416
34514,226,9,18
42800,167,4,10
25357,319,10,100
28071,951,11,355
7827,472,2,216
31844,568,1,233
49965,692,6,238
26664,997,11,401
1792,402,8,184
40695,806,4,306
18651,966,1,437
43510,819,1,323
40137,637,6,227
48568,553,2,171
20074,252,5,65
8874,653,2,319
17676,148,9,34
40632,841,2,322
37790,748,5,278
19032,679,4,286
31885,589,11,205
12008,950,1,437
45870,256,10,5
49110,601,9,175
44878,985,3,397
6171,720,10,314
10589,773,8,339
19077,594,4,253
7710,504,11,219
21236,260,9,58
39227,976,5,396
15937,716,2,313
10754,790,8,332
26688,760,4,327
8048,242,2,94
23568,118,6,8
33047,778,1,306
10483,576,8,253
18545,930,9,408
18413,292,7,94
29913,418,9,119
46217,536,2,167
49122,449,11,87
34746,542,1,186
9709,979,7,452
26358,367,4,125
49528,929,10,345
12023,570,8,235
30851,470,3,164
29756,970,7,418
12145,61,7,22
22192,734,11,294
48259,113,10,85
19839,505,9,187
28410,536,11,189
41160,583,4,194
12447,169,10,19
22033,736,1,317
42355,831,7,297
11129,518,10,214
31358,390,12,90
14907,718,6,299
22637,504,11,170
39196,684,1,250
23369,402,9,126
30481,647,10,221
32681,680,8,244
3589,751,10,341
24560,211,4,48
4034,764,5,353
1169,855,8,405
27913,240,2,56
4239,66,6,6
4415,146,10,43
20952,822,2,364
12408,746,12,317
4484,26,11,32
19225,715,8,293
15923,135,5,23
21936,583,12,213
40612,385,10,95
20410,65,3,25
30997,412,2,143
37733,973,4,389
40952,42,8,66
22863,150,1,19
6380,146,10,33
21710,464,3,166
16285,796,1,350
28260,328,2,78
33879,727,10,256
17143,452,11,166
8413,492,7,199
32578,985,1,422
15726,67,9,18
28015,910,8,366
6983,101,1,33
20178,128,10,32
27990,282,1,78
11321,886,2,417
44829,50,2,50
37366,377,6,116
35294,587,1,224
41677,499,4,147
35737,886,7,340
42911,208,12,27
18886,24,9,33
45296,305,10,39
23791,809,3,356
9301,676,4,299
36122,413,5,123
39087,474,5,131
33993,727,2,289
48288,445,5,114
36779,46,10,79
37894,146,1,8
34381,154,7,8
15082,554,5,227
6458,350,6,145
42770,648,9,226
23300,411,3,177
3699,27,1,17
30485,632,8,242
41285,280,2,42
2019,218,2,111
33471,617,10,216
49671,759,4,280
21270,405,5,141
23615,491,1,188
14698,198,11,31
49918,469,3,126
39346,259,11,16
7729,543,8,223
40729,834,6,321
12171,765,3,351
14947,202,12,25
35725,813,7,315
20450,377,11,114
14300,395,6,138
20064,960,5,429
5441,721,8,318
46779,857,8,304
20332,746,3,321
21115,789,8,327
34869,557,10,194
22868,801,9,309
42997,101,12,69
21615,377,10,109
14615,204,3,54
15732,307,11,85
26367,81,8,49
46134,902,8,326
43738,526,12,158
46760,481,7,126
1981,49,8,18
22554,928,1,419
26319,955,3,424
17130,50,6,18
19815,312,12,79
9566,192,7,49
27329,633,7,257
7349,147,11,4
11728,105,6,6
41316,334,12,49
19375,47,12,50
22814,141,12,6
37214,270,11,34
22545,592,4,250
46588,422,5,110
19953,702,9,278
